MODALIDADE;LICENÇA;TIPO_TERMO;NRO_TERMO;TIPO_ATUACAO
ESCOLAR;3300;Termo Permissão;3850;TITULAR
ESCOLAR;3400;Termo Permissão;3850;TITULAR
ESCOLAR;3600;Termo Permissão;3850;TITULAR
ESCOLAR;3800;Termo Permissão;3450;TITULAR
ESCOLAR;3900;Termo Permissão;3450;TITULAR
ESCOLAR;4400;Termo Permissão;3660;TITULAR
ESCOLAR;4600;Termo Permissão;3660;TITULAR
ESCOLAR;7800;Termo Permissão;2200;TITULAR
ESCOLAR;8400;Termo Permissão;1560;TITULAR
ESCOLAR;9000;Termo Permissão;1560;TITULAR
ESCOLAR;9400;Termo Permissão;3060;TITULAR
ESCOLAR;9500;Termo Permissão;3060;TITULAR
ESCOLAR;9600;Termo Permissão;3060;TITULAR
ESCOLAR;9700;Termo Permissão;3060;TITULAR
ESCOLAR;9800;Termo Permissão;3060;TITULAR
ESCOLAR;9900;Termo Permissão;3060;TITULAR
ESCOLAR;10000;Termo Permissão;3060;TITULAR
ESCOLAR;10100;Termo Permissão;3060;TITULAR
ESCOLAR;10200;Termo Permissão;3060;TITULAR
ESCOLAR;10300;Termo Permissão;3060;TITULAR
ESCOLAR;10400;Termo Permissão;3060;TITULAR
ESCOLAR;10500;Termo Permissão;3060;TITULAR
ESCOLAR;10600;Termo Permissão;3060;TITULAR
ESCOLAR;10700;Termo Permissão;3060;TITULAR
ESCOLAR;10800;Termo Permissão;3060;TITULAR
ESCOLAR;10900;Termo Permissão;3060;TITULAR
ESCOLAR;11000;Termo Permissão;3060;TITULAR
ESCOLAR;11200;Termo Permissão;3060;TITULAR
ESCOLAR;11400;Termo Permissão;3060;TITULAR
ESCOLAR;11800;Termo Permissão;3060;TITULAR
ESCOLAR;11900;Termo Permissão;3060;TITULAR
ESCOLAR;12000;Termo Permissão;3060;TITULAR
ESCOLAR;12600;Termo Permissão;1560;TITULAR
ESCOLAR;18200;Termo Permissão;2090;TITULAR
ESCOLAR;19300;Termo Permissão;2480;TITULAR
ESCOLAR;22000;Termo Permissão;2690;TITULAR
ESCOLAR;23000;Termo Permissão;3190;TITULAR
ESCOLAR;32300;Termo Permissão;1520;TITULAR
ESCOLAR;32500;Termo Permissão;1520;TITULAR
ESCOLAR;32600;Termo Permissão;1520;TITULAR
ESCOLAR;32700;Termo Permissão;1520;TITULAR
ESCOLAR;32800;Termo Permissão;1520;TITULAR
ESCOLAR;32900;Termo Permissão;1520;TITULAR
ESCOLAR;34600;Termo Permissão;1290;TITULAR
ESCOLAR;35200;Termo Permissão;1520;TITULAR
ESCOLAR;35300;Termo Permissão;1520;TITULAR
ESCOLAR;35400;Termo Permissão;1520;TITULAR
ESCOLAR;35500;Termo Permissão;1520;TITULAR
ESCOLAR;43300;Termo Permissão;1110;TITULAR
ESCOLAR;43400;Termo Permissão;1110;TITULAR
ESCOLAR;46700;Termo Permissão;2290;TITULAR
ESCOLAR;48900;Termo Permissão;4470;TITULAR
ESCOLAR;52100;Termo Permissão;1810;TITULAR
ESCOLAR;53900;Termo Permissão;2870;TITULAR
ESCOLAR;56500;Termo Permissão;1460;TITULAR
ESCOLAR;56600;Termo Permissão;1460;TITULAR
ESCOLAR;56700;Termo Permissão;1460;TITULAR
ESCOLAR;56800;Termo Permissão;1460;TITULAR
ESCOLAR;56900;Termo Permissão;1460;TITULAR
ESCOLAR;57000;Termo Permissão;1460;TITULAR
ESCOLAR;60100;Termo Permissão;4490;TITULAR
ESCOLAR;60300;Termo Permissão;4490;TITULAR
ESCOLAR;64700;Termo Permissão;1540;TITULAR
ESCOLAR;69100;Termo Permissão;4360;TITULAR
ESCOLAR;71200;Termo Permissão;4430;TITULAR
ESCOLAR;72600;Termo Permissão;1720;TITULAR
ESCOLAR;74300;Termo Permissão;1050;TITULAR
ESCOLAR;74800;Termo Permissão;1950;TITULAR
ESCOLAR;76000;Termo Permissão;3840;TITULAR
ESCOLAR;76100;Termo Permissão;3950;TITULAR
ESCOLAR;76400;Termo Permissão;3840;TITULAR
ESCOLAR;76500;Termo Permissão;3840;TITULAR
ESCOLAR;77500;Termo Permissão;3710;TITULAR
ESCOLAR;79000;Termo Permissão;2070;TITULAR
ESCOLAR;81700;Termo Permissão;3810;TITULAR
ESCOLAR;83600;Termo Permissão;1280;TITULAR
ESCOLAR;89000;Termo Permissão;3840;TITULAR
ESCOLAR;90100;Termo Permissão;1500;TITULAR
ESCOLAR;90200;Termo Permissão;1500;TITULAR
ESCOLAR;90300;Termo Permissão;1500;TITULAR
ESCOLAR;91900;Termo Permissão;3080;TITULAR
ESCOLAR;94400;Termo Permissão;2610;TITULAR
ESCOLAR;95400;Termo Permissão;4050;TITULAR
ESCOLAR;95600;Termo Permissão;3060;TITULAR
ESCOLAR;95800;Termo Permissão;2020;TITULAR
ESCOLAR;98100;Termo Permissão;1210;TITULAR
ESCOLAR;99600;Termo Permissão;2780;TITULAR
ESCOLAR;102200;Termo Permissão;3470;TITULAR
ESCOLAR;102300;Termo Permissão;3470;TITULAR
ESCOLAR;103900;Termo Permissão;3030;TITULAR
ESCOLAR;107500;Termo Permissão;4180;TITULAR
ESCOLAR;108400;Termo Permissão;3030;TITULAR
ESCOLAR;114400;Termo Permissão;3830;TITULAR
ESCOLAR;115700;Termo Permissão;3310;TITULAR
ESCOLAR;121500;Termo Permissão;1570;TITULAR
ESCOLAR;125300;Termo Permissão;1410;TITULAR
ESCOLAR;126200;Termo Permissão;4330;TITULAR
ESCOLAR;131200;Termo Permissão;3630;TITULAR
ESCOLAR;131800;Termo Permissão;1210;TITULAR
ESCOLAR;139900;Termo Permissão;4230;TITULAR
ESCOLAR;142700;Termo Permissão;3030;TITULAR
ESCOLAR;143600;Termo Permissão;1760;TITULAR
ESCOLAR;147900;Termo Permissão;4450;TITULAR
ESCOLAR;151600;Termo Permissão;4620;TITULAR
ESCOLAR;152100;Termo Permissão;4690;TITULAR
ESCOLAR;152800;Termo Permissão;4680;TITULAR
ESCOLAR;154300;Termo Permissão;4250;TITULAR
ESCOLAR;156300;Termo Permissão;1110;TITULAR
ESCOLAR;157600;Termo Permissão;3150;TITULAR
ESCOLAR;157700;Termo Permissão;3150;TITULAR
ESCOLAR;157800;Termo Permissão;3150;TITULAR
ESCOLAR;157900;Termo Permissão;3150;TITULAR
ESCOLAR;158000;Termo Permissão;3150;TITULAR
ESCOLAR;158100;Termo Permissão;3150;TITULAR
ESCOLAR;158200;Termo Permissão;3150;TITULAR
ESCOLAR;158300;Termo Permissão;3150;TITULAR
ESCOLAR;158400;Termo Permissão;3150;TITULAR
ESCOLAR;158800;Termo Permissão;3150;TITULAR
ESCOLAR;160300;Termo Permissão;3030;TITULAR
ESCOLAR;161900;Termo Permissão;1350;TITULAR
ESCOLAR;165000;Termo Permissão;2100;TITULAR
ESCOLAR;168400;Termo Permissão;1530;TITULAR
ESCOLAR;168900;Termo Permissão;4590;TITULAR
ESCOLAR;170300;Termo Permissão;2270;TITULAR
ESCOLAR;171800;Termo Permissão;4680;TITULAR
ESCOLAR;172200;Termo Permissão;3590;TITULAR
ESCOLAR;172300;Termo Permissão;3590;TITULAR
ESCOLAR;172700;Termo Permissão;3590;TITULAR
ESCOLAR;173200;Termo Permissão;2350;TITULAR
ESCOLAR;180800;Termo Permissão;1790;TITULAR
ESCOLAR;186600;Termo Permissão;1760;TITULAR
ESCOLAR;188200;Termo Permissão;2230;TITULAR
ESCOLAR;189200;Termo Permissão;4510;TITULAR
ESCOLAR;189300;Termo Permissão;1670;TITULAR
ESCOLAR;193500;Termo Permissão;3720;TITULAR
ESCOLAR;193600;Termo Permissão;3720;TITULAR
ESCOLAR;194000;Termo Permissão;3190;TITULAR
ESCOLAR;194400;Termo Permissão;1230;TITULAR
ESCOLAR;194800;Termo Permissão;3490;TITULAR
ESCOLAR;196600;Termo Permissão;4340;TITULAR
ESCOLAR;198700;Termo Permissão;3310;TITULAR
ESCOLAR;199100;Termo Permissão;3660;TITULAR
ESCOLAR;200200;Termo Permissão;3370;TITULAR
ESCOLAR;200300;Termo Permissão;3370;TITULAR
ESCOLAR;200400;Termo Permissão;3060;TITULAR
ESCOLAR;201300;Termo Permissão;4480;TITULAR
ESCOLAR;201500;Termo Permissão;1460;TITULAR
ESCOLAR;205100;Termo Permissão;3370;TITULAR
ESCOLAR;208100;Termo Permissão;1370;TITULAR
ESCOLAR;208200;Termo Permissão;2830;TITULAR
ESCOLAR;210300;Termo Permissão;3740;TITULAR
ESCOLAR;211500;Termo Permissão;1520;TITULAR
ESCOLAR;213600;Termo Permissão;3880;TITULAR
ESCOLAR;221500;Termo Permissão;3940;TITULAR
ESCOLAR;226500;Termo Permissão;2810;TITULAR
ESCOLAR;228100;Termo Permissão;2080;TITULAR
ESCOLAR;229700;Termo Permissão;1340;TITULAR
ESCOLAR;229800;Termo Permissão;1340;TITULAR
ESCOLAR;229900;Termo Permissão;1340;TITULAR
ESCOLAR;230000;Termo Permissão;1340;TITULAR
ESCOLAR;230100;Termo Permissão;1340;TITULAR
ESCOLAR;230200;Termo Permissão;1340;TITULAR
ESCOLAR;230400;Termo Permissão;1530;TITULAR
ESCOLAR;231600;Termo Permissão;2730;TITULAR
ESCOLAR;234100;Termo Permissão;3970;TITULAR
ESCOLAR;235800;Termo Permissão;2240;TITULAR
ESCOLAR;235900;Termo Permissão;2240;TITULAR
ESCOLAR;236200;Termo Permissão;1990;TITULAR
ESCOLAR;242000;Termo Permissão;1020;TITULAR
ESCOLAR;248300;Termo Permissão;3180;TITULAR
ESCOLAR;248400;Termo Permissão;3180;TITULAR
ESCOLAR;251200;Termo Permissão;4440;TITULAR
ESCOLAR;252800;Termo Permissão;4480;TITULAR
ESCOLAR;257600;Termo Permissão;3920;TITULAR
ESCOLAR;258100;Termo Permissão;3990;TITULAR
ESCOLAR;259200;Termo Permissão;3630;TITULAR
ESCOLAR;264200;Termo Permissão;3060;TITULAR
ESCOLAR;269000;Termo Permissão;4700;TITULAR
ESCOLAR;270900;Termo Permissão;4570;TITULAR
ESCOLAR;271600;Termo Permissão;2780;TITULAR
ESCOLAR;273700;Termo Permissão;2310;TITULAR
ESCOLAR;274000;Termo Permissão;2260;TITULAR
ESCOLAR;274800;Termo Permissão;2260;TITULAR
ESCOLAR;275000;Termo Permissão;2210;TITULAR
ESCOLAR;275200;Termo Permissão;1930;TITULAR
ESCOLAR;277200;Termo Permissão;4390;TITULAR
ESCOLAR;282200;Termo Permissão;3420;TITULAR
ESCOLAR;282300;Termo Permissão;1730;TITULAR
ESCOLAR;282600;Termo Permissão;4540;TITULAR
ESCOLAR;285600;Termo Permissão;4570;TITULAR
ESCOLAR;286400;Termo Permissão;2130;TITULAR
ESCOLAR;286700;Termo Permissão;2460;TITULAR
ESCOLAR;288300;Termo Permissão;4470;TITULAR
ESCOLAR;290200;Termo Permissão;1960;TITULAR
ESCOLAR;293300;Termo Permissão;4280;TITULAR
ESCOLAR;296200;Termo Permissão;1770;TITULAR
ESCOLAR;297900;Termo Permissão;1890;TITULAR
ESCOLAR;298000;Termo Permissão;1890;TITULAR
ESCOLAR;298100;Termo Permissão;1890;TITULAR
ESCOLAR;300100;Termo Permissão;3520;TITULAR
ESCOLAR;300800;Termo Permissão;1460;TITULAR
ESCOLAR;302200;Termo Permissão;2390;TITULAR
ESCOLAR;305200;Termo Permissão;4680;TITULAR
ESCOLAR;306400;Termo Permissão;4210;TITULAR
ESCOLAR;311300;Termo Permissão;2800;TITULAR
ESCOLAR;312000;Termo Permissão;272;TITULAR
ESCOLAR;312900;Termo Permissão;3070;TITULAR
ESCOLAR;315200;Termo Permissão;1440;TITULAR
ESCOLAR;316600;Termo Permissão;4440;TITULAR
ESCOLAR;317100;Termo Permissão;2830;TITULAR
ESCOLAR;317200;Termo Permissão;3030;TITULAR
ESCOLAR;317600;Termo Permissão;4000;TITULAR
ESCOLAR;319900;Termo Permissão;3210;TITULAR
ESCOLAR;320000;Termo Permissão;4450;TITULAR
ESCOLAR;320700;Termo Permissão;2810;TITULAR
ESCOLAR;320800;Termo Permissão;1820;TITULAR
ESCOLAR;324700;Termo Permissão;1480;TITULAR
ESCOLAR;324900;Termo Permissão;1280;TITULAR
ESCOLAR;327000;Termo Permissão;1420;TITULAR
ESCOLAR;327500;Termo Permissão;1520;TITULAR
ESCOLAR;328100;Termo Permissão;1630;TITULAR
ESCOLAR;329200;Termo Permissão;1200;TITULAR
ESCOLAR;330200;Termo Permissão;3030;TITULAR
ESCOLAR;338500;Termo Permissão;1400;TITULAR
ESCOLAR;341800;Termo Permissão;4110;TITULAR
ESCOLAR;344100;Termo Permissão;1970;TITULAR
ESCOLAR;345400;Termo Permissão;3710;TITULAR
ESCOLAR;347200;Termo Permissão;1060;TITULAR
ESCOLAR;347700;Termo Permissão;2330;TITULAR
ESCOLAR;353300;Termo Permissão;1650;TITULAR
ESCOLAR;353900;Termo Permissão;3020;TITULAR
ESCOLAR;357300;Termo Permissão;1190;TITULAR
ESCOLAR;359200;Termo Permissão;3470;TITULAR
ESCOLAR;360500;Termo Permissão;2300;TITULAR
ESCOLAR;362200;Termo Permissão;3550;TITULAR
ESCOLAR;364700;Termo Permissão;4843;TITULAR
ESCOLAR;367300;Termo Permissão;2170;TITULAR
ESCOLAR;368200;Termo Permissão;3230;TITULAR
ESCOLAR;369500;Termo Permissão;1020;TITULAR
ESCOLAR;369600;Termo Permissão;1020;TITULAR
ESCOLAR;369900;Termo Permissão;1020;TITULAR
ESCOLAR;370300;Termo Permissão;4843;TITULAR
ESCOLAR;370900;Termo Permissão;1410;TITULAR
ESCOLAR;372200;Termo Permissão;2300;TITULAR
ESCOLAR;373000;Termo Permissão;3550;TITULAR
ESCOLAR;373500;Termo Permissão;4050;TITULAR
ESCOLAR;375300;Termo Permissão;2320;TITULAR
ESCOLAR;381400;Termo Permissão;1020;TITULAR
ESCOLAR;386000;Termo Permissão;1410;TITULAR
ESCOLAR;386200;Termo Permissão;1480;TITULAR
ESCOLAR;386300;Termo Permissão;1480;TITULAR
ESCOLAR;386800;Termo Permissão;2140;TITULAR
ESCOLAR;388000;Termo Permissão;1660;TITULAR
ESCOLAR;391500;Termo Permissão;1580;TITULAR
ESCOLAR;394000;Termo Permissão;1260;TITULAR
ESCOLAR;395000;Termo Permissão;4340;TITULAR
ESCOLAR;400400;Termo Permissão;2480;TITULAR
ESCOLAR;402600;Termo Permissão;4540;TITULAR
ESCOLAR;403200;Termo Permissão;3130;TITULAR
ESCOLAR;403300;Termo Permissão;3130;TITULAR
ESCOLAR;403400;Termo Permissão;1930;TITULAR
ESCOLAR;403500;Termo Permissão;1950;TITULAR
ESCOLAR;405000;Termo Permissão;4490;TITULAR
ESCOLAR;405200;Termo Permissão;1410;TITULAR
ESCOLAR;405300;Termo Permissão;1530;TITULAR
ESCOLAR;406100;Termo Permissão;1360;TITULAR
ESCOLAR;407500;Termo Permissão;1830;TITULAR
ESCOLAR;407800;Termo Permissão;2180;TITULAR
ESCOLAR;410000;Termo Permissão;3520;TITULAR
ESCOLAR;411000;Termo Permissão;1480;TITULAR
ESCOLAR;411100;Termo Permissão;1480;TITULAR
ESCOLAR;413300;Termo Permissão;2620;TITULAR
ESCOLAR;414100;Termo Permissão;2910;TITULAR
ESCOLAR;414700;Termo Permissão;1300;TITULAR
ESCOLAR;418700;Termo Permissão;2190;TITULAR
ESCOLAR;420200;Termo Permissão;3890;TITULAR
ESCOLAR;420800;Termo Permissão;3780;TITULAR
ESCOLAR;421700;Termo Permissão;3950;TITULAR
ESCOLAR;423600;Termo Permissão;4310;TITULAR
ESCOLAR;423700;Termo Permissão;4310;TITULAR
ESCOLAR;426000;Termo Permissão;1450;TITULAR
ESCOLAR;426100;Termo Permissão;1250;TITULAR
ESCOLAR;426600;Termo Permissão;3370;TITULAR
ESCOLAR;427600;Termo Permissão;3370;TITULAR
ESCOLAR;429700;Termo Permissão;4680;TITULAR
ESCOLAR;435000;Termo Permissão;2240;TITULAR
ESCOLAR;436400;Termo Permissão;1100;TITULAR
ESCOLAR;437100;Termo Permissão;2620;TITULAR
ESCOLAR;437300;Termo Permissão;2620;TITULAR
ESCOLAR;438100;Termo Permissão;1840;TITULAR
ESCOLAR;438400;Termo Permissão;1900;TITULAR
ESCOLAR;438500;Termo Permissão;1900;TITULAR
ESCOLAR;438600;Termo Permissão;1900;TITULAR
ESCOLAR;438700;Termo Permissão;1900;TITULAR
ESCOLAR;438800;Termo Permissão;1900;TITULAR
ESCOLAR;438900;Termo Permissão;1900;TITULAR
ESCOLAR;439100;Termo Permissão;1930;TITULAR
ESCOLAR;442500;Termo Permissão;1520;TITULAR
ESCOLAR;443600;Termo Permissão;1790;TITULAR
ESCOLAR;447700;Termo Permissão;1560;TITULAR
ESCOLAR;453400;Termo Permissão;3580;TITULAR
ESCOLAR;454400;Termo Permissão;2030;TITULAR
ESCOLAR;455100;Termo Permissão;4450;TITULAR
ESCOLAR;455700;Termo Permissão;4130;TITULAR
ESCOLAR;457100;Termo Permissão;1740;TITULAR
ESCOLAR;457700;Termo Permissão;2650;TITULAR
ESCOLAR;460000;Termo Permissão;1560;TITULAR
ESCOLAR;462100;Termo Permissão;2910;TITULAR
ESCOLAR;462900;Termo Permissão;2180;TITULAR
ESCOLAR;464800;Termo Permissão;1980;TITULAR
ESCOLAR;464900;Termo Permissão;1860;TITULAR
ESCOLAR;465400;Termo Permissão;2710;TITULAR
ESCOLAR;468500;Termo Permissão;1110;TITULAR
ESCOLAR;471400;Termo Permissão;3590;TITULAR
ESCOLAR;471500;Termo Permissão;3590;TITULAR
ESCOLAR;471600;Termo Permissão;3590;TITULAR
ESCOLAR;471700;Termo Permissão;3590;TITULAR
ESCOLAR;471800;Termo Permissão;3590;TITULAR
ESCOLAR;472000;Termo Permissão;3590;TITULAR
ESCOLAR;472100;Termo Permissão;3590;TITULAR
ESCOLAR;473800;Termo Permissão;3960;TITULAR
ESCOLAR;473900;Termo Permissão;3960;TITULAR
ESCOLAR;474800;Termo Permissão;1430;TITULAR
ESCOLAR;475300;Termo Permissão;3060;TITULAR
ESCOLAR;478700;Termo Permissão;1890;TITULAR
ESCOLAR;478800;Termo Permissão;1170;TITULAR
ESCOLAR;479700;Termo Permissão;4540;TITULAR
ESCOLAR;480300;Termo Permissão;3980;TITULAR
ESCOLAR;483000;Termo Permissão;3040;TITULAR
ESCOLAR;484800;Termo Permissão;4110;TITULAR
ESCOLAR;487500;Termo Permissão;1710;TITULAR
ESCOLAR;487800;Termo Permissão;4580;TITULAR
ESCOLAR;488000;Termo Permissão;3890;TITULAR
ESCOLAR;489300;Termo Permissão;2460;TITULAR
ESCOLAR;489800;Termo Permissão;3530;TITULAR
ESCOLAR;490500;Termo Permissão;4680;TITULAR
ESCOLAR;491600;Termo Permissão;3830;TITULAR
ESCOLAR;491700;Termo Permissão;2470;TITULAR
ESCOLAR;492200;Termo Permissão;1890;TITULAR
ESCOLAR;492400;Termo Permissão;1790;TITULAR
ESCOLAR;493900;Termo Permissão;4080;TITULAR
ESCOLAR;494000;Termo Permissão;4080;TITULAR
ESCOLAR;495000;Termo Permissão;1950;TITULAR
ESCOLAR;496500;Termo Permissão;1240;TITULAR
ESCOLAR;499800;Termo Permissão;1070;TITULAR
ESCOLAR;500300;Termo Permissão;1480;TITULAR
ESCOLAR;500900;Termo Permissão;4130;TITULAR
ESCOLAR;501900;Termo Permissão;4110;TITULAR
ESCOLAR;503300;Termo Permissão;6742;TITULAR
ESCOLAR;503700;Termo Permissão;1610;TITULAR
ESCOLAR;503800;Termo Permissão;1040;TITULAR
ESCOLAR;503900;Termo Permissão;1040;TITULAR
ESCOLAR;504000;Termo Permissão;1040;TITULAR
ESCOLAR;505900;Termo Permissão;1110;TITULAR
ESCOLAR;506200;Termo Permissão;2000;TITULAR
ESCOLAR;506500;Termo Permissão;2440;TITULAR
ESCOLAR;507100;Termo Permissão;2540;TITULAR
ESCOLAR;507400;Termo Permissão;2210;TITULAR
ESCOLAR;507600;Termo Permissão;2470;TITULAR
ESCOLAR;507700;Termo Permissão;2050;TITULAR
ESCOLAR;507800;Termo Permissão;2400;TITULAR
ESCOLAR;508700;Termo Permissão;1050;TITULAR
ESCOLAR;509300;Termo Permissão;2120;TITULAR
ESCOLAR;510200;Termo Permissão;1890;TITULAR
ESCOLAR;511000;Termo Permissão;1890;TITULAR
ESCOLAR;511600;Termo Permissão;2420;TITULAR
ESCOLAR;512000;Termo Permissão;4200;TITULAR
ESCOLAR;514400;Termo Permissão;3530;TITULAR
ESCOLAR;515000;Termo Permissão;1710;TITULAR
ESCOLAR;515100;Termo Permissão;1480;TITULAR
ESCOLAR;515200;Termo Permissão;1480;TITULAR
ESCOLAR;516600;Termo Permissão;2920;TITULAR
ESCOLAR;517400;Termo Permissão;4680;TITULAR
ESCOLAR;517500;Termo Permissão;4680;TITULAR
ESCOLAR;518900;Termo Permissão;1180;TITULAR
ESCOLAR;519100;Termo Permissão;1180;TITULAR
ESCOLAR;519400;Termo Permissão;4490;TITULAR
ESCOLAR;519600;Termo Permissão;2780;TITULAR
ESCOLAR;520900;Termo Permissão;1310;TITULAR
ESCOLAR;521900;Termo Permissão;3530;TITULAR
ESCOLAR;522600;Termo Permissão;3940;TITULAR
ESCOLAR;524100;Termo Permissão;4330;TITULAR
ESCOLAR;524200;Termo Permissão;1930;TITULAR
ESCOLAR;524500;Termo Permissão;2330;TITULAR
ESCOLAR;524700;Termo Permissão;2330;TITULAR
ESCOLAR;524800;Termo Permissão;2330;TITULAR
ESCOLAR;525100;Termo Permissão;2090;TITULAR
ESCOLAR;525500;Termo Permissão;3230;TITULAR
ESCOLAR;528200;Termo Permissão;1910;TITULAR
ESCOLAR;530000;Termo Permissão;3390;TITULAR
ESCOLAR;530100;Termo Permissão;3390;TITULAR
ESCOLAR;530200;Termo Permissão;3390;TITULAR
ESCOLAR;531600;Termo Permissão;3390;TITULAR
ESCOLAR;536000;Termo Permissão;2420;TITULAR
ESCOLAR;536400;Termo Permissão;3070;TITULAR
ESCOLAR;536500;Termo Permissão;3070;TITULAR
ESCOLAR;537300;Termo Permissão;2180;TITULAR
ESCOLAR;538100;Termo Permissão;1110;TITULAR
ESCOLAR;539900;Termo Permissão;2100;TITULAR
ESCOLAR;540000;Termo Permissão;2100;TITULAR
ESCOLAR;540600;Termo Permissão;3380;TITULAR
ESCOLAR;540700;Termo Permissão;3380;TITULAR
ESCOLAR;543400;Termo Permissão;3520;TITULAR
ESCOLAR;545900;Termo Permissão;2560;TITULAR
ESCOLAR;546400;Termo Permissão;2680;TITULAR
ESCOLAR;548800;Termo Permissão;1640;TITULAR
ESCOLAR;549500;Termo Permissão;4590;TITULAR
ESCOLAR;549800;Termo Permissão;2330;TITULAR
ESCOLAR;549900;Termo Permissão;2330;TITULAR
ESCOLAR;551600;Termo Permissão;1930;TITULAR
ESCOLAR;552300;Termo Permissão;4490;TITULAR
ESCOLAR;554400;Termo Permissão;3590;TITULAR
ESCOLAR;555600;Termo Permissão;2010;TITULAR
ESCOLAR;556600;Termo Permissão;2840;TITULAR
ESCOLAR;557000;Termo Permissão;4190;TITULAR
ESCOLAR;557100;Termo Permissão;4190;TITULAR
ESCOLAR;557200;Termo Permissão;4190;TITULAR
ESCOLAR;559200;Termo Permissão;1380;TITULAR
ESCOLAR;559300;Termo Permissão;1380;TITULAR
ESCOLAR;559400;Termo Permissão;1020;TITULAR
ESCOLAR;561700;Termo Permissão;2730;TITULAR
ESCOLAR;561800;Termo Permissão;2730;TITULAR
ESCOLAR;561900;Termo Permissão;2730;TITULAR
ESCOLAR;563500;Termo Permissão;3590;TITULAR
ESCOLAR;563600;Termo Permissão;3590;TITULAR
ESCOLAR;564300;Termo Permissão;1550;TITULAR
ESCOLAR;566000;Termo Permissão;4220;TITULAR
ESCOLAR;566100;Termo Permissão;3220;TITULAR
ESCOLAR;566200;Termo Permissão;3220;TITULAR
ESCOLAR;568200;Termo Permissão;1380;TITULAR
ESCOLAR;569500;Termo Permissão;3620;TITULAR
ESCOLAR;570200;Termo Permissão;3060;TITULAR
ESCOLAR;570300;Termo Permissão;3060;TITULAR
ESCOLAR;571000;Termo Permissão;2180;TITULAR
ESCOLAR;573100;Termo Permissão;1510;TITULAR
ESCOLAR;574500;Termo Permissão;3540;TITULAR
ESCOLAR;574600;Termo Permissão;2070;TITULAR
ESCOLAR;575200;Termo Permissão;1110;TITULAR
ESCOLAR;575400;Termo Permissão;3060;TITULAR
ESCOLAR;575500;Termo Permissão;3060;TITULAR
ESCOLAR;575700;Termo Permissão;2040;TITULAR
ESCOLAR;577500;Termo Permissão;3500;TITULAR
ESCOLAR;577600;Termo Permissão;3500;TITULAR
ESCOLAR;580400;Termo Permissão;4080;TITULAR
ESCOLAR;585100;Termo Permissão;4460;TITULAR
ESCOLAR;586400;Termo Permissão;4570;TITULAR
ESCOLAR;586500;Termo Permissão;2920;TITULAR
ESCOLAR;587800;Termo Permissão;1800;TITULAR
ESCOLAR;587900;Termo Permissão;1800;TITULAR
ESCOLAR;590000;Termo Permissão;2290;TITULAR
ESCOLAR;590400;Termo Permissão;1700;TITULAR
ESCOLAR;591100;Termo Permissão;1080;TITULAR
ESCOLAR;591300;Termo Permissão;3520;TITULAR
ESCOLAR;591600;Termo Permissão;3600;TITULAR
ESCOLAR;591700;Termo Permissão;3600;TITULAR
ESCOLAR;592400;Termo Permissão;3060;TITULAR
ESCOLAR;593900;Termo Permissão;3440;TITULAR
ESCOLAR;594100;Termo Permissão;4110;TITULAR
ESCOLAR;597100;Termo Permissão;3800;TITULAR
ESCOLAR;602200;Termo Permissão;3000;TITULAR
ESCOLAR;602400;Termo Permissão;2210;TITULAR
ESCOLAR;604100;Termo Permissão;4450;TITULAR
ESCOLAR;605000;Termo Permissão;4130;TITULAR
ESCOLAR;605200;Termo Permissão;2880;TITULAR
ESCOLAR;605300;Termo Permissão;2960;TITULAR
ESCOLAR;606700;Termo Permissão;1550;TITULAR
ESCOLAR;608200;Termo Permissão;1550;TITULAR
ESCOLAR;608900;Termo Permissão;4140;TITULAR
ESCOLAR;612300;Termo Permissão;1040;TITULAR
ESCOLAR;613500;Termo Permissão;4290;TITULAR
ESCOLAR;616300;Termo Permissão;3790;TITULAR
ESCOLAR;616700;Termo Permissão;2550;TITULAR
ESCOLAR;616900;Termo Permissão;1590;TITULAR
ESCOLAR;618200;Termo Permissão;4460;TITULAR
ESCOLAR;618500;Termo Permissão;4010;TITULAR
ESCOLAR;618600;Termo Permissão;4010;TITULAR
ESCOLAR;619000;Termo Permissão;1560;TITULAR
ESCOLAR;619300;Termo Permissão;2980;TITULAR
ESCOLAR;619500;Termo Permissão;2680;TITULAR
ESCOLAR;620700;Termo Permissão;4010;TITULAR
ESCOLAR;621700;Termo Permissão;3070;TITULAR
ESCOLAR;621800;Termo Permissão;3070;TITULAR
ESCOLAR;622400;Termo Permissão;4100;TITULAR
ESCOLAR;622600;Termo Permissão;1210;TITULAR
ESCOLAR;623700;Termo Permissão;1420;TITULAR
ESCOLAR;623800;Termo Permissão;4100;TITULAR
ESCOLAR;624200;Termo Permissão;3370;TITULAR
ESCOLAR;624600;Termo Permissão;3600;TITULAR
ESCOLAR;625100;Termo Permissão;1020;TITULAR
ESCOLAR;625900;Termo Permissão;2630;TITULAR
ESCOLAR;626000;Termo Permissão;2630;TITULAR
ESCOLAR;627200;Termo Permissão;1510;TITULAR
ESCOLAR;627300;Termo Permissão;2890;TITULAR
ESCOLAR;627500;Termo Permissão;1930;TITULAR
ESCOLAR;627600;Termo Permissão;4440;TITULAR
ESCOLAR;628200;Termo Permissão;2150;TITULAR
ESCOLAR;628400;Termo Permissão;3100;TITULAR
ESCOLAR;629400;Termo Permissão;4110;TITULAR
ESCOLAR;629500;Termo Permissão;2020;TITULAR
ESCOLAR;629600;Termo Permissão;3060;TITULAR
ESCOLAR;629800;Termo Permissão;2920;TITULAR
ESCOLAR;630100;Termo Permissão;1020;TITULAR
ESCOLAR;630200;Termo Permissão;1020;TITULAR
ESCOLAR;630300;Termo Permissão;1020;TITULAR
ESCOLAR;630400;Termo Permissão;1020;TITULAR
ESCOLAR;631000;Termo Permissão;2150;TITULAR
ESCOLAR;631300;Termo Permissão;3660;TITULAR
ESCOLAR;631800;Termo Permissão;2210;TITULAR
ESCOLAR;631900;Termo Permissão;2290;TITULAR
ESCOLAR;632100;Termo Permissão;1180;TITULAR
ESCOLAR;632600;Termo Permissão;2720;TITULAR
ESCOLAR;633000;Termo Permissão;3590;TITULAR
ESCOLAR;633100;Termo Permissão;3590;TITULAR
ESCOLAR;633200;Termo Permissão;3170;TITULAR
ESCOLAR;634700;Termo Permissão;2830;TITULAR
ESCOLAR;634800;Termo Permissão;3060;TITULAR
ESCOLAR;635600;Termo Permissão;3630;TITULAR
ESCOLAR;636200;Termo Permissão;4460;TITULAR
ESCOLAR;637300;Termo Permissão;3170;TITULAR
ESCOLAR;637400;Termo Permissão;3170;TITULAR
ESCOLAR;638900;Termo Permissão;2850;TITULAR
ESCOLAR;639000;Termo Permissão;1870;TITULAR
ESCOLAR;640400;Termo Permissão;1180;TITULAR
ESCOLAR;641200;Termo Permissão;2910;TITULAR
ESCOLAR;641300;Termo Permissão;4490;TITULAR
ESCOLAR;641500;Termo Permissão;4590;TITULAR
ESCOLAR;642300;Termo Permissão;4530;TITULAR
ESCOLAR;642500;Termo Permissão;3390;TITULAR
ESCOLAR;642600;Termo Permissão;3390;TITULAR
ESCOLAR;642700;Termo Permissão;3390;TITULAR
ESCOLAR;642800;Termo Permissão;3390;TITULAR
ESCOLAR;642900;Termo Permissão;3390;TITULAR
ESCOLAR;643000;Termo Permissão;3390;TITULAR
ESCOLAR;643100;Termo Permissão;3390;TITULAR
ESCOLAR;643200;Termo Permissão;3390;TITULAR
ESCOLAR;643500;Termo Permissão;1480;TITULAR
ESCOLAR;644400;Termo Permissão;2950;TITULAR
ESCOLAR;645800;Termo Permissão;2580;TITULAR
ESCOLAR;646000;Termo Permissão;2580;TITULAR
ESCOLAR;646100;Termo Permissão;2580;TITULAR
ESCOLAR;647100;Termo Permissão;2860;TITULAR
ESCOLAR;647400;Termo Permissão;272;TITULAR
ESCOLAR;649600;Termo Permissão;1720;TITULAR
ESCOLAR;652000;Termo Permissão;1560;TITULAR
ESCOLAR;654600;Termo Permissão;3660;TITULAR
ESCOLAR;655800;Termo Permissão;2320;TITULAR
ESCOLAR;656700;Termo Permissão;3570;TITULAR
ESCOLAR;656800;Termo Permissão;3570;TITULAR
ESCOLAR;658600;Termo Permissão;2350;TITULAR
ESCOLAR;662400;Termo Permissão;1550;TITULAR
ESCOLAR;662500;Termo Permissão;1550;TITULAR
ESCOLAR;662600;Termo Permissão;4100;TITULAR
ESCOLAR;662800;Termo Permissão;4180;TITULAR
ESCOLAR;663000;Termo Permissão;3510;TITULAR
ESCOLAR;663600;Termo Permissão;1220;TITULAR
ESCOLAR;663700;Termo Permissão;1220;TITULAR
ESCOLAR;663800;Termo Permissão;1220;TITULAR
ESCOLAR;663900;Termo Permissão;1220;TITULAR
ESCOLAR;664000;Termo Permissão;1220;TITULAR
ESCOLAR;664200;Termo Permissão;1850;TITULAR
ESCOLAR;664600;Termo Permissão;3280;TITULAR
ESCOLAR;664700;Termo Permissão;6742;TITULAR
ESCOLAR;665000;Termo Permissão;1690;TITULAR
ESCOLAR;665700;Termo Permissão;2940;TITULAR
ESCOLAR;665800;Termo Permissão;3800;TITULAR
ESCOLAR;666200;Termo Permissão;3700;TITULAR
ESCOLAR;666900;Termo Permissão;2370;TITULAR
ESCOLAR;667500;Termo Permissão;1130;TITULAR
ESCOLAR;667800;Termo Permissão;4590;TITULAR
ESCOLAR;667900;Termo Permissão;4590;TITULAR
ESCOLAR;668000;Termo Permissão;4590;TITULAR
ESCOLAR;668100;Termo Permissão;1420;TITULAR
ESCOLAR;668400;Termo Permissão;1130;TITULAR
ESCOLAR;669100;Termo Permissão;4620;TITULAR
ESCOLAR;669400;Termo Permissão;4520;TITULAR
ESCOLAR;669500;Termo Permissão;4520;TITULAR
ESCOLAR;670500;Termo Permissão;3700;TITULAR
ESCOLAR;671000;Termo Permissão;1400;TITULAR
ESCOLAR;671200;Termo Permissão;3110;TITULAR
ESCOLAR;671500;Termo Permissão;1110;TITULAR
ESCOLAR;671600;Termo Permissão;1110;TITULAR
ESCOLAR;672800;Termo Permissão;3220;TITULAR
ESCOLAR;672900;Termo Permissão;3220;TITULAR
ESCOLAR;673000;Termo Permissão;3220;TITULAR
ESCOLAR;673100;Termo Permissão;3220;TITULAR
ESCOLAR;675500;Termo Permissão;1550;TITULAR
ESCOLAR;675800;Termo Permissão;3340;TITULAR
ESCOLAR;678500;Termo Permissão;2020;TITULAR
ESCOLAR;678600;Termo Permissão;4160;TITULAR
ESCOLAR;679700;Termo Permissão;1560;TITULAR
ESCOLAR;682400;Termo Permissão;4160;TITULAR
ESCOLAR;683100;Termo Permissão;4100;TITULAR
ESCOLAR;686900;Termo Permissão;2970;TITULAR
ESCOLAR;687600;Termo Permissão;2760;TITULAR
ESCOLAR;687700;Termo Permissão;2760;TITULAR
ESCOLAR;688000;Termo Permissão;2250;TITULAR
ESCOLAR;689300;Termo Permissão;2770;TITULAR
ESCOLAR;689700;Termo Permissão;1300;TITULAR
ESCOLAR;690000;Termo Permissão;1600;TITULAR
ESCOLAR;690600;Termo Permissão;3340;TITULAR
ESCOLAR;693300;Termo Permissão;1120;TITULAR
ESCOLAR;694100;Termo Permissão;3460;TITULAR
ESCOLAR;695900;Termo Permissão;4570;TITULAR
ESCOLAR;697700;Termo Permissão;2100;TITULAR
ESCOLAR;698800;Termo Permissão;1270;TITULAR
ESCOLAR;701200;Termo Permissão;1740;TITULAR
ESCOLAR;705400;Termo Permissão;1680;TITULAR
ESCOLAR;707000;Termo Permissão;4570;TITULAR
ESCOLAR;707500;Termo Permissão;1550;TITULAR
ESCOLAR;707600;Termo Permissão;1550;TITULAR
ESCOLAR;709500;Termo Permissão;4100;TITULAR
ESCOLAR;710000;Termo Permissão;1690;TITULAR
ESCOLAR;710600;Termo Permissão;4440;TITULAR
ESCOLAR;711300;Termo Permissão;1880;TITULAR
ESCOLAR;712000;Termo Permissão;4070;TITULAR
ESCOLAR;715500;Termo Permissão;1560;TITULAR
ESCOLAR;715700;Termo Permissão;2090;TITULAR
ESCOLAR;715800;Termo Permissão;1560;TITULAR
ESCOLAR;716300;Termo Permissão;3310;TITULAR
ESCOLAR;716500;Termo Permissão;1910;TITULAR
ESCOLAR;717500;Termo Permissão;1040;TITULAR
ESCOLAR;717600;Termo Permissão;2730;TITULAR
ESCOLAR;718600;Termo Permissão;3200;TITULAR
ESCOLAR;718900;Termo Permissão;4130;TITULAR
ESCOLAR;721800;Termo Permissão;3890;TITULAR
ESCOLAR;722400;Termo Permissão;2060;TITULAR
ESCOLAR;722500;Termo Permissão;2930;TITULAR
ESCOLAR;723300;Termo Permissão;1000;TITULAR
ESCOLAR;724900;Termo Permissão;2280;TITULAR
ESCOLAR;725600;Termo Permissão;4240;TITULAR
ESCOLAR;726600;Termo Permissão;1110;TITULAR
ESCOLAR;727900;Termo Permissão;1410;TITULAR
ESCOLAR;728000;Termo Permissão;1410;TITULAR
ESCOLAR;728100;Termo Permissão;1410;TITULAR
ESCOLAR;728400;Termo Permissão;1180;TITULAR
ESCOLAR;729300;Termo Permissão;1750;TITULAR
ESCOLAR;729600;Termo Permissão;2740;TITULAR
ESCOLAR;730200;Termo Permissão;4700;TITULAR
ESCOLAR;730300;Termo Permissão;4700;TITULAR
ESCOLAR;731400;Termo Permissão;1520;TITULAR
ESCOLAR;731500;Termo Permissão;1520;TITULAR
ESCOLAR;731600;Termo Permissão;1520;TITULAR
ESCOLAR;732000;Termo Permissão;4500;TITULAR
ESCOLAR;732700;Termo Permissão;1980;TITULAR
ESCOLAR;733100;Termo Permissão;1490;TITULAR
ESCOLAR;733700;Termo Permissão;1090;TITULAR
ESCOLAR;734600;Termo Permissão;1550;TITULAR
ESCOLAR;734700;Termo Permissão;3090;TITULAR
ESCOLAR;735300;Termo Permissão;2750;TITULAR
ESCOLAR;739200;Termo Permissão;3800;TITULAR
ESCOLAR;740300;Termo Permissão;3790;TITULAR
ESCOLAR;740800;Termo Permissão;1220;TITULAR
ESCOLAR;740900;Termo Permissão;4490;TITULAR
ESCOLAR;741100;Termo Permissão;4130;TITULAR
ESCOLAR;744100;Termo Permissão;4070;TITULAR
ESCOLAR;745000;Termo Permissão;2400;TITULAR
ESCOLAR;745200;Termo Permissão;2520;TITULAR
ESCOLAR;745800;Termo Permissão;3160;TITULAR
ESCOLAR;745900;Termo Permissão;3160;TITULAR
ESCOLAR;746000;Termo Permissão;3160;TITULAR
ESCOLAR;746300;Termo Permissão;3180;TITULAR
ESCOLAR;746600;Termo Permissão;3330;TITULAR
ESCOLAR;746700;Termo Permissão;3330;TITULAR
ESCOLAR;749100;Termo Permissão;1420;TITULAR
ESCOLAR;749400;Termo Permissão;4260;TITULAR
ESCOLAR;750500;Termo Permissão;3320;TITULAR
ESCOLAR;751500;Termo Permissão;4720;TITULAR
ESCOLAR;751700;Termo Permissão;4720;TITULAR
ESCOLAR;751800;Termo Permissão;4720;TITULAR
ESCOLAR;751900;Termo Permissão;4720;TITULAR
ESCOLAR;752800;Termo Permissão;2050;TITULAR
ESCOLAR;753400;Termo Permissão;1010;TITULAR
ESCOLAR;753500;Termo Permissão;1650;TITULAR
ESCOLAR;755300;Termo Permissão;3390;TITULAR
ESCOLAR;755800;Termo Permissão;3700;TITULAR
ESCOLAR;756300;Termo Permissão;4610;TITULAR
ESCOLAR;759600;Termo Permissão;2510;TITULAR
ESCOLAR;762200;Termo Permissão;1210;TITULAR
ESCOLAR;762300;Termo Permissão;1210;TITULAR
ESCOLAR;763300;Termo Permissão;2360;TITULAR
ESCOLAR;763700;Termo Permissão;4060;TITULAR
ESCOLAR;764500;Termo Permissão;2520;TITULAR
ESCOLAR;766000;Termo Permissão;2160;TITULAR
ESCOLAR;766100;Termo Permissão;2160;TITULAR
ESCOLAR;766200;Termo Permissão;2160;TITULAR
ESCOLAR;767000;Termo Permissão;3610;TITULAR
ESCOLAR;767800;Termo Permissão;4680;TITULAR
ESCOLAR;768600;Termo Permissão;2460;TITULAR
ESCOLAR;769500;Termo Permissão;3100;TITULAR
ESCOLAR;770700;Termo Permissão;4040;TITULAR
ESCOLAR;771700;Termo Permissão;3100;TITULAR
ESCOLAR;772600;Termo Permissão;1800;TITULAR
ESCOLAR;775700;Termo Permissão;1510;TITULAR
ESCOLAR;776400;Termo Permissão;1320;TITULAR
ESCOLAR;776700;Termo Permissão;3010;TITULAR
ESCOLAR;777100;Termo Permissão;3640;TITULAR
ESCOLAR;777900;Termo Permissão;2700;TITULAR
ESCOLAR;778500;Termo Permissão;3650;TITULAR
ESCOLAR;778700;Termo Permissão;2300;TITULAR
ESCOLAR;778800;Termo Permissão;2300;TITULAR
ESCOLAR;781000;Termo Permissão;3690;TITULAR
ESCOLAR;782700;Termo Permissão;1230;TITULAR
ESCOLAR;783300;Termo Permissão;2280;TITULAR
ESCOLAR;784300;Termo Permissão;4680;TITULAR
ESCOLAR;784500;Termo Permissão;2370;TITULAR
ESCOLAR;785000;Termo Permissão;4060;TITULAR
ESCOLAR;786500;Termo Permissão;2900;TITULAR
ESCOLAR;788200;Termo Permissão;1800;TITULAR
ESCOLAR;788400;Termo Permissão;1150;TITULAR
ESCOLAR;789000;Termo Permissão;4080;TITULAR
ESCOLAR;789100;Termo Permissão;4080;TITULAR
ESCOLAR;791600;Termo Permissão;4440;TITULAR
ESCOLAR;792800;Termo Permissão;2480;TITULAR
ESCOLAR;793300;Termo Permissão;1330;TITULAR
ESCOLAR;793400;Termo Permissão;3140;TITULAR
ESCOLAR;793700;Termo Permissão;2580;TITULAR
ESCOLAR;795700;Termo Permissão;1200;TITULAR
ESCOLAR;795900;Termo Permissão;7370;TITULAR
ESCOLAR;796100;Termo Permissão;1030;TITULAR
ESCOLAR;798100;Termo Permissão;3050;TITULAR
ESCOLAR;798200;Termo Permissão;3050;TITULAR
ESCOLAR;798300;Termo Permissão;3050;TITULAR
ESCOLAR;798400;Termo Permissão;3050;TITULAR
ESCOLAR;798500;Termo Permissão;3050;TITULAR
ESCOLAR;799500;Termo Permissão;2840;TITULAR
ESCOLAR;800700;Termo Permissão;3650;TITULAR
ESCOLAR;801500;Termo Permissão;4080;TITULAR
ESCOLAR;801700;Termo Permissão;108;TITULAR
ESCOLAR;802600;Termo Permissão;3530;TITULAR
ESCOLAR;803200;Termo Permissão;1210;TITULAR
ESCOLAR;803900;Termo Permissão;2590;TITULAR
ESCOLAR;804300;Termo Permissão;1070;TITULAR
ESCOLAR;804700;Termo Permissão;2990;TITULAR
ESCOLAR;805300;Termo Permissão;1200;TITULAR
ESCOLAR;805500;Termo Permissão;1630;TITULAR
ESCOLAR;805900;Termo Permissão;4130;TITULAR
ESCOLAR;806300;Termo Permissão;4650;TITULAR
ESCOLAR;806700;Termo Permissão;4290;TITULAR
ESCOLAR;807000;Termo Permissão;1190;TITULAR
ESCOLAR;807600;Termo Permissão;3120;TITULAR
ESCOLAR;807700;Termo Permissão;4460;TITULAR
ESCOLAR;808700;Termo Permissão;2330;TITULAR
ESCOLAR;809300;Termo Permissão;2190;TITULAR
ESCOLAR;809400;Termo Permissão;2530;TITULAR
ESCOLAR;811300;Termo Permissão;3640;TITULAR
ESCOLAR;813100;Termo Permissão;7986;TITULAR
ESCOLAR;813600;Termo Permissão;1150;TITULAR
ESCOLAR;813900;Termo Permissão;4640;TITULAR
ESCOLAR;814000;Termo Permissão;2640;TITULAR
ESCOLAR;814100;Termo Permissão;2640;TITULAR
ESCOLAR;814200;Termo Permissão;2640;TITULAR
ESCOLAR;814300;Termo Permissão;2640;TITULAR
ESCOLAR;815000;Termo Permissão;1930;TITULAR
ESCOLAR;817200;Termo Permissão;4650;TITULAR
ESCOLAR;817500;Termo Permissão;5247;TITULAR
ESCOLAR;817600;Termo Permissão;5247;TITULAR
ESCOLAR;817700;Termo Permissão;5247;TITULAR
ESCOLAR;817800;Termo Permissão;5247;TITULAR
ESCOLAR;817900;Termo Permissão;5247;TITULAR
ESCOLAR;818000;Termo Permissão;5247;TITULAR
ESCOLAR;818100;Termo Permissão;5247;TITULAR
ESCOLAR;818200;Termo Permissão;5247;TITULAR
ESCOLAR;818600;Termo Permissão;1400;TITULAR
ESCOLAR;819400;Termo Permissão;3270;TITULAR
ESCOLAR;819600;Termo Permissão;3270;TITULAR
ESCOLAR;819800;Termo Permissão;3270;TITULAR
ESCOLAR;820600;Termo Permissão;2220;TITULAR
ESCOLAR;823500;Termo Permissão;4410;TITULAR
ESCOLAR;823800;Termo Permissão;2430;TITULAR
ESCOLAR;825000;Termo Permissão;2930;TITULAR
ESCOLAR;825300;Termo Permissão;5247;TITULAR
ESCOLAR;825400;Termo Permissão;5247;TITULAR
ESCOLAR;825500;Termo Permissão;5247;TITULAR
ESCOLAR;825600;Termo Permissão;1630;TITULAR
ESCOLAR;828400;Termo Permissão;1140;TITULAR
ESCOLAR;829300;Termo Permissão;4230;TITULAR
ESCOLAR;829400;Termo Permissão;3030;TITULAR
ESCOLAR;830300;Termo Permissão;2600;TITULAR
ESCOLAR;830800;Termo Permissão;1050;TITULAR
ESCOLAR;831400;Termo Permissão;1470;TITULAR
ESCOLAR;831500;Termo Permissão;3680;TITULAR
ESCOLAR;831700;Termo Permissão;4660;TITULAR
ESCOLAR;832000;Termo Permissão;1280;TITULAR
ESCOLAR;833400;Termo Permissão;2110;TITULAR
ESCOLAR;833500;Termo Permissão;1620;TITULAR
ESCOLAR;834100;Termo Permissão;2810;TITULAR
ESCOLAR;834300;Termo Permissão;3190;TITULAR
ESCOLAR;834400;Termo Permissão;3070;TITULAR
ESCOLAR;834600;Termo Permissão;2570;TITULAR
ESCOLAR;835500;Termo Permissão;3880;TITULAR
ESCOLAR;835900;Termo Permissão;2810;TITULAR
ESCOLAR;836000;Termo Permissão;4260;TITULAR
ESCOLAR;836900;Termo Permissão;4746;TITULAR
ESCOLAR;837200;Termo Permissão;3070;TITULAR
ESCOLAR;837500;Termo Permissão;1110;TITULAR
ESCOLAR;837600;Termo Permissão;3070;TITULAR
ESCOLAR;837800;Termo Permissão;3480;TITULAR
ESCOLAR;838700;Termo Permissão;1610;TITULAR
ESCOLAR;840300;Termo Permissão;4050;TITULAR
ESCOLAR;841100;Termo Permissão;3070;TITULAR
ESCOLAR;841600;Termo Permissão;1240;TITULAR
ESCOLAR;841800;Termo Permissão;3280;TITULAR
ESCOLAR;841900;Termo Permissão;4843;TITULAR
ESCOLAR;842100;Termo Permissão;1200;TITULAR
ESCOLAR;842200;Termo Permissão;3280;TITULAR
ESCOLAR;843100;Termo Permissão;3190;TITULAR
ESCOLAR;843200;Termo Permissão;4050;TITULAR
ESCOLAR;844400;Termo Permissão;3460;TITULAR
ESCOLAR;844700;Termo Permissão;2600;TITULAR
ESCOLAR;844900;Termo Permissão;7455;TITULAR
ESCOLAR;845100;Termo Permissão;3850;TITULAR
ESCOLAR;845200;Termo Permissão;3850;TITULAR
ESCOLAR;845500;Termo Permissão;7447;TITULAR
ESCOLAR;845700;Termo Permissão;2860;TITULAR
ESCOLAR;845800;Termo Permissão;2860;TITULAR
ESCOLAR;846100;Termo Permissão;2750;TITULAR
ESCOLAR;847500;Termo Permissão;5043;TITULAR
ESCOLAR;848000;Termo Permissão;1350;TITULAR
ESCOLAR;849000;Termo Permissão;2590;TITULAR
ESCOLAR;850100;Termo Permissão;7045;TITULAR
ESCOLAR;850200;Termo Permissão;1020;TITULAR
ESCOLAR;850700;Termo Permissão;1670;TITULAR
ESCOLAR;850900;Termo Permissão;3190;TITULAR
ESCOLAR;851600;Termo Permissão;2150;TITULAR
ESCOLAR;851800;Termo Permissão;2900;TITULAR
ESCOLAR;853100;Termo Permissão;3480;TITULAR
ESCOLAR;853200;Termo Permissão;3480;TITULAR
ESCOLAR;853900;Termo Permissão;1050;TITULAR
ESCOLAR;854000;Termo Permissão;5140;TITULAR
ESCOLAR;854100;Termo Permissão;5541;TITULAR
ESCOLAR;855000;Termo Permissão;5247;TITULAR
ESCOLAR;855500;Termo Permissão;2240;TITULAR
ESCOLAR;856400;Termo Permissão;6942;TITULAR
ESCOLAR;856700;Termo Permissão;2510;TITULAR
ESCOLAR;856800;Termo Permissão;2510;TITULAR
ESCOLAR;856900;Termo Permissão;2510;TITULAR
ESCOLAR;857000;Termo Permissão;2510;TITULAR
ESCOLAR;857100;Termo Permissão;2510;TITULAR
ESCOLAR;857200;Termo Permissão;2510;TITULAR
ESCOLAR;857400;Termo Permissão;5344;TITULAR
ESCOLAR;858200;Termo Permissão;1020;TITULAR
ESCOLAR;858300;Termo Permissão;1020;TITULAR
ESCOLAR;858900;Termo Permissão;6942;TITULAR
ESCOLAR;859500;Termo Permissão;1770;TITULAR
ESCOLAR;859600;Termo Permissão;5541;TITULAR
ESCOLAR;859700;Termo Permissão;5541;TITULAR
ESCOLAR;860200;Termo Permissão;5645;TITULAR
ESCOLAR;860300;Termo Permissão;5645;TITULAR
ESCOLAR;860700;Termo Permissão;3390;TITULAR
ESCOLAR;860800;Termo Permissão;1020;TITULAR
ESCOLAR;860900;Termo Permissão;5541;TITULAR
ESCOLAR;861000;Termo Permissão;5541;TITULAR
ESCOLAR;861100;Termo Permissão;1020;TITULAR
ESCOLAR;861700;Termo Permissão;6146;TITULAR
ESCOLAR;861800;Termo Permissão;5541;TITULAR
ESCOLAR;863400;Termo Permissão;4650;TITULAR
ESCOLAR;863700;Termo Permissão;4610;TITULAR
ESCOLAR;864500;Termo Permissão;3980;TITULAR
ESCOLAR;864700;Termo Permissão;5645;TITULAR
ESCOLAR;865000;Termo Permissão;4530;TITULAR
ESCOLAR;865100;Termo Permissão;5541;TITULAR
ESCOLAR;865400;Termo Permissão;4010;TITULAR
ESCOLAR;865500;Termo Permissão;4010;TITULAR
ESCOLAR;865600;Termo Permissão;4010;TITULAR
ESCOLAR;865700;Termo Permissão;5843;TITULAR
ESCOLAR;866000;Termo Permissão;5946;TITULAR
ESCOLAR;866400;Termo Permissão;5843;TITULAR
ESCOLAR;866500;Termo Permissão;1000;TITULAR
ESCOLAR;867400;Termo Permissão;3830;TITULAR
ESCOLAR;868000;Termo Permissão;3620;TITULAR
ESCOLAR;868700;Termo Permissão;2680;TITULAR
ESCOLAR;869500;Termo Permissão;1030;TITULAR
ESCOLAR;870300;Termo Permissão;1970;TITULAR
ESCOLAR;870400;Termo Permissão;2400;TITULAR
ESCOLAR;871500;Termo Permissão;6340;TITULAR
ESCOLAR;872300;Termo Permissão;3880;TITULAR
ESCOLAR;872700;Termo Permissão;6243;TITULAR
ESCOLAR;872800;Termo Permissão;6243;TITULAR
ESCOLAR;872900;Termo Permissão;1160;TITULAR
ESCOLAR;873000;Termo Permissão;6243;TITULAR
ESCOLAR;873100;Termo Permissão;6243;TITULAR
ESCOLAR;873400;Termo Permissão;3550;TITULAR
ESCOLAR;873800;Termo Permissão;1150;TITULAR
ESCOLAR;874500;Termo Permissão;6447;TITULAR
ESCOLAR;875600;Termo Permissão;3390;TITULAR
ESCOLAR;876300;Termo Permissão;2910;TITULAR
ESCOLAR;876400;Termo Permissão;2910;TITULAR
ESCOLAR;877200;Termo Permissão;2780;TITULAR
ESCOLAR;877900;Termo Permissão;3390;TITULAR
ESCOLAR;878300;Termo Permissão;1090;TITULAR
ESCOLAR;880100;Termo Permissão;7447;TITULAR
ESCOLAR;882000;Termo Permissão;4680;TITULAR
ESCOLAR;883900;Termo Permissão;4620;TITULAR
ESCOLAR;885600;Termo Permissão;4540;TITULAR
ESCOLAR;886300;Termo Permissão;7142;TITULAR
ESCOLAR;886400;Termo Permissão;1020;TITULAR
ESCOLAR;886500;Termo Permissão;4130;TITULAR
ESCOLAR;887100;Termo Permissão;2550;TITULAR
ESCOLAR;887200;Termo Permissão;1146;TITULAR
ESCOLAR;889900;Termo Permissão;1750;TITULAR
ESCOLAR;890400;Termo Permissão;1440;TITULAR
ESCOLAR;892300;Termo Permissão;3650;TITULAR
ESCOLAR;893300;Termo Permissão;1480;TITULAR
ESCOLAR;893400;Termo Permissão;1480;TITULAR
ESCOLAR;893500;Termo Permissão;1480;TITULAR
ESCOLAR;893600;Termo Permissão;3650;TITULAR
ESCOLAR;894500;Termo Permissão;1200;TITULAR
ESCOLAR;894600;Termo Permissão;3540;TITULAR
ESCOLAR;896300;Termo Permissão;2020;TITULAR
ESCOLAR;900200;Termo Permissão;2210;TITULAR
ESCOLAR;901900;Termo Permissão;3060;TITULAR
ESCOLAR;902000;Termo Permissão;3060;TITULAR
ESCOLAR;902100;Termo Permissão;3060;TITULAR
ESCOLAR;902200;Termo Permissão;3060;TITULAR
ESCOLAR;902300;Termo Permissão;3060;TITULAR
ESCOLAR;902400;Termo Permissão;3060;TITULAR
ESCOLAR;902500;Termo Permissão;3060;TITULAR
ESCOLAR;902600;Termo Permissão;3060;TITULAR
ESCOLAR;906200;Termo Permissão;7161;TITULAR
ESCOLAR;906500;Termo Permissão;4700;TITULAR
ESCOLAR;906600;Termo Permissão;4700;TITULAR
ESCOLAR;909000;Termo Permissão;7176;TITULAR
ESCOLAR;910400;Termo Permissão;3320;TITULAR
ESCOLAR;910700;Termo Permissão;1440;TITULAR
ESCOLAR;911200;Termo Permissão;1300;TITULAR
ESCOLAR;911400;Termo Permissão;2180;TITULAR
ESCOLAR;911700;Termo Permissão;4590;TITULAR
ESCOLAR;912100;Termo Permissão;1440;TITULAR
ESCOLAR;914200;Termo Permissão;4440;TITULAR
ESCOLAR;914800;Termo Permissão;2640;TITULAR
ESCOLAR;914900;Termo Permissão;1610;TITULAR
ESCOLAR;916500;Termo Permissão;7192;TITULAR
ESCOLAR;918500;Termo Permissão;3370;TITULAR
ESCOLAR;922100;Termo Permissão;7207;TITULAR
ESCOLAR;923400;Termo Permissão;1440;TITULAR
ESCOLAR;924000;Termo Permissão;3460;TITULAR
ESCOLAR;924800;Termo Permissão;1740;TITULAR
ESCOLAR;926100;Termo Permissão;7215;TITULAR
ESCOLAR;926200;Termo Permissão;1020;TITULAR
ESCOLAR;927200;Termo Permissão;7223;TITULAR
ESCOLAR;928500;Termo Permissão;4640;TITULAR
ESCOLAR;928600;Termo Permissão;4660;TITULAR
ESCOLAR;929400;Termo Permissão;7231;TITULAR
ESCOLAR;930600;Termo Permissão;1720;TITULAR
ESCOLAR;930800;Termo Permissão;1410;TITULAR
ESCOLAR;930900;Termo Permissão;1410;TITULAR
ESCOLAR;931900;Termo Permissão;7242;TITULAR
ESCOLAR;932100;Termo Permissão;2860;TITULAR
ESCOLAR;932200;Termo Permissão;1020;TITULAR
ESCOLAR;932300;Termo Permissão;1020;TITULAR
ESCOLAR;932400;Termo Permissão;1020;TITULAR
ESCOLAR;932500;Termo Permissão;1020;TITULAR
ESCOLAR;932600;Termo Permissão;1020;TITULAR
ESCOLAR;934400;Termo Permissão;2720;TITULAR
ESCOLAR;937700;Termo Permissão;7257;TITULAR
ESCOLAR;939200;Termo Permissão;3650;TITULAR
ESCOLAR;939700;Termo Permissão;7265;TITULAR
ESCOLAR;939800;Termo Permissão;7207;TITULAR
ESCOLAR;940600;Termo Permissão;7273;TITULAR
ESCOLAR;941000;Termo Permissão;2430;TITULAR
ESCOLAR;941200;Termo Permissão;2980;TITULAR
ESCOLAR;941500;Termo Permissão;7142;TITULAR
ESCOLAR;942900;Termo Permissão;1410;TITULAR
ESCOLAR;943600;Termo Permissão;7293;TITULAR
ESCOLAR;943900;Termo Permissão;4050;TITULAR
ESCOLAR;947900;Termo Permissão;4240;TITULAR
ESCOLAR;948100;Termo Permissão;1440;TITULAR
ESCOLAR;948700;Termo Permissão;1110;TITULAR
ESCOLAR;949000;Termo Permissão;5541;TITULAR
ESCOLAR;949100;Termo Permissão;1160;TITULAR
ESCOLAR;949300;Termo Permissão;4130;TITULAR
ESCOLAR;950100;Termo Permissão;1320;TITULAR
ESCOLAR;950500;Termo Permissão;5247;TITULAR
ESCOLAR;950700;Termo Permissão;7312;TITULAR
ESCOLAR;951400;Termo Permissão;2300;TITULAR
ESCOLAR;951900;Termo Permissão;3320;TITULAR
ESCOLAR;952200;Termo Permissão;5541;TITULAR
ESCOLAR;952500;Termo Permissão;7320;TITULAR
ESCOLAR;953000;Termo Permissão;7331;TITULAR
ESCOLAR;953100;Termo Permissão;4540;TITULAR
ESCOLAR;954400;Termo Permissão;1190;TITULAR
ESCOLAR;954500;Termo Permissão;7633;TITULAR
ESCOLAR;954600;Termo Permissão;7633;TITULAR
ESCOLAR;954700;Termo Permissão;5645;TITULAR
ESCOLAR;955200;Termo Permissão;3830;TITULAR
ESCOLAR;959500;Termo Permissão;5541;TITULAR
ESCOLAR;960400;Termo Permissão;2180;TITULAR
ESCOLAR;960600;Termo Permissão;280;TITULAR
ESCOLAR;961600;Termo Permissão;3480;TITULAR
ESCOLAR;961800;Termo Permissão;3190;TITULAR
ESCOLAR;962900;Termo Permissão;19;TITULAR
ESCOLAR;963000;Termo Permissão;1210;TITULAR
ESCOLAR;965400;Termo Permissão;4250;TITULAR
ESCOLAR;965500;Termo Permissão;7362;TITULAR
ESCOLAR;965800;Termo Permissão;3190;TITULAR
ESCOLAR;965900;Termo Permissão;1270;TITULAR
ESCOLAR;966200;Termo Permissão;4040;TITULAR
ESCOLAR;966500;Termo Permissão;1020;TITULAR
ESCOLAR;966900;Termo Permissão;4470;TITULAR
