MODALIDADE;LICENÇA;SITUAÇÃO;VALIDADE;CATEGORIA
ESCOLAR;1353700;ATIVO;14/01/2015;
ESCOLAR;1353800;CANCELADO;01/03/2008;
ESCOLAR;1353900;CANCELADO;15/01/2002;
ESCOLAR;1354000;CANCELADO;15/01/2002;
ESCOLAR;1354100;CANCELADO;15/01/2002;
ESCOLAR;1354200;CANCELADO;29/01/2000;
ESCOLAR;1354300;CANCELADO;15/01/2005;
ESCOLAR;1354400;CANCELADO;15/01/2005;
ESCOLAR;1354500;CANCELADO;18/01/2002;
ESCOLAR;1354600;CANCELADO;18/01/2000;
ESCOLAR;1354700;ATIVO;27/01/2015;
ESCOLAR;1354800;CANCELADO;18/01/2004;
ESCOLAR;1354900;CANCELADO;18/01/2009;
ESCOLAR;1355000;CANCELADO;29/01/2000;
ESCOLAR;1355100;ATIVO;18/01/2015;
ESCOLAR;1355200;CANCELADO;25/02/2013;
ESCOLAR;1355300;CANCELADO;29/01/2004;
ESCOLAR;1355400;ATIVO;29/01/2015;
ESCOLAR;1355500;CANCELADO;18/01/2003;
ESCOLAR;1355600;BLOQUEADO;03/02/2014;
ESCOLAR;1355700;CANCELADO;18/01/2000;
ESCOLAR;1355800;CANCELADO;18/01/2003;
ESCOLAR;1355900;CANCELADO;18/01/2005;
ESCOLAR;1356000;CANCELADO;19/01/2008;
ESCOLAR;1356100;CANCELADO;19/01/2001;
ESCOLAR;1356200;CANCELADO;19/01/2007;
ESCOLAR;1356300;CANCELADO;19/01/2001;
ESCOLAR;1356400;CANCELADO;20/01/2004;
ESCOLAR;1356500;CANCELADO;19/01/2006;
ESCOLAR;1356600;CANCELADO;27/01/2010;
ESCOLAR;1356700;ATIVO;29/01/2015;
ESCOLAR;1356800;CANCELADO;29/01/2009;
ESCOLAR;1356900;CANCELADO;19/01/2004;
ESCOLAR;1357000;CANCELADO;19/01/2006;
ESCOLAR;1357100;CANCELADO;19/01/2005;
ESCOLAR;1357200;CANCELADO;19/01/2006;
ESCOLAR;1357300;CANCELADO;19/01/2007;
ESCOLAR;1357400;ATIVO;19/01/2015;
ESCOLAR;1357500;CANCELADO;20/01/2002;
ESCOLAR;1357600;ATIVO;20/01/2015;
ESCOLAR;1357700;ATIVO;26/01/2015;
ESCOLAR;1357800;CANCELADO;20/01/2001;
ESCOLAR;1357900;CANCELADO;20/01/2004;
ESCOLAR;1358000;CANCELADO;21/01/2005;
ESCOLAR;1358100;CANCELADO;21/01/2013;
ESCOLAR;1358200;ATIVO;22/01/2015;
ESCOLAR;1358300;CANCELADO;21/01/2009;
ESCOLAR;1358400;CANCELADO;21/01/2014;
ESCOLAR;1358500;CANCELADO;21/01/2002;
ESCOLAR;1358600;CANCELADO;02/01/2005;
ESCOLAR;1358700;CANCELADO;21/01/2000;
ESCOLAR;1358900;CANCELADO;21/01/2006;
ESCOLAR;1359000;CANCELADO;21/01/2007;
ESCOLAR;1359100;CANCELADO;21/01/2008;
ESCOLAR;1359200;CANCELADO;29/01/2000;
ESCOLAR;1359300;CANCELADO;21/01/2001;
ESCOLAR;1359400;CANCELADO;21/01/2002;
ESCOLAR;1359500;CANCELADO;21/01/2000;
ESCOLAR;1359600;ATIVO;29/01/2015;
ESCOLAR;1359800;CANCELADO;27/01/2004;
ESCOLAR;1359900;CANCELADO;22/01/2003;
ESCOLAR;1360000;CANCELADO;26/01/2000;
ESCOLAR;1360100;CANCELADO;26/01/2004;
ESCOLAR;1360200;CANCELADO;27/01/2011;
ESCOLAR;1360300;CANCELADO;22/01/2000;
ESCOLAR;1360400;CANCELADO;22/01/2013;
ESCOLAR;1360500;CANCELADO;28/01/2013;
ESCOLAR;1360600;CANCELADO;22/01/2002;
ESCOLAR;1360700;CANCELADO;01/02/2000;
ESCOLAR;1360800;CANCELADO;22/01/2001;
ESCOLAR;1360900;ATIVO;22/01/2015;
ESCOLAR;1361000;ATIVO;10/02/2014;
ESCOLAR;1361100;CANCELADO;26/01/2001;
ESCOLAR;1361200;ATIVO;26/01/2015;
ESCOLAR;1361300;CANCELADO;26/01/2000;
ESCOLAR;1361400;CANCELADO;26/01/2000;
ESCOLAR;1361500;CANCELADO;28/01/2012;
ESCOLAR;1361600;CANCELADO;02/02/2004;
ESCOLAR;1361700;CANCELADO;26/01/2000;
ESCOLAR;1361900;CANCELADO;27/01/2012;
ESCOLAR;1362000;ATIVO;27/01/2015;
ESCOLAR;1362100;CANCELADO;26/01/2005;
ESCOLAR;1362200;ATIVO;27/01/2015;
ESCOLAR;1362300;CANCELADO;28/01/2002;
ESCOLAR;1362400;CANCELADO;02/02/2007;
ESCOLAR;1362500;CANCELADO;27/01/2000;
ESCOLAR;1362600;CANCELADO;27/01/2003;
ESCOLAR;1362700;CANCELADO;27/01/2013;
ESCOLAR;1362800;CANCELADO;27/01/2011;
ESCOLAR;1362900;CANCELADO;02/02/2004;
ESCOLAR;1363000;CANCELADO;27/01/2000;
ESCOLAR;1363100;CANCELADO;27/01/2000;
ESCOLAR;1363300;CANCELADO;27/01/2000;
ESCOLAR;1363400;CANCELADO;28/01/2005;
ESCOLAR;1363500;CANCELADO;27/01/2002;
ESCOLAR;1363600;CANCELADO;28/01/2002;
ESCOLAR;1363700;ATIVO;28/01/2015;
ESCOLAR;1363800;CANCELADO;29/01/2000;
ESCOLAR;1363900;ATIVO;28/01/2015;
ESCOLAR;1364000;CANCELADO;28/01/2008;
ESCOLAR;1364100;ATIVO;28/01/2014;
ESCOLAR;1364200;ATIVO;29/01/2015;
ESCOLAR;1364300;ATIVO;29/01/2015;
ESCOLAR;1364400;CANCELADO;28/01/2010;
ESCOLAR;1364500;CANCELADO;02/02/2005;
ESCOLAR;1364600;CANCELADO;28/01/2000;
ESCOLAR;1364700;CANCELADO;28/01/2007;
ESCOLAR;1364800;CANCELADO;28/01/2000;
ESCOLAR;1364900;ATIVO;28/01/2015;
ESCOLAR;1365000;CANCELADO;28/01/2002;
ESCOLAR;1365100;CANCELADO;02/01/2002;
ESCOLAR;1365200;CANCELADO;29/01/2000;
ESCOLAR;1365300;CANCELADO;29/01/2005;
ESCOLAR;1365400;CANCELADO;12/02/2001;
ESCOLAR;1365500;CANCELADO;29/01/2002;
ESCOLAR;1365600;ATIVO;29/01/2015;
ESCOLAR;1365700;CANCELADO;29/01/2011;
ESCOLAR;1365800;CANCELADO;29/01/2001;
ESCOLAR;1365900;CANCELADO;29/01/2009;
ESCOLAR;1366000;ATIVO;29/01/2015;
ESCOLAR;1366100;CANCELADO;29/01/2002;
ESCOLAR;1366200;ATIVO;29/01/2015;
ESCOLAR;1366300;ATIVO;28/01/2015;
ESCOLAR;1366400;CANCELADO;29/01/2005;
ESCOLAR;1366500;CANCELADO;22/02/2002;
ESCOLAR;1366600;CANCELADO;02/01/2004;
ESCOLAR;1366700;CANCELADO;29/01/2011;
ESCOLAR;1366800;CANCELADO;29/01/2000;
ESCOLAR;1366900;CANCELADO;29/01/2003;
ESCOLAR;1367100;CANCELADO;29/01/2006;
ESCOLAR;1367200;CANCELADO;01/02/2003;
ESCOLAR;1367300;CANCELADO;27/01/2001;
ESCOLAR;1367400;ATIVO;03/02/2015;
ESCOLAR;1367500;CANCELADO;01/02/2010;
ESCOLAR;1367600;ATIVO;01/02/2015;
ESCOLAR;1367700;CANCELADO;01/02/2008;
ESCOLAR;1367800;CANCELADO;01/02/2003;
ESCOLAR;1367900;CANCELADO;01/02/2008;
ESCOLAR;1368000;ATIVO;03/02/2015;
ESCOLAR;1368100;ATIVO;01/02/2015;
ESCOLAR;1368200;CANCELADO;02/01/2007;
ESCOLAR;1368300;CANCELADO;02/01/2005;
ESCOLAR;1368400;ATIVO;01/02/2014;
ESCOLAR;1368500;ATIVO;02/02/2015;
ESCOLAR;1368600;CANCELADO;02/02/2003;
ESCOLAR;1368700;CANCELADO;02/02/2010;
ESCOLAR;1368800;CANCELADO;03/02/2003;
ESCOLAR;1368900;CANCELADO;08/02/2000;
ESCOLAR;1369000;CANCELADO;02/02/2002;
ESCOLAR;1369100;CANCELADO;02/02/2000;
ESCOLAR;1369200;CANCELADO;03/02/2001;
ESCOLAR;1369400;ATIVO;02/02/2015;
ESCOLAR;1369500;CANCELADO;26/02/2007;
ESCOLAR;1369600;CANCELADO;02/02/2011;
ESCOLAR;1369700;CANCELADO;03/02/2000;
ESCOLAR;1369800;CANCELADO;02/02/2010;
ESCOLAR;1369900;CANCELADO;02/02/2001;
ESCOLAR;1370100;ATIVO;02/02/2015;
ESCOLAR;1370200;CANCELADO;02/02/2003;
ESCOLAR;1370300;ATIVO;03/02/2015;
ESCOLAR;1370400;CANCELADO;02/02/2001;
ESCOLAR;1370500;CANCELADO;02/02/2000;
ESCOLAR;1370600;CANCELADO;02/02/2013;
ESCOLAR;1370700;CANCELADO;02/02/2002;
ESCOLAR;1370800;ATIVO;02/02/2015;
ESCOLAR;1370900;CANCELADO;02/02/2001;
ESCOLAR;1371000;CANCELADO;03/02/2008;
ESCOLAR;1371100;CANCELADO;03/02/2007;
ESCOLAR;1371200;CANCELADO;02/02/2012;
ESCOLAR;1371300;CANCELADO;10/02/2004;
ESCOLAR;1371400;CANCELADO;03/02/2002;
ESCOLAR;1371500;CANCELADO;03/02/2000;
ESCOLAR;1371600;CANCELADO;03/02/2007;
ESCOLAR;1371700;CANCELADO;03/02/2002;
ESCOLAR;1371800;ATIVO;05/02/2014;
ESCOLAR;1371900;CANCELADO;10/02/2013;
ESCOLAR;1372000;ATIVO;03/02/2015;
ESCOLAR;1372200;CANCELADO;03/02/2002;
ESCOLAR;1372300;CANCELADO;03/02/2003;
ESCOLAR;1372400;CANCELADO;03/02/2005;
ESCOLAR;1372500;CANCELADO;05/02/2008;
ESCOLAR;1372600;CANCELADO;08/02/2001;
ESCOLAR;1372700;CANCELADO;04/02/2002;
ESCOLAR;1372800;CANCELADO;03/02/2000;
ESCOLAR;1373000;ATIVO;04/02/2015;
ESCOLAR;1373100;CANCELADO;04/02/2000;
ESCOLAR;1373200;CANCELADO;04/02/2000;
ESCOLAR;1373300;CANCELADO;19/02/2000;
ESCOLAR;1373400;CANCELADO;04/02/2004;
ESCOLAR;1373500;CANCELADO;04/02/2013;
ESCOLAR;1373600;CANCELADO;04/02/2004;
ESCOLAR;1373700;CANCELADO;08/02/2012;
ESCOLAR;1374000;CANCELADO;02/02/2003;
ESCOLAR;1374100;CANCELADO;04/02/2009;
ESCOLAR;1374200;CANCELADO;05/02/2002;
ESCOLAR;1374300;CANCELADO;05/02/2007;
ESCOLAR;1374400;CANCELADO;05/02/2002;
ESCOLAR;1374500;ATIVO;02/03/2014;
ESCOLAR;1374600;CANCELADO;05/02/2006;
ESCOLAR;1374700;CANCELADO;05/02/2000;
ESCOLAR;1374800;CANCELADO;05/02/2007;
ESCOLAR;1374900;ATIVO;05/02/2015;
ESCOLAR;1375000;CANCELADO;05/02/2005;
ESCOLAR;1375100;CANCELADO;05/02/2002;
ESCOLAR;1375200;ATIVO;05/02/2015;
ESCOLAR;1375300;CANCELADO;05/02/2000;
ESCOLAR;1375400;CANCELADO;05/02/2000;
ESCOLAR;1375500;CANCELADO;19/02/2001;
ESCOLAR;1375600;CANCELADO;05/02/2008;
ESCOLAR;1375700;CANCELADO;08/02/2000;
ESCOLAR;1375800;CANCELADO;08/02/2005;
ESCOLAR;1375900;CANCELADO;08/02/2000;
ESCOLAR;1376000;CANCELADO;19/02/2014;
ESCOLAR;1376100;CANCELADO;08/02/2013;
ESCOLAR;1376300;CANCELADO;08/02/2000;
ESCOLAR;1376400;CANCELADO;08/02/2008;
ESCOLAR;1376600;CANCELADO;09/02/2000;
ESCOLAR;1376700;CANCELADO;09/02/2000;
ESCOLAR;1376800;CANCELADO;08/02/2003;
ESCOLAR;1376900;ATIVO;10/02/2015;
ESCOLAR;1377100;ATIVO;09/02/2015;
ESCOLAR;1377200;CANCELADO;09/02/2002;
ESCOLAR;1377400;CANCELADO;09/02/2009;
ESCOLAR;1377500;CANCELADO;10/02/2011;
ESCOLAR;1377700;CANCELADO;10/02/2012;
ESCOLAR;1377900;CANCELADO;10/02/2000;
ESCOLAR;1378000;CANCELADO;11/02/2000;
ESCOLAR;1378200;ATIVO;12/02/2015;
ESCOLAR;1378300;CANCELADO;10/02/2001;
ESCOLAR;1378500;CANCELADO;10/02/2003;
ESCOLAR;1378600;ATIVO;11/02/2015;
ESCOLAR;1378700;ATIVO;11/02/2015;
ESCOLAR;1378800;CANCELADO;11/02/2004;
ESCOLAR;1378900;ATIVO;11/02/2015;
ESCOLAR;1379000;CANCELADO;12/02/2010;
ESCOLAR;1379100;CANCELADO;12/02/2000;
ESCOLAR;1379200;CANCELADO;18/02/2000;
ESCOLAR;1379400;ATIVO;12/02/2015;
ESCOLAR;1379500;CANCELADO;19/02/2003;
ESCOLAR;1379600;CANCELADO;12/02/2006;
ESCOLAR;1379700;CANCELADO;17/02/2006;
ESCOLAR;1380000;CANCELADO;17/02/2001;
ESCOLAR;1380200;CANCELADO;17/02/2004;
ESCOLAR;1380300;CANCELADO;17/02/2006;
ESCOLAR;1380500;CANCELADO;18/02/2000;
ESCOLAR;1380600;ATIVO;18/02/2014;
ESCOLAR;1380700;CANCELADO;18/02/2000;
ESCOLAR;1380800;CANCELADO;18/02/2000;
ESCOLAR;1381000;CANCELADO;18/02/2000;
ESCOLAR;1381100;CANCELADO;18/02/2000;
ESCOLAR;1381200;CANCELADO;23/02/2005;
ESCOLAR;1381300;CANCELADO;18/02/2001;
ESCOLAR;1381400;CANCELADO;19/02/2007;
ESCOLAR;1381500;ATIVO;01/03/2014;
ESCOLAR;1382000;ATIVO;19/03/2014;
ESCOLAR;1382100;CANCELADO;12/02/2004;
ESCOLAR;1382200;CANCELADO;19/02/2011;
ESCOLAR;1382300;CANCELADO;19/02/2011;
ESCOLAR;1382500;CANCELADO;26/02/2006;
ESCOLAR;1382700;CANCELADO;22/02/2000;
ESCOLAR;1382800;CANCELADO;22/02/2004;
ESCOLAR;1382900;CANCELADO;22/02/2000;
ESCOLAR;1383000;CANCELADO;23/02/2011;
ESCOLAR;1383100;CANCELADO;23/02/2000;
ESCOLAR;1383300;ATIVO;23/02/2014;
ESCOLAR;1383400;CANCELADO;26/02/2001;
ESCOLAR;1383600;CANCELADO;23/02/2000;
ESCOLAR;1383700;CANCELADO;23/02/2000;
ESCOLAR;1383800;CANCELADO;23/02/2002;
ESCOLAR;1383900;ATIVO;23/02/2015;
ESCOLAR;1384200;CANCELADO;24/02/2001;
ESCOLAR;1384300;CANCELADO;24/02/2002;
ESCOLAR;1384400;CANCELADO;24/02/2002;
ESCOLAR;1384500;CANCELADO;24/02/2005;
ESCOLAR;1384600;CANCELADO;24/02/2013;
ESCOLAR;1384800;CANCELADO;24/02/2003;
ESCOLAR;1384900;ATIVO;24/02/2014;
ESCOLAR;1385000;CANCELADO;24/02/2006;
ESCOLAR;1385100;CANCELADO;24/02/2000;
ESCOLAR;1385200;CANCELADO;24/02/2001;
ESCOLAR;1385300;ATIVO;24/02/2015;
ESCOLAR;1385400;ATIVO;26/02/2014;
ESCOLAR;1385500;CANCELADO;26/02/2004;
ESCOLAR;1385600;CANCELADO;03/03/2012;
ESCOLAR;1385700;CANCELADO;26/02/2006;
ESCOLAR;1385800;CANCELADO;26/02/2005;
ESCOLAR;1385900;CANCELADO;01/03/2001;
ESCOLAR;1386000;CANCELADO;26/02/2004;
ESCOLAR;1386200;CANCELADO;26/02/2013;
ESCOLAR;1386300;CANCELADO;25/02/2000;
ESCOLAR;1386400;CANCELADO;01/03/2007;
ESCOLAR;1386600;CANCELADO;26/02/2012;
ESCOLAR;1386700;ATIVO;26/02/2014;
ESCOLAR;1387000;CANCELADO;01/03/2000;
ESCOLAR;1387300;CANCELADO;01/03/2009;
ESCOLAR;1387400;CANCELADO;25/02/2005;
ESCOLAR;1387600;ATIVO;01/03/2015;
ESCOLAR;1387700;CANCELADO;02/03/2011;
ESCOLAR;1387800;CANCELADO;01/03/2002;
ESCOLAR;1388000;CANCELADO;01/03/2003;
ESCOLAR;1388200;CANCELADO;02/03/2000;
ESCOLAR;1388300;CANCELADO;02/03/2002;
ESCOLAR;1388500;CANCELADO;02/03/2000;
ESCOLAR;1388600;CANCELADO;02/03/2001;
ESCOLAR;1388700;CANCELADO;02/03/2009;
ESCOLAR;1388900;CANCELADO;25/02/2005;
ESCOLAR;1389000;CANCELADO;02/03/2006;
ESCOLAR;1389100;CANCELADO;02/03/2000;
ESCOLAR;1389200;ATIVO;02/03/2014;
ESCOLAR;1389300;CANCELADO;03/03/2003;
ESCOLAR;1389400;CANCELADO;09/03/2000;
ESCOLAR;1389500;CANCELADO;02/03/2000;
ESCOLAR;1389600;CANCELADO;03/03/2009;
ESCOLAR;1389700;CANCELADO;03/03/2000;
ESCOLAR;1389800;CANCELADO;03/03/2001;
ESCOLAR;1389900;CANCELADO;03/03/2010;
ESCOLAR;1390000;ATIVO;04/03/2014;
ESCOLAR;1390100;CANCELADO;04/03/2001;
ESCOLAR;1390200;CANCELADO;04/03/2002;
ESCOLAR;1390300;CANCELADO;04/03/2004;
ESCOLAR;1390400;CANCELADO;05/03/2003;
ESCOLAR;1390500;CANCELADO;04/03/2011;
ESCOLAR;1390600;CANCELADO;03/03/2000;
ESCOLAR;1390700;CANCELADO;05/03/2012;
ESCOLAR;1390800;CANCELADO;05/03/2010;
ESCOLAR;1390900;ATIVO;05/03/2014;
ESCOLAR;1391000;CANCELADO;08/03/2005;
ESCOLAR;1391100;ATIVO;08/03/2014;
ESCOLAR;1391200;CANCELADO;08/03/2000;
ESCOLAR;1391300;CANCELADO;08/03/2002;
ESCOLAR;1391400;CANCELADO;08/03/2012;
ESCOLAR;1391500;CANCELADO;08/03/2000;
ESCOLAR;1391600;CANCELADO;08/03/2000;
ESCOLAR;1391700;CANCELADO;08/03/2000;
ESCOLAR;1391800;CANCELADO;09/03/2011;
ESCOLAR;1391900;CANCELADO;16/03/2011;
ESCOLAR;1392000;CANCELADO;09/03/2001;
ESCOLAR;1392100;CANCELADO;09/03/2006;
ESCOLAR;1392200;CANCELADO;09/03/2004;
ESCOLAR;1392300;CANCELADO;09/03/2000;
ESCOLAR;1392400;ATIVO;10/03/2015;
ESCOLAR;1392500;CANCELADO;10/03/2002;
ESCOLAR;1392600;CANCELADO;10/03/2005;
ESCOLAR;1392700;CANCELADO;10/03/2009;
ESCOLAR;1392800;CANCELADO;10/03/2001;
ESCOLAR;1392900;CANCELADO;11/03/2004;
ESCOLAR;1393000;CANCELADO;11/03/2003;
ESCOLAR;1393100;CANCELADO;11/03/2003;
ESCOLAR;1393200;ATIVO;11/03/2014;
ESCOLAR;1393300;CANCELADO;11/03/2001;
ESCOLAR;1393400;CANCELADO;11/03/2001;
ESCOLAR;1393500;CANCELADO;11/03/2004;
ESCOLAR;1393600;ATIVO;11/03/2014;
ESCOLAR;1393700;CANCELADO;12/03/2006;
ESCOLAR;1393800;ATIVO;12/03/2014;
ESCOLAR;1393900;ATIVO;12/03/2014;
ESCOLAR;1394000;ATIVO;12/03/2014;
ESCOLAR;1394100;CANCELADO;12/03/2003;
ESCOLAR;1394200;CANCELADO;15/03/2000;
ESCOLAR;1394300;ATIVO;15/03/2014;
ESCOLAR;1394400;ATIVO;15/03/2014;
ESCOLAR;1394500;CANCELADO;16/03/2004;
ESCOLAR;1394600;CANCELADO;26/03/2001;
ESCOLAR;1394700;CANCELADO;16/03/2002;
ESCOLAR;1394800;CANCELADO;16/03/2000;
ESCOLAR;1394900;CANCELADO;18/03/2000;
ESCOLAR;1395000;CANCELADO;18/03/2000;
ESCOLAR;1395100;CANCELADO;18/03/2001;
ESCOLAR;1395200;CANCELADO;25/02/2005;
ESCOLAR;1395300;CANCELADO;18/03/2006;
ESCOLAR;1395400;CANCELADO;18/03/2000;
ESCOLAR;1395500;ATIVO;22/03/2014;
ESCOLAR;1395600;CANCELADO;18/03/2000;
ESCOLAR;1395700;CANCELADO;19/03/2004;
ESCOLAR;1395800;CANCELADO;31/03/2002;
ESCOLAR;1395900;ATIVO;19/03/2014;
ESCOLAR;1396000;CANCELADO;19/03/2007;
ESCOLAR;1396100;CANCELADO;22/03/2003;
ESCOLAR;1396200;ATIVO;22/03/2014;
ESCOLAR;1396300;ATIVO;22/03/2014;
ESCOLAR;1396400;CANCELADO;12/03/2004;
ESCOLAR;1396600;CANCELADO;22/03/2001;
ESCOLAR;1396700;CANCELADO;22/03/2000;
ESCOLAR;1396800;CANCELADO;22/03/2000;
ESCOLAR;1396900;CANCELADO;22/03/2003;
ESCOLAR;1397000;CANCELADO;23/03/2006;
ESCOLAR;1397100;CANCELADO;23/03/2001;
ESCOLAR;1397200;CANCELADO;23/03/2000;
ESCOLAR;1397300;ATIVO;23/03/2014;
ESCOLAR;1397400;CANCELADO;24/03/2004;
ESCOLAR;1397500;CANCELADO;25/03/2005;
ESCOLAR;1397600;CANCELADO;25/03/2000;
ESCOLAR;1397700;CANCELADO;26/03/2013;
ESCOLAR;1397800;CANCELADO;07/04/2003;
ESCOLAR;1397900;CANCELADO;26/03/2002;
ESCOLAR;1398000;CANCELADO;26/03/2004;
ESCOLAR;1398100;CANCELADO;26/03/2006;
ESCOLAR;1398200;CANCELADO;26/03/2010;
ESCOLAR;1398300;CANCELADO;29/03/2000;
ESCOLAR;1398400;ATIVO;29/03/2014;
ESCOLAR;1398500;CANCELADO;29/03/2005;
ESCOLAR;1398600;CANCELADO;30/03/2001;
ESCOLAR;1398700;CANCELADO;30/03/2010;
ESCOLAR;1398900;CANCELADO;30/03/2000;
ESCOLAR;1399000;CANCELADO;31/03/2006;
ESCOLAR;1399100;CANCELADO;31/03/2000;
ESCOLAR;1399300;CANCELADO;31/03/2002;
ESCOLAR;1399400;CANCELADO;16/04/2004;
ESCOLAR;1399500;ATIVO;19/04/2014;
ESCOLAR;1399600;CANCELADO;12/07/2007;
ESCOLAR;1399800;CANCELADO;31/03/2000;
ESCOLAR;1399900;CANCELADO;31/03/2004;
ESCOLAR;1400000;CANCELADO;31/03/2000;
ESCOLAR;1400100;CANCELADO;05/04/2009;
ESCOLAR;1400200;CANCELADO;05/04/2009;
ESCOLAR;1400300;CANCELADO;05/04/2009;
ESCOLAR;1400400;CANCELADO;05/04/2008;
ESCOLAR;1400500;CANCELADO;05/04/2006;
ESCOLAR;1400600;ATIVO;06/04/2014;
ESCOLAR;1400700;ATIVO;06/04/2014;
ESCOLAR;1400900;ATIVO;06/04/2014;
ESCOLAR;1401100;CANCELADO;06/04/2002;
ESCOLAR;1401300;CANCELADO;07/04/2008;
ESCOLAR;1401400;CANCELADO;08/04/2011;
ESCOLAR;1401500;ATIVO;08/04/2014;
ESCOLAR;1401600;CANCELADO;08/04/2000;
ESCOLAR;1401700;CANCELADO;08/04/2000;
ESCOLAR;1401800;CANCELADO;08/04/2001;
ESCOLAR;1401900;CANCELADO;08/04/2002;
ESCOLAR;1402000;CANCELADO;26/04/2001;
ESCOLAR;1402100;CANCELADO;12/04/2000;
ESCOLAR;1402200;ATIVO;12/04/2014;
ESCOLAR;1402300;CANCELADO;12/04/2002;
ESCOLAR;1402400;CANCELADO;13/04/2006;
ESCOLAR;1402500;CANCELADO;13/04/2000;
ESCOLAR;1402600;CANCELADO;14/04/2001;
ESCOLAR;1402700;CANCELADO;14/04/2013;
ESCOLAR;1402800;CANCELADO;14/04/2001;
ESCOLAR;1402900;CANCELADO;15/04/2000;
ESCOLAR;1403000;ATIVO;23/03/2014;
ESCOLAR;1403100;CANCELADO;15/04/2003;
ESCOLAR;1403200;CANCELADO;16/04/2002;
ESCOLAR;1403400;CANCELADO;13/05/2001;
ESCOLAR;1403600;CANCELADO;19/04/2000;
ESCOLAR;1403700;CANCELADO;19/04/2003;
ESCOLAR;1403800;CANCELADO;19/04/2005;
ESCOLAR;1403900;CANCELADO;19/04/2004;
ESCOLAR;1404000;CANCELADO;19/04/2009;
ESCOLAR;1404100;CANCELADO;20/04/2000;
ESCOLAR;1404200;CANCELADO;20/04/2005;
ESCOLAR;1404300;CANCELADO;19/04/2010;
ESCOLAR;1404400;CANCELADO;20/04/2002;
ESCOLAR;1404600;CANCELADO;22/04/2009;
ESCOLAR;1404700;CANCELADO;22/04/2002;
ESCOLAR;1404800;CANCELADO;22/04/2007;
ESCOLAR;1404900;CANCELADO;22/04/2013;
ESCOLAR;1405000;CANCELADO;23/04/2003;
ESCOLAR;1405100;CANCELADO;23/04/2001;
ESCOLAR;1405200;ATIVO;26/04/2014;
ESCOLAR;1405300;CANCELADO;19/05/2004;
ESCOLAR;1405400;CANCELADO;27/04/2001;
ESCOLAR;1405500;ATIVO;28/04/2014;
ESCOLAR;1405700;CANCELADO;29/04/2003;
ESCOLAR;1405800;CANCELADO;29/04/2001;
ESCOLAR;1405900;CANCELADO;30/04/2001;
ESCOLAR;1406000;CANCELADO;30/04/2000;
ESCOLAR;1406100;CANCELADO;30/04/2006;
ESCOLAR;1406200;CANCELADO;30/04/2000;
ESCOLAR;1406300;CANCELADO;03/05/2002;
ESCOLAR;1406400;CANCELADO;03/05/2000;
ESCOLAR;1406500;ATIVO;03/05/2014;
ESCOLAR;1406600;CANCELADO;03/05/2000;
ESCOLAR;1406700;CANCELADO;03/05/2011;
ESCOLAR;1406800;CANCELADO;03/05/2004;
ESCOLAR;1406900;CANCELADO;03/05/2004;
ESCOLAR;1407000;CANCELADO;04/05/2008;
ESCOLAR;1407100;CANCELADO;04/05/2000;
ESCOLAR;1407200;CANCELADO;05/05/2002;
ESCOLAR;1407300;CANCELADO;06/05/2000;
ESCOLAR;1407400;CANCELADO;06/05/2003;
ESCOLAR;1407500;ATIVO;06/05/2014;
ESCOLAR;1407600;CANCELADO;06/05/2007;
ESCOLAR;1407700;CANCELADO;07/05/2003;
ESCOLAR;1407800;CANCELADO;10/05/2001;
ESCOLAR;1407900;CANCELADO;10/05/2005;
ESCOLAR;1408000;ATIVO;11/05/2014;
ESCOLAR;1408100;CANCELADO;11/05/2000;
ESCOLAR;1408200;ATIVO;12/05/2014;
ESCOLAR;1408300;CANCELADO;12/05/2000;
ESCOLAR;1408400;CANCELADO;12/05/2004;
ESCOLAR;1408600;CANCELADO;14/05/2001;
ESCOLAR;1408700;CANCELADO;17/05/2000;
ESCOLAR;1408800;CANCELADO;17/05/2010;
ESCOLAR;1408900;CANCELADO;17/05/2008;
ESCOLAR;1409000;CANCELADO;17/05/2005;
ESCOLAR;1409100;CANCELADO;17/05/2003;
ESCOLAR;1409200;CANCELADO;17/05/2007;
ESCOLAR;1409300;CANCELADO;17/06/2011;
ESCOLAR;1409400;CANCELADO;21/06/2012;
TAXI;124;ATIVO;25/10/2014;LUXO
TAXI;221;ATIVO;25/02/2014;COMUM
TAXI;329;ATIVO;25/05/2014;COMUM
TAXI;426;ATIVO;05/02/2015;COMUM
TAXI;523;ATIVO;25/06/2014;COMUM
TAXI;620;ATIVO;25/05/2014;COMUM
TAXI;728;ATIVO;25/06/2014;COMUM
TAXI;825;ATIVO;25/06/2014;COMUM
TAXI;922;ATIVO;25/06/2014;ESPECIAL
TAXI;1023;ATIVO;25/06/2014;COMUM
TAXI;1120;ATIVO;25/06/2014;COMUM
TAXI;1228;ATIVO;25/04/2014;COMUM
TAXI;1325;ATIVO;25/06/2014;COMUM
TAXI;1422;ATIVO;25/06/2014;COMUM
TAXI;1520;ATIVO;25/06/2014;COMUM
TAXI;1627;CANCELADO;30/06/1982;COMUM
TAXI;1821;ATIVO;25/05/2014;COMUM
TAXI;1929;ATIVO;25/06/2014;COMUM RADIO
TAXI;2020;ATIVO;25/06/2014;COMUM
TAXI;2127;ATIVO;25/06/2014;COMUM RADIO
TAXI;2224;ATIVO;25/06/2014;COMUM
TAXI;2321;ATIVO;25/06/2014;COMUM
TAXI;2429;ATIVO;25/02/2015;COMUM
TAXI;2526;ATIVO;25/05/2014;COMUM
TAXI;2623;ATIVO;25/06/2014;COMUM
TAXI;2720;ATIVO;25/05/2014;COMUM
TAXI;2828;ATIVO;25/06/2014;COMUM
TAXI;2925;ATIVO;05/11/2014;COMUM
TAXI;3026;ATIVO;25/09/2014;COMUM
TAXI;3123;ATIVO;25/06/2014;COMUM
TAXI;3328;ATIVO;25/06/2014;COMUM
TAXI;3425;ATIVO;25/06/2014;COMUM
TAXI;3522;ATIVO;25/06/2014;COMUM RADIO
TAXI;3620;ATIVO;25/06/2014;COMUM
TAXI;3727;ATIVO;25/06/2014;COMUM
TAXI;3824;ATIVO;25/06/2014;COMUM
TAXI;3921;ATIVO;25/06/2014;COMUM RADIO
TAXI;4022;ATIVO;25/06/2014;COMUM
TAXI;4120;ATIVO;25/06/2014;COMUM RADIO
TAXI;4227;ATIVO;05/09/2014;COMUM
TAXI;4324;ATIVO;25/06/2014;COMUM
TAXI;4421;ATIVO;25/06/2014;COMUM
TAXI;4529;ATIVO;25/06/2014;COMUM
TAXI;4626;ATIVO;25/06/2014;COMUM
TAXI;4723;CANCELADO;30/06/1975;COMUM
TAXI;4820;ATIVO;25/06/2014;COMUM
TAXI;4928;ATIVO;25/06/2014;COMUM RADIO
TAXI;5029;ATIVO;25/04/2014;COMUM
TAXI;5126;ATIVO;25/06/2014;COMUM
TAXI;5223;ATIVO;25/09/2014;COMUM
TAXI;5320;ATIVO;25/02/2015;COMUM RADIO
TAXI;5428;ATIVO;25/05/2014;COMUM
TAXI;5525;CANCELADO;31/05/1980;COMUM
TAXI;5622;ATIVO;25/06/2014;COMUM
TAXI;5720;ATIVO;25/06/2014;COMUM
TAXI;5827;ATIVO;25/06/2014;COMUM
TAXI;5924;ATIVO;25/05/2014;COMUM
TAXI;6025;ATIVO;25/06/2014;COMUM
TAXI;6122;ATIVO;25/06/2014;COMUM
TAXI;6220;CANCELADO;05/08/1990;COMUM
TAXI;6327;CANCELADO;30/06/1980;COMUM
TAXI;6424;ATIVO;25/06/2014;COMUM RADIO
TAXI;6521;ATIVO;25/06/2014;COMUM
TAXI;6629;CANCELADO;05/09/1990;COMUM
TAXI;6726;ATIVO;25/06/2014;COMUM
TAXI;6823;ATIVO;25/06/2014;COMUM RADIO
TAXI;6920;ATIVO;25/06/2014;COMUM
TAXI;7021;ATIVO;25/06/2014;COMUM
TAXI;7129;ATIVO;05/08/2014;COMUM RADIO
TAXI;7226;ATIVO;25/06/2014;COMUM
TAXI;7323;ATIVO;25/06/2014;COMUM
TAXI;7420;ATIVO;25/06/2014;COMUM RADIO
TAXI;7528;ATIVO;25/06/2014;COMUM
TAXI;7625;ATIVO;25/06/2014;COMUM
TAXI;7722;ATIVO;25/06/2014;COMUM
TAXI;7820;CANCELADO;30/06/1980;COMUM
TAXI;7927;ATIVO;25/06/2014;COMUM RADIO
TAXI;8028;ATIVO;25/06/2014;COMUM
TAXI;8125;ATIVO;25/05/2014;COMUM
TAXI;8222;ATIVO;25/06/2014;COMUM
TAXI;8320;ATIVO;25/05/2014;COMUM
TAXI;8427;ATIVO;25/06/2014;COMUM
TAXI;8524;ATIVO;25/06/2014;COMUM
TAXI;8621;ATIVO;25/06/2014;COMUM
TAXI;8729;ATIVO;25/06/2014;ESPECIAL
TAXI;8826;ATIVO;25/05/2014;COMUM
TAXI;8923;CANCELADO;25/06/1988;COMUM
TAXI;9024;BLOQUEADO;25/06/2014;COMUM
TAXI;9121;ATIVO;25/06/2014;COMUM
TAXI;9229;ATIVO;25/06/2014;COMUM
TAXI;9326;CANCELADO;25/06/1992;COMUM
TAXI;9423;CANCELADO;25/06/1984;COMUM
TAXI;9520;ATIVO;25/05/2014;COMUM
TAXI;9628;ATIVO;25/05/2014;COMUM
TAXI;9725;ATIVO;25/06/2014;COMUM
TAXI;9822;ATIVO;25/05/2014;COMUM
TAXI;9920;ATIVO;25/06/2014;COMUM
TAXI;10022;ATIVO;25/06/2014;COMUM
TAXI;10120;ATIVO;25/06/2013;COMUM
TAXI;10227;ATIVO;25/06/2014;COMUM
TAXI;10324;ATIVO;25/06/2014;COMUM
TAXI;10421;ATIVO;25/06/2014;COMUM
TAXI;10529;ATIVO;25/05/2014;COMUM
TAXI;10626;ATIVO;05/11/2014;COMUM
TAXI;10723;ATIVO;25/05/2014;COMUM
TAXI;10820;ATIVO;25/06/2014;COMUM
TAXI;10928;ATIVO;25/06/2014;COMUM
TAXI;11029;ATIVO;25/06/2014;COMUM
TAXI;11126;ATIVO;25/06/2014;COMUM
TAXI;11223;BLOQUEADO;25/06/2012;COMUM
TAXI;11320;ATIVO;25/06/2014;COMUM
TAXI;11428;ATIVO;05/08/2014;COMUM
TAXI;11525;ATIVO;25/06/2014;COMUM
TAXI;11622;ATIVO;25/06/2014;COMUM
TAXI;11720;ATIVO;25/06/2014;COMUM
TAXI;11827;ATIVO;25/06/2014;COMUM
TAXI;11924;ATIVO;25/06/2014;COMUM
TAXI;12025;CANCELADO;30/06/1979;COMUM
TAXI;12122;ATIVO;25/06/2014;COMUM
TAXI;12220;ATIVO;25/06/2014;COMUM
TAXI;12327;ATIVO;25/06/2014;ESPECIAL
TAXI;12424;ATIVO;25/06/2014;COMUM
TAXI;12521;ATIVO;25/06/2014;COMUM
TAXI;12629;ATIVO;25/06/2014;COMUM
TAXI;12726;ATIVO;25/06/2014;COMUM
TAXI;12823;ATIVO;25/06/2014;COMUM RADIO
TAXI;12920;ATIVO;25/05/2014;ESPECIAL
TAXI;13021;ATIVO;25/06/2014;COMUM
TAXI;13129;BLOQUEADO;25/06/2014;COMUM
TAXI;13226;ATIVO;25/06/2014;COMUM
TAXI;13323;ATIVO;25/06/2014;COMUM
TAXI;13420;ATIVO;25/06/2014;COMUM
TAXI;13528;ATIVO;25/06/2014;COMUM
TAXI;13625;ATIVO;25/06/2014;COMUM
TAXI;13722;ATIVO;25/06/2014;ESPECIAL
TAXI;13820;CANCELADO;30/06/1980;COMUM
TAXI;13927;ATIVO;25/06/2014;COMUM
TAXI;14028;ATIVO;25/06/2014;COMUM
TAXI;14125;ATIVO;25/06/2014;COMUM RADIO
TAXI;14222;ATIVO;25/05/2014;COMUM
TAXI;14320;ATIVO;25/05/2014;COMUM
TAXI;14427;CANCELADO;25/06/1988;COMUM
TAXI;14524;CANCELADO;25/06/1988;COMUM
TAXI;14621;ATIVO;25/06/2014;COMUM
TAXI;14729;ATIVO;25/06/2014;COMUM
TAXI;14826;CANCELADO;31/05/1975;COMUM
TAXI;14923;ATIVO;25/06/2014;COMUM
TAXI;15024;ATIVO;25/06/2014;COMUM
TAXI;15121;ATIVO;25/06/2014;COMUM
TAXI;15229;ATIVO;25/06/2014;COMUM
TAXI;15326;ATIVO;25/06/2014;COMUM
TAXI;15423;ATIVO;25/06/2014;COMUM
TAXI;15520;ATIVO;25/06/2014;COMUM
TAXI;15628;ATIVO;25/06/2014;COMUM
TAXI;15725;ATIVO;25/06/2014;COMUM
TAXI;15822;ATIVO;25/06/2014;COMUM
TAXI;15920;ATIVO;25/06/2014;ESPECIAL
TAXI;16020;CANCELADO;30/06/1980;COMUM
TAXI;16128;ATIVO;25/06/2014;COMUM
TAXI;16225;CANCELADO;28/02/1984;COMUM
TAXI;16322;CANCELADO;15/03/2010;COMUM
TAXI;16420;ATIVO;25/06/2014;COMUM
TAXI;16527;ATIVO;25/06/2014;COMUM
TAXI;16624;ATIVO;25/06/2014;COMUM
TAXI;16721;ATIVO;25/05/2014;COMUM
TAXI;16829;ATIVO;25/05/2014;COMUM RADIO
TAXI;16926;ATIVO;25/05/2014;COMUM RADIO
TAXI;17027;ATIVO;25/06/2014;COMUM RADIO
TAXI;17124;ATIVO;25/06/2014;COMUM
TAXI;17221;ATIVO;25/05/2014;ESPECIAL
TAXI;17329;ATIVO;25/05/2014;COMUM
TAXI;17426;ATIVO;25/06/2014;COMUM
TAXI;17523;ATIVO;25/05/2014;COMUM
TAXI;17620;ATIVO;25/06/2014;COMUM
TAXI;17728;ATIVO;25/06/2014;COMUM
TAXI;17825;ATIVO;25/06/2014;COMUM
TAXI;17922;ATIVO;25/06/2014;COMUM
TAXI;18023;ATIVO;25/06/2014;COMUM
TAXI;18120;ATIVO;25/06/2014;COMUM
TAXI;18228;ATIVO;25/06/2014;COMUM
TAXI;18325;ATIVO;25/06/2014;COMUM
TAXI;18422;ATIVO;25/06/2014;COMUM
TAXI;18520;ATIVO;25/06/2014;COMUM
TAXI;18627;ATIVO;25/06/2014;COMUM
TAXI;18724;ATIVO;25/06/2014;COMUM
TAXI;18821;CANCELADO;25/05/1989;COMUM
TAXI;18929;ATIVO;25/06/2014;COMUM
TAXI;19020;ATIVO;25/06/2014;COMUM
TAXI;19127;CANCELADO;25/06/1988;COMUM
TAXI;19224;ATIVO;25/06/2014;COMUM
TAXI;19321;ATIVO;25/06/2014;COMUM
TAXI;19429;ATIVO;25/06/2014;COMUM
TAXI;19526;ATIVO;25/06/2014;COMUM
TAXI;19623;ATIVO;25/06/2014;COMUM
TAXI;19720;ATIVO;25/06/2014;COMUM
TAXI;19828;ATIVO;05/11/2014;COMUM
TAXI;19925;ATIVO;25/06/2014;COMUM
TAXI;20028;ATIVO;25/05/2014;COMUM
TAXI;20125;ATIVO;25/06/2014;COMUM
TAXI;20222;ATIVO;25/06/2014;COMUM
TAXI;20320;CANCELADO;25/06/1991;COMUM
TAXI;20427;ATIVO;25/06/2014;COMUM
TAXI;20524;ATIVO;25/06/2014;COMUM RADIO
TAXI;20621;CANCELADO;25/06/1990;COMUM
TAXI;20729;ATIVO;25/06/2014;COMUM
TAXI;20826;BLOQUEADO;25/06/2014;COMUM
TAXI;20923;ATIVO;25/06/2014;COMUM
TAXI;21024;ATIVO;25/06/2014;COMUM
TAXI;21121;ATIVO;05/09/2014;COMUM
TAXI;21229;ATIVO;25/06/2014;COMUM RADIO
TAXI;21326;CANCELADO;31/01/1983;COMUM
TAXI;21423;ATIVO;25/06/2014;COMUM RADIO
TAXI;21520;ATIVO;25/06/2014;COMUM RADIO
TAXI;21628;ATIVO;25/06/2014;COMUM
TAXI;21725;ATIVO;25/06/2014;COMUM
TAXI;21822;ATIVO;25/06/2014;COMUM
TAXI;21920;ATIVO;25/06/2014;COMUM
TAXI;22020;ATIVO;05/08/2014;COMUM
TAXI;22128;ATIVO;25/06/2014;LUXO
TAXI;22225;ATIVO;25/06/2014;COMUM
TAXI;22322;ATIVO;25/05/2014;COMUM
TAXI;22420;CANCELADO;25/06/2000;COMUM
TAXI;22527;ATIVO;25/05/2014;COMUM RADIO
TAXI;22624;ATIVO;25/06/2014;COMUM
TAXI;22721;CANCELADO;25/05/1990;COMUM
TAXI;22829;CANCELADO;25/06/1987;COMUM
TAXI;22926;CANCELADO;30/06/1981;COMUM
TAXI;23027;ATIVO;25/06/2014;COMUM
TAXI;23124;ATIVO;25/06/2014;COMUM
TAXI;23221;ATIVO;25/06/2014;COMUM
TAXI;23329;CANCELADO;25/05/1993;COMUM
TAXI;23426;ATIVO;25/06/2014;COMUM
TAXI;23523;ATIVO;25/06/2014;COMUM
TAXI;23620;CANCELADO;25/06/1989;COMUM
TAXI;23728;CANCELADO;30/06/1981;COMUM
TAXI;23825;ATIVO;25/06/2014;COMUM
TAXI;23922;ATIVO;25/06/2014;COMUM RADIO
TAXI;24023;ATIVO;25/06/2014;COMUM
TAXI;24120;ATIVO;25/06/2014;COMUM RADIO
TAXI;24228;CANCELADO;25/05/1991;COMUM
TAXI;24325;CANCELADO;30/06/1984;COMUM
TAXI;24422;CANCELADO;25/05/1987;COMUM
TAXI;24520;ATIVO;25/06/2014;ESPECIAL
TAXI;24627;ATIVO;25/06/2014;COMUM
TAXI;24724;ATIVO;25/06/2014;COMUM
TAXI;24821;ATIVO;25/06/2014;COMUM
TAXI;24929;ATIVO;25/02/2014;ESPECIAL
TAXI;25020;ATIVO;25/06/2014;COMUM
TAXI;25127;ATIVO;25/06/2014;COMUM RADIO
TAXI;25224;ATIVO;05/11/2014;COMUM
TAXI;25321;ATIVO;25/06/2014;COMUM
TAXI;25429;ATIVO;25/06/2014;COMUM
TAXI;25526;ATIVO;25/06/2014;COMUM RADIO
TAXI;25623;ATIVO;25/06/2014;COMUM
TAXI;25720;ATIVO;25/06/2014;COMUM
TAXI;25828;ATIVO;25/05/2014;COMUM
TAXI;25925;CANCELADO;25/06/1993;COMUM
TAXI;26026;ATIVO;25/06/2014;COMUM
TAXI;26123;ATIVO;25/06/2014;COMUM
TAXI;26220;ATIVO;25/06/2014;COMUM
TAXI;26328;CANCELADO;30/06/1979;COMUM
TAXI;26425;ATIVO;25/06/2014;COMUM RADIO
TAXI;26522;ATIVO;25/06/2014;COMUM
TAXI;26620;ATIVO;25/06/2014;COMUM
TAXI;26727;ATIVO;25/05/2014;COMUM
TAXI;26824;ATIVO;25/06/2014;COMUM RADIO
TAXI;26921;ATIVO;25/06/2014;COMUM
TAXI;27022;ATIVO;25/06/2014;COMUM
TAXI;27120;ATIVO;25/06/2014;COMUM
TAXI;27227;ATIVO;25/06/2014;COMUM
TAXI;27324;ATIVO;25/06/2014;COMUM
TAXI;27421;CANCELADO;30/06/1981;COMUM
TAXI;27529;ATIVO;25/05/2014;COMUM
TAXI;27626;ATIVO;25/06/2014;COMUM RADIO
TAXI;27723;CANCELADO;25/06/2010;COMUM
TAXI;27820;ATIVO;25/06/2014;COMUM
TAXI;27928;ATIVO;25/03/2014;COMUM
TAXI;28029;ATIVO;25/06/2014;COMUM
TAXI;28126;ATIVO;25/06/2013;COMUM
TAXI;28223;ATIVO;25/02/2014;COMUM
TAXI;28320;ATIVO;25/06/2014;COMUM
TAXI;28428;ATIVO;25/06/2014;COMUM
TAXI;28525;ATIVO;25/06/2014;COMUM
TAXI;28622;ATIVO;25/06/2014;COMUM
TAXI;28720;CANCELADO;25/06/1989;COMUM
TAXI;28827;ATIVO;25/06/2014;COMUM RADIO
TAXI;28924;ATIVO;25/06/2014;COMUM RADIO
TAXI;29025;CANCELADO;25/06/1996;COMUM RADIO
TAXI;29122;ATIVO;25/06/2014;COMUM
TAXI;29220;ATIVO;25/06/2014;COMUM
TAXI;29327;ATIVO;25/06/2014;COMUM RADIO
TAXI;29424;ATIVO;25/06/2014;COMUM
TAXI;29521;CANCELADO;25/06/1989;COMUM
TAXI;29629;CANCELADO;31/05/1978;COMUM
TAXI;29726;ATIVO;25/06/2014;COMUM
TAXI;29823;ATIVO;25/06/2014;COMUM
TAXI;29920;ATIVO;25/06/2014;COMUM RADIO
TAXI;30023;ATIVO;25/06/2014;COMUM
TAXI;30120;ATIVO;25/06/2014;COMUM
TAXI;30228;ATIVO;25/06/2014;COMUM
TAXI;30325;ATIVO;25/06/2014;COMUM
TAXI;30422;ATIVO;25/06/2014;COMUM
TAXI;30520;CANCELADO;30/06/1983;COMUM
TAXI;30627;ATIVO;25/06/2014;COMUM
TAXI;30724;ATIVO;25/06/2014;COMUM
TAXI;30821;CANCELADO;25/06/2004;COMUM
TAXI;30929;ATIVO;25/06/2014;COMUM
TAXI;31020;CANCELADO;25/06/1987;COMUM
TAXI;31127;ATIVO;25/06/2014;COMUM
TAXI;31224;ATIVO;25/06/2014;COMUM
TAXI;31321;ATIVO;25/06/2014;COMUM
TAXI;31429;ATIVO;25/06/2014;COMUM
TAXI;31526;ATIVO;25/06/2014;COMUM RADIO
TAXI;31623;ATIVO;25/06/2014;COMUM RADIO
TAXI;31720;ATIVO;25/06/2014;COMUM
TAXI;31828;ATIVO;25/06/2014;COMUM
TAXI;31925;ATIVO;25/06/2014;COMUM
TAXI;32026;CANCELADO;31/05/1982;COMUM
TAXI;32123;CANCELADO;30/06/1984;COMUM
TAXI;32220;ATIVO;25/05/2014;COMUM
TAXI;32328;ATIVO;25/06/2014;COMUM
TAXI;32425;CANCELADO;30/06/1982;COMUM
TAXI;32522;CANCELADO;30/06/1980;COMUM
TAXI;32620;ATIVO;25/06/2014;COMUM
TAXI;32727;ATIVO;25/06/2014;COMUM
TAXI;32824;CANCELADO;25/06/1988;COMUM
TAXI;32921;ATIVO;25/06/2014;COMUM
TAXI;33022;ATIVO;25/02/2015;ESPECIAL
TAXI;33120;ATIVO;25/06/2014;COMUM
TAXI;33227;ATIVO;25/06/2014;COMUM
TAXI;33324;ATIVO;25/06/2014;COMUM
TAXI;33421;ATIVO;25/09/2014;COMUM
TAXI;33529;ATIVO;25/06/2014;COMUM RADIO
TAXI;33626;ATIVO;25/06/2014;COMUM
TAXI;33723;CANCELADO;31/08/1983;COMUM
TAXI;33820;ATIVO;25/06/2014;COMUM
TAXI;33928;ATIVO;25/06/2014;COMUM
TAXI;34029;ATIVO;25/06/2014;COMUM
TAXI;34126;CANCELADO;25/05/1988;COMUM
TAXI;34223;ATIVO;25/06/2014;COMUM
TAXI;34320;ATIVO;25/06/2014;COMUM RADIO
TAXI;34428;CANCELADO;30/06/1980;COMUM
TAXI;34525;ATIVO;25/06/2014;COMUM
TAXI;34622;ATIVO;25/06/2014;COMUM
TAXI;34720;ATIVO;25/06/2014;COMUM
TAXI;34827;ATIVO;25/06/2014;COMUM
TAXI;34924;ATIVO;25/06/2014;COMUM
TAXI;35025;ATIVO;25/06/2014;COMUM
TAXI;35122;ATIVO;25/02/2015;COMUM
TAXI;35220;ATIVO;25/05/2014;COMUM
TAXI;35327;ATIVO;25/06/2014;COMUM
TAXI;35424;ATIVO;25/06/2014;COMUM
TAXI;35521;ATIVO;25/06/2014;COMUM
TAXI;35629;ATIVO;25/06/2014;COMUM
TAXI;35726;ATIVO;25/05/2014;COMUM
TAXI;35823;CANCELADO;25/06/2009;COMUM
TAXI;35920;ATIVO;25/06/2014;COMUM
TAXI;36021;ATIVO;25/06/2014;COMUM
TAXI;36129;ATIVO;25/06/2014;COMUM
TAXI;36226;ATIVO;25/05/2014;COMUM
TAXI;36323;CANCELADO;25/06/1989;COMUM
TAXI;36420;ATIVO;25/05/2014;COMUM
TAXI;36528;ATIVO;25/06/2014;COMUM
TAXI;36625;ATIVO;25/06/2014;COMUM
TAXI;36722;ATIVO;25/06/2014;COMUM RADIO
TAXI;36820;ATIVO;25/06/2014;COMUM
TAXI;36927;ATIVO;25/06/2014;COMUM
TAXI;37028;ATIVO;25/06/2014;COMUM
TAXI;37125;ATIVO;25/05/2014;COMUM
TAXI;37222;ATIVO;05/02/2015;COMUM
TAXI;37320;ATIVO;25/10/2014;LUXO
TAXI;37427;ATIVO;25/06/2014;COMUM
TAXI;37524;ATIVO;25/04/2014;COMUM
TAXI;37621;ATIVO;25/06/2014;COMUM
TAXI;37729;ATIVO;25/06/2014;COMUM RADIO
TAXI;37826;ATIVO;25/06/2014;COMUM
TAXI;37923;ATIVO;25/06/2014;COMUM
TAXI;38024;ATIVO;25/06/2014;COMUM
TAXI;38121;CANCELADO;25/06/1985;COMUM
TAXI;38229;ATIVO;25/06/2014;COMUM
TAXI;38326;ATIVO;25/06/2014;COMUM
TAXI;38423;ATIVO;25/06/2014;COMUM
TAXI;38520;ATIVO;25/06/2014;COMUM RADIO
TAXI;38628;ATIVO;25/06/2014;COMUM
TAXI;38725;ATIVO;25/06/2014;COMUM
TAXI;38822;CANCELADO;25/06/1988;COMUM
TAXI;38920;ATIVO;25/06/2014;COMUM
TAXI;39020;ATIVO;25/10/2014;COMUM
TAXI;39128;ATIVO;25/06/2014;COMUM
TAXI;39225;ATIVO;25/06/2014;COMUM RADIO
TAXI;39322;CANCELADO;30/06/1978;COMUM
TAXI;39420;ATIVO;25/06/2014;COMUM
TAXI;39527;ATIVO;25/06/2014;COMUM
TAXI;39624;ATIVO;25/06/2014;COMUM RADIO
TAXI;39721;ATIVO;25/06/2014;COMUM
TAXI;39829;ATIVO;25/06/2014;COMUM
TAXI;39926;ATIVO;25/06/2014;COMUM
TAXI;40029;ATIVO;25/06/2014;COMUM
TAXI;40126;CANCELADO;25/06/1990;COMUM RADIO
TAXI;40223;ATIVO;25/05/2014;COMUM
TAXI;40320;ATIVO;25/06/2014;COMUM
TAXI;40525;ATIVO;25/05/2014;COMUM
TAXI;40622;ATIVO;25/06/2014;COMUM
TAXI;40720;ATIVO;25/06/2014;COMUM
TAXI;40827;ATIVO;25/06/2014;COMUM
TAXI;40924;ATIVO;25/06/2014;COMUM
TAXI;41025;ATIVO;25/06/2014;COMUM
TAXI;41122;ATIVO;25/06/2014;COMUM
TAXI;41220;ATIVO;25/06/2014;COMUM RADIO
TAXI;41327;ATIVO;25/06/2014;COMUM
TAXI;41424;ATIVO;25/06/2014;COMUM
TAXI;41521;ATIVO;25/05/2014;COMUM
TAXI;41629;ATIVO;25/06/2014;COMUM
TAXI;41726;ATIVO;25/06/2014;COMUM
TAXI;41823;ATIVO;25/06/2014;COMUM
TAXI;41920;ATIVO;25/06/2014;COMUM
TAXI;42021;CANCELADO;25/06/1990;COMUM
TAXI;42129;ATIVO;25/06/2014;COMUM
TAXI;42226;ATIVO;25/06/2014;COMUM
TAXI;42323;ATIVO;25/05/2014;COMUM RADIO
TAXI;42420;CANCELADO;25/06/2003;COMUM
TAXI;42528;ATIVO;25/06/2014;COMUM RADIO
TAXI;42625;ATIVO;25/05/2014;COMUM
TAXI;42722;ATIVO;25/06/2014;COMUM
TAXI;42820;ATIVO;25/06/2014;COMUM
TAXI;42927;ATIVO;25/06/2014;COMUM
TAXI;43028;ATIVO;25/06/2014;COMUM
TAXI;43125;ATIVO;25/05/2014;COMUM
TAXI;43222;ATIVO;25/06/2014;COMUM
TAXI;43320;ATIVO;25/06/2014;COMUM
TAXI;43427;ATIVO;25/06/2014;COMUM
TAXI;43524;ATIVO;25/06/2014;ESPECIAL
TAXI;43621;ATIVO;25/06/2014;COMUM RADIO
TAXI;43729;ATIVO;25/06/2014;COMUM RADIO
TAXI;43826;ATIVO;25/06/2014;COMUM
TAXI;43923;ATIVO;25/06/2014;COMUM RADIO
TAXI;44024;CANCELADO;25/06/1988;COMUM
TAXI;44121;ATIVO;25/06/2014;COMUM
TAXI;44229;ATIVO;25/06/2014;COMUM
TAXI;44326;ATIVO;25/05/2014;COMUM
TAXI;44423;ATIVO;25/06/2014;COMUM RADIO
TAXI;44520;ATIVO;25/06/2014;COMUM
TAXI;44628;ATIVO;25/06/2014;COMUM
TAXI;44725;ATIVO;25/06/2014;COMUM
TAXI;44822;ATIVO;25/06/2014;COMUM
TAXI;44920;ATIVO;25/06/2014;COMUM RADIO
TAXI;45020;ATIVO;25/06/2014;COMUM
TAXI;45128;ATIVO;25/06/2014;ESPECIAL
TAXI;45225;ATIVO;25/06/2014;COMUM
TAXI;45322;ATIVO;25/06/2014;COMUM
TAXI;45420;ATIVO;25/06/2014;COMUM
TAXI;45527;ATIVO;25/06/2014;COMUM
TAXI;45624;ATIVO;25/06/2014;ESPECIAL
TAXI;45721;ATIVO;25/06/2014;COMUM
TAXI;45829;ATIVO;25/06/2014;COMUM
TAXI;45926;ATIVO;05/11/2014;ESPECIAL
TAXI;46027;ATIVO;25/05/2014;COMUM
TAXI;46124;ATIVO;25/06/2014;COMUM
TAXI;46221;ATIVO;25/06/2014;COMUM RADIO
TAXI;46329;ATIVO;25/06/2014;COMUM
TAXI;46426;ATIVO;25/06/2014;COMUM
TAXI;46523;ATIVO;25/05/2014;COMUM
TAXI;46620;CANCELADO;25/06/1990;COMUM
TAXI;46728;CANCELADO;25/06/1992;COMUM
TAXI;46825;ATIVO;25/05/2014;COMUM
TAXI;46922;ATIVO;25/06/2014;COMUM
TAXI;47023;BLOQUEADO;25/06/2014;COMUM
TAXI;47120;ATIVO;25/06/2014;COMUM
TAXI;47228;CANCELADO;25/06/1991;COMUM
TAXI;47325;ATIVO;25/06/2014;COMUM
TAXI;47422;ATIVO;25/05/2014;COMUM RADIO
TAXI;47520;ATIVO;25/06/2014;COMUM
TAXI;47627;ATIVO;25/06/2014;COMUM
TAXI;47724;ATIVO;25/06/2014;COMUM
TAXI;47821;BLOQUEADO;25/06/2009;COMUM
TAXI;47929;ATIVO;25/06/2014;COMUM
TAXI;48020;ATIVO;25/06/2014;COMUM RADIO
TAXI;48127;ATIVO;25/06/2014;COMUM
TAXI;48224;ATIVO;25/06/2014;ESPECIAL
TAXI;48429;ATIVO;25/03/2014;COMUM
TAXI;48526;ATIVO;25/06/2014;COMUM RADIO
TAXI;48623;ATIVO;25/06/2014;COMUM
TAXI;48720;CANCELADO;25/05/1990;COMUM
TAXI;48828;ATIVO;25/06/2014;COMUM RADIO
TAXI;48925;ATIVO;25/06/2014;ESPECIAL
TAXI;49026;ATIVO;25/06/2014;COMUM
TAXI;49123;ATIVO;25/06/2014;COMUM
TAXI;49220;ATIVO;25/06/2014;COMUM
TAXI;49328;CANCELADO;25/05/2011;COMUM RADIO
TAXI;49425;ATIVO;25/05/2014;COMUM RADIO
TAXI;49522;CANCELADO;30/06/1980;COMUM
TAXI;49620;ATIVO;25/06/2014;COMUM
TAXI;49727;ATIVO;25/06/2014;COMUM
TAXI;49824;ATIVO;25/05/2014;COMUM
TAXI;49921;ATIVO;25/06/2014;COMUM
TAXI;50024;ATIVO;25/06/2014;COMUM
TAXI;50121;CANCELADO;25/06/1986;COMUM
