numenc;descricao
1110177135;REGULAMENTA ESTACIONAMENTO
1110179138;REGULAMENTA ESTACIONAMENTO
1110179138;SINALIZACAO SERVICOS/EDUCATIVA
1110179138;SINALIZA큐O DE ADVERTENCIA
1310001146;PAIRE ESCOLA
1310065136;REGULAMENTA/ALTERA CIRCULACAO
1310065136;REGULAMENTA ESTACIONAMENTO
1310065136;REGULAMENTA VELOCIDADE
1310065136;PAIRE MOTO
1310065136;PROJETO GEOMETRICO
1310065136;PONTO TAXI
1310065136;ZONA AZUL
1310065136;PAIRE ONIBUS
1310065136;VAGAS IMPLANTADAS DE ZONA AZUL-CAMINHAO
1310065136;ZONA AZUL / IDOSO
1510011110;REGULAMENTA/ALTERA CIRCULACAO
1510013113;REGULAMENTA/ALTERA CIRCULACAO
1510059091;RESTRI큐O FISICA
1510076123;PAIRE FARMACIA
1510076123;ZONA AZUL
1510081127;PAIRE ESCOLA
1510126112;REGULAMENTA ESTACIONAMENTO
1510145087;REGULAMENTA ESTACIONAMENTO
1510145087;REGULAMENTA CARGA/DESCARGA
1610046129;REGULAMENTA CARGA/DESCARGA
1610063120;REGULAMENTA ESTACIONAMENTO
1610070127;REGULAMENTA ESTACIONAMENTO
1710063122;REGULAMENTA ESTACIONAMENTO
1710115092;PAIRE ESCOLA
1710119098;TRAVESSIA DE PEDESTRES ILUMINADA
1710121092;TRAVESSIA DE PEDESTRES ILUMINADA
1710122099;TRAVESSIA DE PEDESTRES ILUMINADA
1710123095;TRAVESSIA DE PEDESTRES ILUMINADA
1710124091;TRAVESSIA DE PEDESTRES ILUMINADA
1710125098;TRAVESSIA DE PEDESTRES ILUMINADA
1710126094;TRAVESSIA DE PEDESTRES ILUMINADA
1710129093;TRAVESSIA DE PEDESTRES ILUMINADA
1710130091;TRAVESSIA DE PEDESTRES ILUMINADA
1710131098;TRAVESSIA DE PEDESTRES ILUMINADA
1710132094;TRAVESSIA DE PEDESTRES ILUMINADA
1710133090;TRAVESSIA DE PEDESTRES ILUMINADA
1710134097;TRAVESSIA DE PEDESTRES ILUMINADA
1710135093;TRAVESSIA DE PEDESTRES ILUMINADA
1710139099;TRAVESSIA DE PEDESTRES ILUMINADA
1710140097;TRAVESSIA DE PEDESTRES ILUMINADA
1710141093;TRAVESSIA DE PEDESTRES ILUMINADA
1710143096;TRAVESSIA DE PEDESTRES ILUMINADA
1710144092;TRAVESSIA DE PEDESTRES ILUMINADA
1710146095;TRAVESSIA DE PEDESTRES ILUMINADA
1710151099;TRAVESSIA DE PEDESTRES ILUMINADA
1710152095;TRAVESSIA DE PEDESTRES ILUMINADA
1710156090;TRAVESSIA DE PEDESTRES ILUMINADA
1710157097;TRAVESSIA DE PEDESTRES ILUMINADA
1710158093;TRAVESSIA DE PEDESTRES ILUMINADA
1710159090;TRAVESSIA DE PEDESTRES ILUMINADA
1710160098;TRAVESSIA DE PEDESTRES ILUMINADA
1710164085;REGULAMENTA ESTACIONAMENTO
1710164085;PROJETO GEOMETRICO
1910005053;SEMAFORO ELETRONICO
1910015067;SEMAFORO ELETRONICO
1910022055;SEMAFORO ELETRONICO
1910026093;SEMAFORO ELETRONICO
1910029076;SEMAFORO ELETRONICO
1910041122;SEMAFORO ELETRONICO
1910046060;SEMAFORO ELETRONICO
1910048062;SEMAFORO ELETRONICO
1910051098;SEMAFORO ELETRONICO
1910057053;SEMAFORO ELETRONICO
1910058050;SEMAFORO ELETRONICO
1910067059;SEMAFORO ELETRONICO
1910071056;SEMAFORO ELETRONICO
1910074055;SEMAFORO ELETROMECANICO
1910092096;SEMAFORO ELETRONICO
1910107093;SEMAFORO ELETRONICO
1910107093;PROJETO DE SEGURAN큐 - PEDESTRE
1910121096;SEMAFORO ELETRONICO
1910127078;PROJETO DE SEGURAN큐 - PEDESTRE
1910127108;SEMAFORO ELETRONICO
1910146064;SEMAFORO ELETRONICO
1910148067;SEMAFORO ELETRONICO
1910165069;SEMAFORO ELETRONICO
1910178063;SEMAFORO ELETRONICO
1910183067;SEMAFORO ELETRONICO
1910192066;SEMAFORO ELETRONICO
1910202061;SEMAFORO ELETRONICO
1910206067;SEMAFORO ELETRONICO
1910225061;SEMAFORO ELETRONICO
1910228060;SEMAFORO ELETRONICO
1910229067;SEMAFORO ELETRONICO
2110003146;HORIZ.SIST.VIARIO SECUNDARIO
2110004142;HORIZ.SIST.VIARIO SECUNDARIO
2110004142;PAIRE ESCOLA
2110006145;PROJETO GEOMETRICO
2110007141;REGULAMENTA ESTACIONAMENTO
2110008148;REGULAMENTA ESTACIONAMENTO
2110009144;REGULAMENTA ESTACIONAMENTO
2110010142;REGULAMENTA ESTACIONAMENTO
2110012145;REGULAMENTA ESTACIONAMENTO
2110016140;REGULAMENTA/ALTERA CIRCULACAO
2110019140;REGULAMENTA ESTACIONAMENTO
2110020148;REGULAMENTA PREFERENCIAL
2110022140;SINALIZACAO SERVICOS/EDUCATIVA
2110023147;HORIZ.SIST.VIARIO SECUNDARIO
2110023147;PAIRE ESCOLA
2110026146;REGULAMENTA ESTACIONAMENTO
2110026146;HORIZ.SIST.VIARIO SECUNDARIO
2110026146;PAIRE ESCOLA
2110026146;PROJETO DE SEGURAN큐
2110027142;REGULAMENTA ESTACIONAMENTO
2110027142;HORIZ.SIST.VIARIO SECUNDARIO
2110028149;HORIZ.SIST.VIARIO SECUNDARIO
2110028149;PROJETO DE SEGURAN큐
2110029145;SINALIZA큐O DE ADVERTENCIA
2110030143;SINALIZA큐O DE ADVERTENCIA
2110032146;REGULAMENTA/ALTERA CIRCULACAO
2110034149;REGULAMENTA ESTACIONAMENTO
2110065133;REGULAMENTA ESTACIONAMENTO
2110071133;HORIZ.SIST.VIARIO SECUNDARIO
2110071133;DISPOSITIVOS AUXILIARES
2110077131;REGULAMENTA ESTACIONAMENTO
2110085134;REGULAMENTA PREFERENCIAL
2110085134;HORIZ.SIST.VIARIO SECUNDARIO
2110085134;PROJETO DE SEGURAN큐 - PEDESTRE
2110085134;DISPOSITIVOS AUXILIARES
2110087137;HORIZ.SIST.VIARIO SECUNDARIO
2110088133;REGULAMENTA ESTACIONAMENTO
2110089130;PAIRE ONIBUS
2110090138;REGULAMENTA ESTACIONAMENTO
2110091134;SINALIZA큐O DE ADVERTENCIA
2110091134;PROJETO DE SEGURAN큐
2110093137;REGULAMENTA ESTACIONAMENTO
2110093137;HORIZ.SIST.VIARIO SECUNDARIO
2110093137;PAIRE ESCOLA
2110096136;SINALIZA큐O DE ADVERTENCIA
2110097132;REGULAMENTA VELOCIDADE
2110098139;REGULAMENTA PREFERENCIAL
2110098139;SINALIZA큐O DE ADVERTENCIA
2110098139;PROJETO DE SEGURAN큐
2110099135;REGULAMENTA ESTACIONAMENTO
2110099135;HORIZ.SIST.VIARIO SECUNDARIO
2110099135;PROJETO DE SEGURAN큐
2110099135;DISPOSITIVOS AUXILIARES
2110103132;PROJETO DE SEGURAN큐 - PEDESTRE
2110103132;DISPOSITIVOS AUXILIARES
2110114134;REGULAMENTA ESTACIONAMENTO
2110114134;SINALIZA큐O DE ADVERTENCIA
2110114134;PAIRE ESCOLA
2110116137;SINALIZA큐O DE ADVERTENCIA
2110117133;SINALIZA큐O DE ADVERTENCIA
2110121130;REGULAMENTA ESTACIONAMENTO
2110121130;HORIZ.SIST.VIARIO SECUNDARIO
2110121130;PAIRE ESCOLA
2110124130;HORIZ.SIST.VIARIO SECUNDARIO
2110124130;PROJETO DE SEGURAN큐
2110124130;DISPOSITIVOS AUXILIARES
2110125136;REGULAMENTA ESTACIONAMENTO
2110125136;SINALIZA큐O DE ADVERTENCIA
2110125136;HORIZ.SIST.VIARIO SECUNDARIO
2110125136;PROJETO DE SEGURAN큐
2110126132;REGULAMENTA/ALTERA CIRCULACAO
2110127139;REGULAMENTA ESTACIONAMENTO
2110128135;REGULAMENTA ESTACIONAMENTO
2110129131;REGULAMENTA ESTACIONAMENTO
2110130130;SINALIZA큐O DE ADVERTENCIA
2110131136;SINALIZA큐O DE ADVERTENCIA
2110132132;REGULAMENTA ESTACIONAMENTO
2110132132;PAIRE ONIBUS
2110133139;REGULAMENTA ESTACIONAMENTO
2110133139;HORIZ.SIST.VIARIO SECUNDARIO
2110133139;PAIRE ESCOLA
2110134135;REGULAMENTA/ALTERA CIRCULACAO
2110135131;REGULAMENTA ESTACIONAMENTO
2110136138;SINALIZA큐O DE ADVERTENCIA
2110137134;HORIZ.SIST.VIARIO SECUNDARIO
2110138130;REGULAMENTA PREFERENCIAL
2110139137;REGULAMENTA VELOCIDADE
2110145137;REGULAMENTA/ALTERA CIRCULACAO
2110147130;HORIZ.SIST.VIARIO SECUNDARIO
2110148136;REGULAMENTA ESTACIONAMENTO
2110149132;SINALIZA큐O DE ADVERTENCIA
2110151137;REGULAMENTA/ALTERA CIRCULACAO
2110152133;REGULAMENTA PREFERENCIAL
2110153130;REGULAMENTA ESTACIONAMENTO
2110153130;SINALIZA큐O DE ADVERTENCIA
2110155132;REGULAMENTA ESTACIONAMENTO
2110156139;SINALIZA큐O DE ADVERTENCIA
2110157135;REGULAMENTA ESTACIONAMENTO
2110158131;SINALIZA큐O DE ADVERTENCIA
2110159120;SINALIZA큐O DE ORIENTACAO
2110159138;REGULAMENTA ESTACIONAMENTO
2110160128;PAIRE ESCOLA
2110161132;REGULAMENTA ESTACIONAMENTO
2110161132;SINALIZA큐O DE ADVERTENCIA
2110161132;HORIZ.SIST.VIARIO SECUNDARIO
2110161132;REGULAMENTA VELOCIDADE
2110161132;PROJETO DE SEGURAN큐
2110164131;REGULAMENTA ESTACIONAMENTO
2110165138;REGULAMENTA ESTACIONAMENTO
2110166134;REGULAMENTA ESTACIONAMENTO
2110167130;REGULAMENTA PREFERENCIAL
2110169133;REGULAMENTA PREFERENCIAL
2110170131;DISPOSITIVOS AUXILIARES
2110172134;HORIZ.SIST.VIARIO SECUNDARIO
2110176130;REGULAMENTA ESTACIONAMENTO
2110177136;REGULAMENTA ESTACIONAMENTO
2110189134;REGULAMENTA ESTACIONAMENTO
2110191139;REGULAMENTA FAIXA EXCLUSIVA
2110193131;REGULAMENTA/ALTERA CIRCULACAO
2110193131;REGULAMENTA PREFERENCIAL
2110193131;HORIZ.SIST.VIARIO SECUNDARIO
2110193131;REGULAMENTA VELOCIDADE
2110193131;PROJETO DE SEGURAN큐
2110194138;REGULAMENTA PREFERENCIAL
2110194138;SINALIZA큐O DE ADVERTENCIA
2110195134;SINALIZA큐O DE ADVERTENCIA
2110197137;HORIZ. SIST. VIARIO PRINCIPAL
2110198133;REGULAMENTA/ALTERA CIRCULACAO
2110199130;REGULAMENTA ESTACIONAMENTO
2110200138;REGULAMENTA ESTACIONAMENTO
2110201134;REGULAMENTA/ALTERA CIRCULACAO
2110205130;REGULAMENTA PREFERENCIAL
2110207124;PAIRE ESCOLA
2110210133;REGULAMENTA ESTACIONAMENTO
2110211130;SINALIZA큐O DE ADVERTENCIA
2110215135;REGULAMENTA ESTACIONAMENTO
2110216131;REGULAMENTA ESTACIONAMENTO
2110217138;REGULAMENTA ESTACIONAMENTO
2110217138;SINALIZA큐O DE ADVERTENCIA
2110221135;REGULAMENTA ESTACIONAMENTO
2110222131;SINALIZACAO SERVICOS/EDUCATIVA
2110225130;REGULAMENTA ESTACIONAMENTO
2110226137;REGULAMENTA/ALTERA CIRCULACAO
2110227133;REGULAMENTA ESTACIONAMENTO
2110227133;HORIZ.SIST.VIARIO SECUNDARIO
2110227133;PAIRE FARMACIA
2110228130;HORIZ.SIST.VIARIO SECUNDARIO
2110228130;PAIRE ONIBUS
2110230134;SINALIZACAO SERVICOS/EDUCATIVA
2110231130;DISPOSITIVOS AUXILIARES
2110233133;HORIZ. SIST. VIARIO PRINCIPAL
2110235136;REGULAMENTA/ALTERA CIRCULACAO
2110236132;HORIZ.SIST.VIARIO SECUNDARIO
2110240130;REGULAMENTA CIRCULA?AO DE ONIBUS E CAMINHOES
2110241136;REGULAMENTA ESTACIONAMENTO
2110242132;REGULAMENTA/ALTERA CIRCULACAO
2110248122;REGULAMENTA VELOCIDADE
2110253134;REGULAMENTA CIRCULA큐O DE CAMINHOES
2110256133;REGULAMENTA ESTACIONAMENTO
2110256133;REGULAMENTA PREFERENCIAL
2110256133;SINALIZA큐O DE ADVERTENCIA
2110256133;HORIZ.SIST.VIARIO SECUNDARIO
2110256133;REGULAMENTA VELOCIDADE
2110256133;PAIRE ESCOLA
2110256133;LOMBADA-MANUT. HORIZONTAL
2110258136;REGULAMENTA/ALTERA CIRCULACAO
2110258136;SINALIZA큐O DE ADVERTENCIA
2110259132;REGULAMENTA CIRCULA큐O DE CAMINHOES
2110263130;SINALIZA큐O DE ADVERTENCIA
2110264136;REGULAMENTA ESTACIONAMENTO
2110265132;REGULAMENTA ESTACIONAMENTO
2110266139;REGULAMENTA ESTACIONAMENTO
2110267135;REGULAMENTA ESTACIONAMENTO
2110267135;HORIZ.SIST.VIARIO SECUNDARIO
2110269138;REGULAMENTA ESTACIONAMENTO
2110269138;HORIZ.SIST.VIARIO SECUNDARIO
2110274131;REGULAMENTA ESTACIONAMENTO
2210153131;HORIZ. SIST. VIARIO PRINCIPAL
2210190134;REGULAMENTA ESTACIONAMENTO
2210190134;PAIRE ESCOLA
2210366100;REGULAMENTA ESTACIONAMENTO
2210366100;HORIZ.SIST.VIARIO SECUNDARIO
2210460107;REGULAMENTA ESTACIONAMENTO
2310001139;REGULAMENTA PREFERENCIAL
2310002135;SINALIZA큐O DE ADVERTENCIA
2310003131;SINALIZA큐O DE ADVERTENCIA
2310004138;SINALIZA큐O DE ADVERTENCIA
2310004138;REGULAMENTA ALTURA DE PONTES E VIADUTOS
2310005134;REGULAMENTA/ALTERA CIRCULACAO
2310006130;PROJETO DE SEGURAN큐
2310007137;REGULAMENTA ESTACIONAMENTO
2310009130;REGULAMENTA ESTACIONAMENTO
2310010138;REGULAMENTA ESTACIONAMENTO
2310011134;PROJETO DE SEGURAN큐
2310012130;REGULAMENTA/ALTERA CIRCULACAO
2310013137;REGULAMENTA VELOCIDADE
2310014133;HORIZ.SIST.VIARIO SECUNDARIO
2310014133;PROJETO DE SEGURAN큐 - PEDESTRE
2310015130;PROJETO DE SEGURAN큐
2310015130;PROJETO DE SEGURAN큐 - PEDESTRE
2310016136;REGULAMENTA CIRCULA큐O DE CAMINHOES
2310017132;REGULAMENTA CIRCULA큐O DE CAMINHOES
2310018139;REGULAMENTA/ALTERA CIRCULACAO
2310019135;REGULAMENTA ESTACIONAMENTO
2310020133;REGULAMENTA ESTACIONAMENTO
2310021130;PROJETO DE SEGURAN큐
2310022136;REGULAMENTA PREFERENCIAL
2310022136;PROJETO DE SEGURAN큐
2310024139;REGULAMENTA ESTACIONAMENTO
2310028088;PROJETO GEOMETRICO
2310028088;PROJETO OBRA CIVIL
2310028134;REGULAMENTA CIRCULA큐O DE CAMINHOES
2310029130;PROJETO DE SEGURAN큐
2310029130;DISPOSITIVOS AUXILIARES
2310032131;REGULAMENTA ESTACIONAMENTO
2310033138;REGULAMENTA/ALTERA CIRCULACAO
2310034134;REGULAMENTA ESTACIONAMENTO
2310035130;REGULAMENTA ESTACIONAMENTO
2310037133;REGULAMENTA ESTACIONAMENTO
2310050091;SINALIZA큐O DE ORIENTACAO
2310057100;HORIZ.SIST.VIARIO SECUNDARIO
2310063096;HORIZ.SIST.VIARIO SECUNDARIO
2310070122;PROJETO ESCOLA
2310070122;SINALIZA큐O DE ORIENTACAO
2310070122;REGULAMENTA ESTACIONAMENTO
2310070122;SINALIZA큐O DE ADVERTENCIA
2310070122;REGULAMENTA VELOCIDADE
2310070122;PROJETO DE SEGURAN큐 - PEDESTRE
2310070122;MANUTEN츒 DE SINALIZA츒 JUNTO S ESCOLAS
2310072125;ZONA AZUL
2310078115;PROJETO DE SEGURAN큐 - PEDESTRE
2310079120;REGULAMENTA CIRCULA큐O DE CAMINHOES
2310090093;PROJETO DE SEGURAN큐 - PEDESTRE
2310092088;REGULAMENTA ESTACIONAMENTO
2310099120;REGULAMENTA CIRCULA큐O DE CAMINHOES
2310107123;REGULAMENTA ESTACIONAMENTO
2310108120;REGULAMENTA ESTACIONAMENTO
2310109126;REGULAMENTA CIRCULA큐O DE CAMINHOES
2310114090;PROJETO GEOMETRICO
2310114090;PROJETO DE SEGURAN큐 - PEDESTRE
2310115096;REGULAMENTA/ALTERA CIRCULACAO
2310115096;SINALIZA큐O DE ADVERTENCIA
2310117129;PROJETO DE SEGURAN큐
2310118079;PROJETO GEOMETRICO
2310118109;PAIRE ESCOLA
2310119075;PROJETO GEOMETRICO
2310120103;PAIRE ESCOLA
2310121070;REGULAMENTA/ALTERA CIRCULACAO
2310121070;REGULAMENTA ESTACIONAMENTO
2310121070;HORIZ.SIST.VIARIO SECUNDARIO
2310123129;REGULAMENTA/ALTERA CIRCULACAO
2310123129;REGULAMENTA ESTACIONAMENTO
2310123129;SINALIZA큐O DE ADVERTENCIA
2310126128;SINALIZA큐O DE ADVERTENCIA
2310127124;REGULAMENTA ESTACIONAMENTO
2310129127;REGULAMENTA ESTACIONAMENTO
2310131121;REGULAMENTA ESTACIONAMENTO
2310132128;REGULAMENTA/ALTERA CIRCULACAO
2310132128;REGULAMENTA ESTACIONAMENTO
2310132128;REGULAMENTA PREFERENCIAL
2310132128;SINALIZA큐O DE ADVERTENCIA
2310132128;PROJETO DE SEGURAN큐
2310132128;MANUTEN큐O DE MINI-ROTATORIA
2310134074;HORIZ.SIST.VIARIO SECUNDARIO
2310139122;SINALIZA큐O DE ADVERTENCIA
2310139122;PROJETO DE SEGURAN큐
2310140082;PROJETO OBRA CIVIL
2310140120;SINALIZA큐O DE ADVERTENCIA
2310140120;PROJETO DE SEGURAN큐
2310147125;PROJETO DE SEGURAN큐
2310156124;REGULAMENTA ESTACIONAMENTO
2310156124;PROJETO DE SEGURAN큐
2310159123;REGULAMENTA/ALTERA CIRCULACAO
2310161098;REGULAMENTA ESTACIONAMENTO
2310161098;REGULAMENTA CARGA/DESCARGA
2310162094;REGULAMENTA ESTACIONAMENTO
2310162094;REGULAMENTA CARGA/DESCARGA
2310163090;REGULAMENTA ESTACIONAMENTO
2310163090;REGULAMENTA CARGA/DESCARGA
2310164097;REGULAMENTA ESTACIONAMENTO
2310164097;REGULAMENTA CARGA/DESCARGA
2310164127;HORIZ.SIST.VIARIO SECUNDARIO
2310164127;PROJETO DE SEGURAN큐
2310164127;DISPOSITIVOS AUXILIARES
2310165093;REGULAMENTA ESTACIONAMENTO
2310165093;REGULAMENTA CARGA/DESCARGA
2310165123;REGULAMENTA ESTACIONAMENTO
2310166090;REGULAMENTA ESTACIONAMENTO
2310166090;REGULAMENTA CARGA/DESCARGA
2310167096;REGULAMENTA ESTACIONAMENTO
2310167096;REGULAMENTA CARGA/DESCARGA
2310168092;REGULAMENTA ESTACIONAMENTO
2310168092;REGULAMENTA CARGA/DESCARGA
2310168122;REGULAMENTA/ALTERA CIRCULACAO
2310169099;REGULAMENTA ESTACIONAMENTO
2310169099;REGULAMENTA CARGA/DESCARGA
2310169129;REGULAMENTA ESTACIONAMENTO
2310170097;REGULAMENTA ESTACIONAMENTO
2310170097;REGULAMENTA CARGA/DESCARGA
2310170127;PLACA S츒 FRANCISCO
2310171123;SINALIZA큐O DE ADVERTENCIA
2310175129;REGULAMENTA ESTACIONAMENTO
2310176087;HORIZ. SIST. VIARIO PRINCIPAL
2310177121;PROJETO MINI ROTATORIA
2310178128;REGULAMENTA ESTACIONAMENTO
2310181129;REGULAMENTA ESTACIONAMENTO
2310184128;REGULAMENTA VELOCIDADE
2310185124;REGULAMENTA/ALTERA CIRCULACAO
2310185124;REGULAMENTA CIRCULA?AO DE ONIBUS E CAMINHOES
2310186120;REGULAMENTA ESTACIONAMENTO
2310187119;PROJETO DE SEGURAN큐 - PEDESTRE
2310187127;REGULAMENTA VELOCIDADE
2310191108;SINALIZA큐O DE ADVERTENCIA
2310191108;REGULAMENTA VELOCIDADE
2310192120;SINALIZA큐O DE ADVERTENCIA
2310192120;PROJETO DE SEGURAN큐 - PEDESTRE
2310193097;REGULAMENTA ESTACIONAMENTO
2310193097;REGULAMENTA CARGA/DESCARGA
2310194093;REGULAMENTA ESTACIONAMENTO
2310194093;REGULAMENTA CARGA/DESCARGA
2310195120;REGULAMENTA/ALTERA CIRCULACAO
2310195120;PROJETO CICLOVIARIO
2310196126;REGULAMENTA ESTACIONAMENTO
2310196126;SINALIZACAO SERVICOS/EDUCATIVA
2310197122;REGULAMENTA ESTACIONAMENTO
2310198129;REGULAMENTA CIRCULA큐O DE CAMINHOES
2310199125;REGULAMENTA CIRCULA큐O DE CAMINHOES
2310200123;REGULAMENTA CIRCULA큐O DE CAMINHOES
2310201120;REGULAMENTA CIRCULA큐O DE CAMINHOES
2310202126;REGULAMENTA CIRCULA큐O DE CAMINHOES
2310203122;REGULAMENTA CIRCULA큐O DE CAMINHOES
2310207128;REGULAMENTA/ALTERA CIRCULACAO
2310208124;REGULAMENTA ESTACIONAMENTO
2310210064;TRAVESSIA DE PEDESTRES ILUMINADA
2310212083;HORIZ.SIST.VIARIO SECUNDARIO
2310216127;REGULAMENTA PREFERENCIAL
2310216127;SINALIZA큐O DE ADVERTENCIA
2310216127;REGULAMENTA VELOCIDADE
2310221120;REGULAMENTA ESTACIONAMENTO
2310223123;HORIZ.SIST.VIARIO SECUNDARIO
2310224120;REGULAMENTA ESTACIONAMENTO
2310224120;HORIZ.SIST.VIARIO SECUNDARIO
2310224120;PAIRE TEMPLOS RELIGIOSOS
2310225126;MANUTEN큐O DE MINI-ROTATORIA
2310226122;REGULAMENTA/ALTERA CIRCULACAO
2310226122;REGULAMENTA ESTACIONAMENTO
2310226122;REGULAMENTA PREFERENCIAL
2310226122;PROJETO DE SEGURAN큐
2310227129;REGULAMENTA ESTACIONAMENTO
2310227129;REGULAMENTA PREFERENCIAL
2310227129;MANUTEN큐O DE MINI-ROTATORIA
2310228125;REGULAMENTA ESTACIONAMENTO
2310229091;PROJETO GEOMETRICO
2310229091;PROJETO DE SEGURAN큐 - PEDESTRE
2310230120;REGULAMENTA ESTACIONAMENTO
2310230120;SINALIZACAO SERVICOS/EDUCATIVA
2310230120;SINALIZA큐O DE ADVERTENCIA
2310230120;REGULAMENTA VELOCIDADE
2310230120;PAIRE ESCOLA
2310230120;PROJETO DE SEGURAN큐 - PEDESTRE
2310230120;MANUTEN츒 DE SINALIZA츒 JUNTO S ESCOLAS
2310231126;REGULAMENTA ESTACIONAMENTO
2310232092;PROJETO GEOMETRICO
2310232122;REGULAMENTA ESTACIONAMENTO
2310233129;REGULAMENTA ESTACIONAMENTO
2310236098;PAIRE ESCOLA
2310236110;PAIRE DEFICIENTE FISICO
2310237124;REGULAMENTA ESTACIONAMENTO
2310238120;REGULAMENTA ESTACIONAMENTO
2310239127;REGULAMENTA ESTACIONAMENTO
2310239127;HORIZ.SIST.VIARIO SECUNDARIO
2310239127;PAIRE ESCOLA
2310240125;REGULAMENTA VELOCIDADE
2310242101;HORIZONTAL RECAPE
2310242101;REGULAMENTA ESTACIONAMENTO
2310243124;REGULAMENTA CIRCULA큐O DE CAMINHOES
2310246107;REGULAMENTA ESTACIONAMENTO
2310246107;PAIRE ESCOLA
2310250120;REGULAMENTA VELOCIDADE
2310259098;HORIZ.SIST.VIARIO SECUNDARIO
2310260126;REGULAMENTA CIRCULA큐O DE CAMINHOES
2310261122;REGULAMENTA CIRCULA큐O DE CAMINHOES
2310262129;REGULAMENTA CIRCULA큐O DE CAMINHOES
2310263125;REGULAMENTA CIRCULA큐O DE CAMINHOES
2310264121;SINALIZA큐O DE ADVERTENCIA
2310264121;HORIZ.SIST.VIARIO SECUNDARIO
2310264121;PROJETO DE SEGURAN큐 - PEDESTRE
2310264121;MANUTEN츒 DE SINALIZA츒 JUNTO S ESCOLAS
2310265128;REGULAMENTA ESTACIONAMENTO
2310266124;REGULAMENTA CIRCULA큐O DE CAMINHOES
2310267120;SINALIZA큐O DE ADVERTENCIA
2310268127;REGULAMENTA ESTACIONAMENTO
2310269123;REGULAMENTA ESTACIONAMENTO
2310269123;SINALIZA큐O DE ADVERTENCIA
2310270121;SINALIZA큐O DE ADVERTENCIA
2310271128;REGULAMENTA ESTACIONAMENTO
2310271128;PAIRE ESCOLA
2310273120;PROJETO DE SEGURAN큐
2310274127;REGULAMENTA/ALTERA CIRCULACAO
2310277126;REGULAMENTA ESTACIONAMENTO
2310281123;REGULAMENTA ESTACIONAMENTO
2310281123;HORIZ.SIST.VIARIO SECUNDARIO
2310281123;PAIRE ESCOLA
2310282090;REGULAMENTA ESTACIONAMENTO
2310282090;HORIZ.SIST.VIARIO SECUNDARIO
2310282090;PAIRE ESCOLA
2310282090;PAIRE ONIBUS
2310285129;REGULAMENTA/ALTERA CIRCULACAO
2310286125;REGULAMENTA CIRCULA큐O DE CAMINHOES
2310287121;REGULAMENTA ESTACIONAMENTO
2310289124;REGULAMENTA ESTACIONAMENTO
2310292125;REGULAMENTA ESTACIONAMENTO
2310293121;REGULAMENTA ESTACIONAMENTO
2310293121;PAIRE ONIBUS
2310294128;REGULAMENTA ESTACIONAMENTO
2310296120;REGULAMENTA VELOCIDADE
2310297127;REGULAMENTA ESTACIONAMENTO
2310298123;REGULAMENTA/ALTERA CIRCULACAO
2310298123;REGULAMENTA PREFERENCIAL
2310299120;REGULAMENTA PREFERENCIAL
2310299120;SINALIZA큐O DE ADVERTENCIA
2310299120;PROJETO DE SEGURAN큐
2310300128;REGULAMENTA PREFERENCIAL
2310301124;SINALIZA큐O DE ADVERTENCIA
2310302120;PROJETO DE SEGURAN큐
2310304123;REGULAMENTA ESTACIONAMENTO
2310304123;HORIZ.SIST.VIARIO SECUNDARIO
2310304123;PAIRE ESCOLA
2310308129;HORIZ.SIST.VIARIO SECUNDARIO
2310309125;REGULAMENTA ESTACIONAMENTO
2310310093;REGULAMENTA/ALTERA CIRCULACAO
2310312126;REGULAMENTA ESTACIONAMENTO
2310312126;SINALIZA큐O DE ADVERTENCIA
2310314129;PROJETO DE SEGURAN큐 - PEDESTRE
2310315125;SINALIZA큐O DE ADVERTENCIA
2310316121;REGULAMENTA ESTACIONAMENTO
2310317110;PAIRE FARMACIA
2310320110;PAIRE ESCOLA
2310320129;SINALIZA큐O DE ADVERTENCIA
2310321125;REGULAMENTA ESTACIONAMENTO
2310321125;ZONA AZUL
2310322121;REGULAMENTA/ALTERA CIRCULACAO
2310323128;REGULAMENTA/ALTERA CIRCULACAO
2310325120;SINALIZA큐O DE ADVERTENCIA
2310327123;REGULAMENTA ESTACIONAMENTO
2310328120;SINALIZA큐O DE ADVERTENCIA
2310329126;SINALIZA큐O DE ADVERTENCIA
2310331120;REGULAMENTA PREFERENCIAL
2310331120;SINALIZA큐O DE ADVERTENCIA
2310332127;REGULAMENTA ESTACIONAMENTO
2310333123;REGULAMENTA ESTACIONAMENTO
2310334120;REGULAMENTA/ALTERA CIRCULACAO
2310334120;REGULAMENTA PREFERENCIAL
2310335126;REGULAMENTA ESTACIONAMENTO
2310337129;REGULAMENTA PREFERENCIAL
2310338125;REGULAMENTA/ALTERA CIRCULACAO
2310338125;REGULAMENTA PREFERENCIAL
2310340120;REGULAMENTA/ALTERA CIRCULACAO
2310340120;REGULAMENTA PREFERENCIAL
2310342122;REGULAMENTA/ALTERA CIRCULACAO
2310342122;REGULAMENTA PREFERENCIAL
2310343129;REGULAMENTA PREFERENCIAL
2310343129;SINALIZA큐O DE ADVERTENCIA
2310343129;REGULAMENTA VELOCIDADE
2310343129;PROJETO DE SEGURAN큐
2310344125;REGULAMENTA/ALTERA CIRCULACAO
2310344125;REGULAMENTA PREFERENCIAL
2310346128;REGULAMENTA ESTACIONAMENTO
2310347124;HORIZ. SIST. VIARIO PRINCIPAL
2310347124;SINALIZA큐O DE ADVERTENCIA
2310348120;REGULAMENTA/ALTERA CIRCULACAO
2310348120;REGULAMENTA PREFERENCIAL
2310348120;SINALIZA큐O DE ADVERTENCIA
2310349127;REGULAMENTA VELOCIDADE
2310350125;REGULAMENTA ESTACIONAMENTO
2310350125;SINALIZA큐O DE ADVERTENCIA
2310350125;REGULAMENTA VELOCIDADE
2310351121;REGULAMENTA/ALTERA CIRCULACAO
2310353124;PROJETO DE SEGURAN큐
2310354120;REGULAMENTA/ALTERA CIRCULACAO
2310354120;REGULAMENTA PREFERENCIAL
2310355127;REGULAMENTA/ALTERA CIRCULACAO
2310355127;REGULAMENTA PREFERENCIAL
2310356123;REGULAMENTA/ALTERA CIRCULACAO
2310356123;REGULAMENTA PREFERENCIAL
2310357120;REGULAMENTA ESTACIONAMENTO
2310358126;REGULAMENTA ESTACIONAMENTO
2310359122;REGULAMENTA/ALTERA CIRCULACAO
2310359122;REGULAMENTA PREFERENCIAL
2310360120;REGULAMENTA/ALTERA CIRCULACAO
2310360120;REGULAMENTA PREFERENCIAL
2310363120;REGULAMENTA/ALTERA CIRCULACAO
2310363120;REGULAMENTA ESTACIONAMENTO
2310365122;SINALIZA큐O DE ADVERTENCIA
2310367125;REGULAMENTA/ALTERA CIRCULACAO
2310367125;REGULAMENTA PREFERENCIAL
2310368121;SINALIZA큐O DE ADVERTENCIA
2310370126;REGULAMENTA/ALTERA CIRCULACAO
2310370126;REGULAMENTA PREFERENCIAL
2310371122;REGULAMENTA VELOCIDADE
2310374121;REGULAMENTA CIRCULA큐O DE CAMINHOES
2310377120;REGULAMENTA PREFERENCIAL
2310378127;REGULAMENTA ESTACIONAMENTO
2310379123;REGULAMENTA/ALTERA CIRCULACAO
2310379123;REGULAMENTA PREFERENCIAL
2310380121;REGULAMENTA PREFERENCIAL
2310380121;MANUTEN큐O DE MINI-ROTATORIA
2310382124;REGULAMENTA/ALTERA CIRCULACAO
2310382124;REGULAMENTA PREFERENCIAL
2310383120;REGULAMENTA ESTACIONAMENTO
2310384127;REGULAMENTA/ALTERA CIRCULACAO
2310384127;REGULAMENTA PREFERENCIAL
2310385123;SINALIZA큐O DE ADVERTENCIA
2310387126;REGULAMENTA ESTACIONAMENTO
2310391123;SINALIZA큐O DE ADVERTENCIA
2310393126;REGULAMENTA/ALTERA CIRCULACAO
2310393126;REGULAMENTA PREFERENCIAL
2310394114;REGULAMENTA ESTACIONAMENTO
2310394114;REGULAMENTA PREFERENCIAL
2310394114;REGULAMENTA VELOCIDADE
2310394122;REGULAMENTA ESTACIONAMENTO
2310395129;REGULAMENTA ESTACIONAMENTO
2310396125;REGULAMENTA ESTACIONAMENTO
2310397121;REGULAMENTA/ALTERA CIRCULACAO
2310398128;SINALIZA큐O DE ADVERTENCIA
2310399124;REGULAMENTA VELOCIDADE
2310400114;REGULAMENTA ESTACIONAMENTO
2310400122;SINALIZA큐O DE ADVERTENCIA
2310402125;SINALIZA큐O DE ADVERTENCIA
2310403121;REGULAMENTA/ALTERA CIRCULACAO
2310403121;REGULAMENTA ESTACIONAMENTO
2310403121;REGULAMENTA PREFERENCIAL
2310405116;PROJETO ESCOLA
2310405116;REGULAMENTA ESTACIONAMENTO
2310405116;HORIZ.SIST.VIARIO SECUNDARIO
2310405116;PAIRE ESCOLA
2310405124;REGULAMENTA/ALTERA CIRCULACAO
2310405124;SINALIZA큐O DE ADVERTENCIA
2310406120;REGULAMENTA/ALTERA CIRCULACAO
2310406120;REGULAMENTA PREFERENCIAL
2310408123;REGULAMENTA VELOCIDADE
2310409120;REGULAMENTA/ALTERA CIRCULACAO
2310409120;REGULAMENTA CIRCULA큐O DE CAMINHOES
2310410128;REGULAMENTA/ALTERA CIRCULACAO
2310410128;REGULAMENTA PREFERENCIAL
2310411124;REGULAMENTA ESTACIONAMENTO
2310412120;REGULAMENTA/ALTERA CIRCULACAO
2310412120;REGULAMENTA PREFERENCIAL
2310413127;PROJETO DE SEGURAN큐
2310414123;SINALIZA큐O DE ADVERTENCIA
2310414123;LOMBADA - ADEQUA츒 SINAL. VERT. / HORIZ.
2310416126;HORIZ.SIST.VIARIO SECUNDARIO
2310416126;REGULAMENTA VELOCIDADE
2310416126;PROJETO DE SEGURAN큐
2310416126;DISPOSITIVOS AUXILIARES
2310418129;REGULAMENTA VELOCIDADE
2310422126;REGULAMENTA/ALTERA CIRCULACAO
2310423068;PROJETO GEOMETRICO
2310437115;REGULAMENTA ESTACIONAMENTO
2310437115;HORIZ.SIST.VIARIO SECUNDARIO
2310437115;PAIRE ESCOLA
2410033130;REGULAMENTA ESTACIONAMENTO
2410033130;PAIRE ESCOLA
2410449123;REGULAMENTA ESTACIONAMENTO
2410469124;PAIRE ESCOLA
2910004058;PROJETO DE SEGURAN큐 - PEDESTRE
2910005062;SEMAFORO ELETRONICO
2910005062;PROJETO DE SEGURAN큐 - PEDESTRE
2910007090;SEMAFORO ELETRONICO
2910008100;SEMAFORO ELETRONICO
2910008134;SEMAFORO ELETRONICO
2910009106;SEMAFORO ELETRONICO
2910011100;SEMAFORO ELETRONICO
2910018121;SEMAFORO ELETRONICO
2910019128;SEMAFORO ELETRONICO
2910024105;SEMAFORO ELETRONICO
2910027120;SEMAFORO ELETRONICO
2910029093;SEMAFORO ELETRONICO
2910030059;PROJETO DE SEGURAN큐 - PEDESTRE
2910034046;GARTT - CASA VERDE
2910035093;PROJETO DE SEGURAN큐
2910037096;SEMAFORO ELETRONICO
2910037126;SEMAFORO ELETRONICO
2910038041;SEMAFORO ELETRONICO
2910038092;SEMAFORO ELETRONICO
2910038122;SEMAFORO ELETRONICO
2910039099;SEMAFORO ELETRONICO
2910040046;SEMAFORO ELETRONICO
2910040046;PROJETO DE SEGURAN큐 - PEDESTRE
2910043126;PROJETO DE SEGURAN큐 - PEDESTRE
2910046060;SEMAFORO ELETRONICO
2910046095;SEMAFORO ELETROMECANICO
2910046125;SEMAFORO ELETRONICO
2910052125;SEMAFORO ELETRONICO
2910061094;SEMAFORO ELETRONICO
2910062066;SEMAFORO ELETRONICO
2910063097;SEMAFORO ELETRONICO
2910065090;SEMAFORO ELETRONICO
2910069044;SEMAFORO ELETRONICO
2910069044;PROJETO DE SEGURAN큐 - PEDESTRE
2910073050;SEMAFORO ELETROMECANICO
2910076059;SEMAFORO ELETRONICO
2910076067;SEMAFORO ELETRONICO
2910076121;SEMAFORO ELETRONICO
2910077063;SEMAFORO ELETRONICO
2910088049;SEMAFORO ELETRONICO
2910088049;PROJETO DE SEGURAN큐 - PEDESTRE
2910089045;SEMAFORO ELETRONICO
2910089045;PROJETO DE SEGURAN큐 - PEDESTRE
2910092046;SEMAFORO ELETRONICO
2910096041;SEMAFORO ELETRONICO
2910096041;PROJETO DE SEGURAN큐 - PEDESTRE
2910096041;POLOS GERADORES DE TRAFEGO
2910096050;SEMAFORO ELETRONICO
2910096084;SEMAFORO ELETRONICO
2910098109;SEMAFORO ELETRONICO
2910099067;SEMAFORO ELETROMECANICO
2910099067;PROJETO DE SEGURAN큐 - PEDESTRE
2910100081;SEMAFORO ELETRONICO
2910103102;SEMAFORO ELETROMECANICO
2910104060;SEMAFORO ELETRONICO
2910106063;SEMAFORO ELETRONICO
2910107043;PROJETO DE SEGURAN큐
2910108058;SEMAFORO ELETRONICO
2910108066;SEMAFORO ELETRONICO
2910116093;SEMAFORO ELETRONICO
2910119092;SEMAFORO ELETRONICO
2910120090;SEMAFORO ELETRONICO
2910123049;PROJETO DE SEGURAN큐 - PEDESTRE
2910130045;SEMAFORO ELETRONICO
2910134040;VIA LIVRE - DR. ZUQUIM/NOVA CANTAREIRA
2910135047;VIA LIVRE - DR. ZUQUIM/NOVA CANTAREIRA
2910135063;SEMAFORO ELETRONICO
2910136043;VIA LIVRE - DR. ZUQUIM/NOVA CANTAREIRA
2910137040;VIA LIVRE - DR. ZUQUIM/NOVA CANTAREIRA
2910138046;VIA LIVRE - DR. ZUQUIM/NOVA CANTAREIRA
2910138054;SEMAFORO ELETRONICO
2910138062;SEMAFORO ELETROMECANICO
2910138097;SEMAFORO ELETRONICO
2910139042;VIA LIVRE - DR. ZUQUIM/NOVA CANTAREIRA
2910139093;SEMAFORO ELETRONICO
2910140040;PROJETO DE SEGURAN큐
2910147061;SEMAFORO ELETRONICO
2910149056;SEMAFORO ELETRONICO
2910149056;PROJETO DE SEGURAN큐 - PEDESTRE
2910150062;SEMAFORO ELETROMECANICO
2910153053;SEMAFORO ELETRONICO
2910191087;SEMAFORO ELETROMECANICO
2910199100;SEMAFORO ELETRONICO
2910201104;SEMAFORO ELETRONICO
2910201104;PROJETO DE SEGURAN큐 - PEDESTRE
2910203107;SEMAFORO ELETRONICO
2910217108;SEMAFORO ELETRONICO
2910218104;SEMAFORO ELETRONICO
2910220087;SEMAFORO ELETRONICO
2910228053;SEMAFORO ELETROMECANICO
2910232107;SEMAFORO ELETRONICO
2910243052;PROJETO DE SEGURAN큐 - PEDESTRE
2910251055;SEMAFORO ELETRONICO
2910263053;SEMAFORO ELETROMECANICO
2910365115;SEMAFORO ELETRONICO
3110049139;PAIRE FARMACIA
3110052130;PAIRE ESCOLA
3210046131;PAIRE ESCOLA
3210070130;REGULAMENTA CARGA/DESCARGA
3210096139;REGULAMENTA CARGA/DESCARGA
3510023137;REGULAMENTA ESTACIONAMENTO
3510038096;REGULAMENTA ESTACIONAMENTO
3510038096;PAIRE ESCOLA
3510073126;PAIRE ESCOLA
3510084063;PAIRE FARMACIA
3510093097;REGULAMENTA ESTACIONAMENTO
3510126106;PAIRE FARMACIA
3510152123;PAIRE FARMACIA
3510169085;PAIRE ESCOLA
3510180070;REGULAMENTA/ALTERA CIRCULACAO
3510180070;REGULAMENTA ESTACIONAMENTO
3510183096;REGULAMENTA CARGA/DESCARGA
3510201108;REGULAMENTA ESTACIONAMENTO
3510201108;REGULAMENTA CARGA/DESCARGA
3510202090;PAIRE FARMACIA
3510205120;REGULAMENTA CARGA/DESCARGA
3510244109;PAIRE FARMACIA
3510256107;REGULAMENTA ESTACIONAMENTO
3510256107;PAIRE ESCOLA
3510293100;PAIRE FARMACIA
3510360095;PAIRE BANCO
3610015047;REGULAMENTA ESTACIONAMENTO
3610015047;HORIZ.SIST.VIARIO SECUNDARIO
3610015047;PAIRE ESCOLA
3610028041;REGULAMENTA/ALTERA CIRCULACAO
3610028041;REGULAMENTA ESTACIONAMENTO
3610028041;SINALIZA큐O DE ADVERTENCIA
3610028041;HORIZ.SIST.VIARIO SECUNDARIO
3610038128;REGULAMENTA CARGA/DESCARGA
3610039124;PAIRE FARMACIA
3610064099;REGULAMENTA CARGA/DESCARGA
3610067063;REGULAMENTA ESTACIONAMENTO
3610067063;HORIZ.SIST.VIARIO SECUNDARIO
3610067098;REGULAMENTA CARGA/DESCARGA
3610068116;PAIRE FARMACIA
3610081120;REGULAMENTA CARGA/DESCARGA
3610094125;REGULAMENTA CARGA/DESCARGA
3610095121;PAIRE FARMACIA
3610101121;REGULAMENTA CARGA/DESCARGA
3610111127;PAIRE FARMACIA
3610127112;REGULAMENTA ESTACIONAMENTO
3610138106;PAIRE ESCOLA
3610143061;HORIZ. SIST. VIARIO PRINCIPAL
3610168110;REGULAMENTA ESTACIONAMENTO
3610168110;PAIRE ESCOLA
3610188049;HORIZ.SIST.VIARIO SECUNDARIO
3610188049;PROJETO GEOMETRICO
3610192062;PAIRE ESCOLA
3610197129;REGULAMENTA ESTACIONAMENTO
3710010098;REGULAMENTA ESTACIONAMENTO
3710018099;REGULAMENTA/ALTERA CIRCULACAO
3710018099;REGULAMENTA VELOCIDADE
3710018099;REGULAMENTA CIRCULA큐O DE CAMINHOES
3710020093;HORIZ.SIST.VIARIO SECUNDARIO
3710038103;SINALIZA큐O DE ORIENTACAO
3710040094;REGULAMENTA ESTACIONAMENTO
3710043115;REGULAMENTA ESTACIONAMENTO
3710061091;HORIZ. SIST. VIARIO PRINCIPAL
3710067081;PAIRE FARMACIA
3710081114;HORIZONTAL RECAPE
3710081114;HORIZ.SIST.VIARIO SECUNDARIO
3710086060;HORIZ.SIST.VIARIO SECUNDARIO
3710119081;HORIZ.SIST.VIARIO SECUNDARIO
3710120080;REGULAMENTA ESTACIONAMENTO
3710145074;REGULAMENTA RUA DE LAZER
3710161070;REGULAMENTA ESTACIONAMENTO
3710166047;PROJETO GEOMETRICO
3710192072;REGULAMENTA ESTACIONAMENTO
3710198062;SINALIZACAO SERVICOS/EDUCATIVA
3710224047;REGULAMENTA RUA DE LAZER
3710230071;REGULAMENTA ESTACIONAMENTO
3710230071;HORIZ.SIST.VIARIO SECUNDARIO
3710251079;REGULAMENTA PREFERENCIAL
3710350115;REGULAMENTA ESTACIONAMENTO
3710350115;SINALIZA큐O DE ADVERTENCIA
3710350115;REGULAMENTA VELOCIDADE
3810014095;PAIRE DEFICIENTE FISICO
3810024104;REGULAMENTA ESTACIONAMENTO
3810026085;PROJETO DE SEGURAN큐
3810026085;PAIRE ONIBUS
3810027081;HORIZ.SIST.VIARIO SECUNDARIO
3810027081;PROJETO DE SEGURAN큐
3810027081;PROJETO DE SEGURAN큐 - PEDESTRE
3810032085;HORIZ.SIST.VIARIO SECUNDARIO
3810043109;SINALIZA큐O DE ORIENTACAO
3810046094;PAIRE FARMACIA
3810047090;PAIRE FARMACIA
3810048097;PAIRE FARMACIA
3810054089;PROJETO GEOMETRICO
3810054089;REGULAMENTA/ALTERA HORARIO DE CIRCULA큐O DA VIA
3810058084;HORIZ.SIST.VIARIO SECUNDARIO
3810058084;PROJETO DE SEGURAN큐
3810085090;REGULAMENTA ESTACIONAMENTO
3810085090;PONTO TAXI
3810085090;LOMBADA - ADEQUA츒 SINAL. VERT. / HORIZ.
3810087092;REGULAMENTA ESTACIONAMENTO
3910146066;SEMAFORO ELETRONICO
3910147062;SEMAFORO ELETRONICO
3910160069;SEMAFORO ELETRONICO
3910221068;SEMAFORO ELETRONICO
3910439110;PROJETO OBRA CIVIL
3910439110;TRAVESSIA DE PEDESTRES ILUMINADA
4110001145;REGULAMENTA ESTACIONAMENTO
4110002141;REGULAMENTA ESTACIONAMENTO
4110003148;REGULAMENTA ESTACIONAMENTO
4110004144;HORIZ.SIST.VIARIO SECUNDARIO
4110005132;REGULAMENTA VELOCIDADE
4110005140;REGULAMENTA ESTACIONAMENTO
4110006147;REGULAMENTA ESTACIONAMENTO
4110008140;REGULAMENTA ESTACIONAMENTO
4110009138;REGULAMENTA VELOCIDADE
4110011140;REGULAMENTA ESTACIONAMENTO
4110014140;REGULAMENTA PREFERENCIAL
4110015146;REGULAMENTA ESTACIONAMENTO
4110016142;REGULAMENTA ESTACIONAMENTO
4110017149;REGULAMENTA PREFERENCIAL
4110018145;REGULAMENTA ESTACIONAMENTO
4110019141;REGULAMENTA ESTACIONAMENTO
4110022142;REGULAMENTA ESTACIONAMENTO
4110023149;REGULAMENTA ESTACIONAMENTO
4110024145;REGULAMENTA ESTACIONAMENTO
4110026130;MANUTEN큐O DE MINI-ROTATORIA
4110026148;REGULAMENTA ESTACIONAMENTO
4110027144;REGULAMENTA ESTACIONAMENTO
4110038138;PROJETO DE SEGURAN큐
4110138132;REGULAMENTA ESTACIONAMENTO
4110151139;REGULAMENTA ESTACIONAMENTO
4110153131;REGULAMENTA ESTACIONAMENTO
4110167132;REGULAMENTA ESTACIONAMENTO
4110169135;REGULAMENTA ESTACIONAMENTO
4110169135;PAIRE ESCOLA
4110171130;REGULAMENTA ESTACIONAMENTO
4110172136;REGULAMENTA ESTACIONAMENTO
4110175135;REGULAMENTA ESTACIONAMENTO
4110176131;REGULAMENTA ESTACIONAMENTO
4110177138;REGULAMENTA ESTACIONAMENTO
4110178134;SINALIZA큐O DE ADVERTENCIA
4110182131;REGULAMENTA ESTACIONAMENTO
4110186137;PROJETO DE SEGURAN큐 - PEDESTRE
4110187133;REGULAMENTA ESTACIONAMENTO
4110188130;REGULAMENTA CARGA/DESCARGA
4110189136;SINALIZA큐O DE ADVERTENCIA
4110190134;SINALIZA큐O DE ADVERTENCIA
4110192137;REGULAMENTA/ALTERA CIRCULACAO
4110193133;REGULAMENTA PREFERENCIAL
4110196132;REGULAMENTA ESTACIONAMENTO
4110197139;REGULAMENTA ESTACIONAMENTO
4110197139;PAIRE ESCOLA
4110198135;REGULAMENTA ESTACIONAMENTO
4110199131;PROJETO DE SEGURAN큐 - PEDESTRE
4110200130;PROJETO DE SEGURAN큐 - PEDESTRE
4110201136;REGULAMENTA ESTACIONAMENTO
4110203139;PROGRAMA DE REPINTURA DE FAIXA DE PEDESTRES
4110205131;PROGRAMA DE REPINTURA DE FAIXA DE PEDESTRES
4110206138;PROGRAMA DE REPINTURA DE FAIXA DE PEDESTRES
4110209137;PROGRAMA DE REPINTURA DE FAIXA DE PEDESTRES
4110211131;REGULAMENTA ESTACIONAMENTO
4110213134;REGULAMENTA ESTACIONAMENTO
4110215137;SINALIZACAO SERVICOS/EDUCATIVA
4110216133;PROGRAMA DE REPINTURA DE FAIXA DE PEDESTRES
4110216133;MANUTEN츒 DE SINALIZA츒 JUNTO S ESCOLAS
4210011134;REGULAMENTA ESTACIONAMENTO
4210016136;PAIRE ESCOLA
4210018139;REGULAMENTA ESTACIONAMENTO
4210019135;REGULAMENTA VELOCIDADE
4210020133;PAIRE ESCOLA
4210021130;REGULAMENTA ESTACIONAMENTO
4210023132;REGULAMENTA ESTACIONAMENTO
4210028134;HORIZ.SIST.VIARIO SECUNDARIO
4210059137;REGULAMENTA/ALTERA CIRCULACAO
4210059137;REGULAMENTA ESTACIONAMENTO
4210059137;REGULAMENTA PREFERENCIAL
4210082139;SINALIZA큐O DE ADVERTENCIA
4210082139;HORIZ.SIST.VIARIO SECUNDARIO
4210091138;PROJETO GEOMETRICO
4210091138;PROJETO FUNCIONAL - CORREDOR DE ONIBUS
4210098132;LOMBADA - REMO츒
4210098132;LOMBADA - ADEQUA츒 SINAL. VERT. / HORIZ.
4210110132;REGULAMENTA ESTACIONAMENTO
4210116130;REGULAMENTA ESTACIONAMENTO
4210119130;REGULAMENTA ESTACIONAMENTO
4210119130;SINALIZACAO SERVICOS/EDUCATIVA
4210119130;PAIRE ESCOLA
4210147133;REGULAMENTA ESTACIONAMENTO
4210147133;HORIZ.SIST.VIARIO SECUNDARIO
4210156132;PAIRE ESCOLA
4210165131;PAIRE ESCOLA
4310001149;PAIRE ESCOLA
4310004148;HORIZ. SIST. VIARIO PRINCIPAL
4310006132;REGULAMENTA ESTACIONAMENTO
4310008135;REGULAMENTA ESTACIONAMENTO
4310025137;REGULAMENTA ESTACIONAMENTO
4310034136;HORIZ.SIST.VIARIO SECUNDARIO
4310034136;PROJETO DE SEGURAN큐 - PEDESTRE
4310046134;DISPOSITIVOS AUXILIARES
4310069134;SINALIZA큐O DE ADVERTENCIA
4310077137;REGULAMENTA ESTACIONAMENTO
4310078133;REGULAMENTA ESTACIONAMENTO
4310082130;REGULAMENTA ESTACIONAMENTO
4310082130;PAIRE ESCOLA
4310085130;REGULAMENTA ESTACIONAMENTO
4310089062;HORIZ. SIST. VIARIO PRINCIPAL
4310094139;PROGRAMA DE REPINTURA DE FAIXA DE PEDESTRES
4310095135;REGULAMENTA ESTACIONAMENTO
4310096131;PROGRAMA DE REPINTURA DE FAIXA DE PEDESTRES
4310097138;PROGRAMA DE REPINTURA DE FAIXA DE PEDESTRES
4310098134;REGULAMENTA ESTACIONAMENTO
4310099130;PROGRAMA DE REPINTURA DE FAIXA DE PEDESTRES
4310100139;SINALIZA큐O DE ADVERTENCIA
4310132111;REGULAMENTA ESTACIONAMENTO
4310132111;SINALIZA큐O DE ADVERTENCIA
4310136125;REGULAMENTA ESTACIONAMENTO
4310137121;REGULAMENTA ESTACIONAMENTO
4310139124;PAIRE ESCOLA
4310148123;PROJETO DE SEGURAN큐
4310148123;DISPOSITIVOS AUXILIARES
4310162126;REGULAMENTA ESTACIONAMENTO
4310196128;SINALIZA큐O DE ADVERTENCIA
4310204112;HORIZ.SIST.VIARIO SECUNDARIO
4310207111;PAIRE ONIBUS
4310208118;PAIRE ONIBUS
4310209114;PAIRE ONIBUS
4310225128;REGULAMENTA ESTACIONAMENTO
4310242120;REGULAMENTA ESTACIONAMENTO
4310242120;PAIRE ESCOLA
4310253121;HORIZ.SIST.VIARIO SECUNDARIO
4310253121;PROJETO DE SEGURAN큐 - PEDESTRE
4310287123;HORIZ.SIST.VIARIO SECUNDARIO
4310287123;PROJETO DE SEGURAN큐 - PEDESTRE
4310337112;PROJETO GEOMETRICO
4310399118;REGULAMENTA ESTACIONAMENTO
4310445110;REGULAMENTA ESTACIONAMENTO
4310445110;SINALIZA큐O DE ADVERTENCIA
4310445110;REGULAMENTA VELOCIDADE
4310447112;REGULAMENTA ESTACIONAMENTO
4410055062;REGULAMENTA ESTACIONAMENTO
4410077074;PROJETO GEOMETRICO
4410131095;HORIZ.SIST.VIARIO SECUNDARIO
4410136097;HORIZ.SIST.VIARIO SECUNDARIO
4410137123;REGULAMENTA RUA DE LAZER
4410146050;REGULAMENTA ESTACIONAMENTO
4410146050;HORIZ.SIST.VIARIO SECUNDARIO
4410184040;REGULAMENTA/ALTERA CIRCULACAO
4410184040;REGULAMENTA ESTACIONAMENTO
4410184040;HORIZ.SIST.VIARIO SECUNDARIO
4410195123;PAIRE ESCOLA
4410210122;REGULAMENTA VELOCIDADE
4410212109;REGULAMENTA ESTACIONAMENTO
4410212109;REGULAMENTA CARGA/DESCARGA
4410212125;REGULAMENTA ESTACIONAMENTO
4410241109;PAIRE FARMACIA
4510034105;REGULAMENTA ESTACIONAMENTO
4510036094;SINALIZACAO SERVICOS/EDUCATIVA
4510038097;SINALIZACAO SERVICOS/EDUCATIVA
4510040091;SINALIZACAO SERVICOS/EDUCATIVA
4510050070;HORIZ.SIST.VIARIO SECUNDARIO
4510077092;REGULAMENTA ESTACIONAMENTO
4610018136;REGULAMENTA ESTACIONAMENTO
4610025132;HORIZ. SIST. VIARIO PRINCIPAL
4610032120;REGULAMENTA ESTACIONAMENTO
4610032120;HORIZ.SIST.VIARIO SECUNDARIO
4610032120;PAIRE ESCOLA
4610034123;REGULAMENTA ESTACIONAMENTO
4610034123;HORIZ.SIST.VIARIO SECUNDARIO
4610034123;PAIRE FARMACIA
4610056100;PROJETO ESCOLA
4610056100;REGULAMENTA ESTACIONAMENTO
4610059096;REGULAMENTA CARGA/DESCARGA
4610064111;PAIRE ESCOLA
4610072114;REGULAMENTA PREFERENCIAL
4610089122;REGULAMENTA ESTACIONAMENTO
4610089122;HORIZ.SIST.VIARIO SECUNDARIO
4610089122;PAIRE ESCOLA
4610099098;PROJETO ESCOLA
4610099098;REGULAMENTA ESTACIONAMENTO
4610099098;PAIRE ESCOLA
4610111098;PROJETO ESCOLA
4610111098;REGULAMENTA ESTACIONAMENTO
4610111098;PAIRE ESCOLA
4610111101;PAIRE ESCOLA
4610113090;PROJETO GEOMETRICO
4610113090;PROJETO OBRA CIVIL
4610114127;REGULAMENTA/ALTERA CIRCULACAO
4610114127;REGULAMENTA ESTACIONAMENTO
4610114127;REGULAMENTA PREFERENCIAL
4610114127;HORIZ.SIST.VIARIO SECUNDARIO
4610114127;PROGRAMA DE REPINTURA DE FAIXA DE PEDESTRES
4610117100;PAIRE ESCOLA
4610121115;HORIZ. SIST. VIARIO PRINCIPAL
4610121115;PAIRE ONIBUS
4610138107;PAIRE DEFICIENTE FISICO
4610141124;PROJETO GEOMETRICO
4610143100;SINALIZA큐O DE ORIENTACAO
4610144123;REGULAMENTA PREFERENCIAL
4610144123;PAIRE ESCOLA
4610147106;PAIRE ESCOLA
4610151111;REGULAMENTA/ALTERA CIRCULACAO
4610151111;REGULAMENTA ESTACIONAMENTO
4610168081;PAIRE ESCOLA
4610170124;SINALIZA큐O DE ADVERTENCIA
4610189089;PAIRE ESCOLA
4910002073;SEMAFORO ELETROMECANICO
4910006060;SEMAFORO ELETRONICO
4910017089;SEMAFORO ELETRONICO
4910019057;PROJETO DE SEGURAN큐 - PEDESTRE
4910022058;SEMAFORO ELETRONICO
4910022082;SEMAFORO ELETROMECANICO
4910023054;SEMAFORO ELETRONICO
4910025081;SEMAFORO ELETRONICO
4910026088;SEMAFORO ELETRONICO
4910028080;SEMAFORO ELETRONICO
4910032088;SEMAFORO ELETRONICO
4910036083;SEMAFORO ELETRONICO
4910036105;SEMAFORO ELETRONICO
4910040102;SEMAFORO ELETRONICO
4910041079;SEMAFORO ELETRONICO
4910052100;PROJETO DE SEGURAN큐 - PEDESTRE
4910056050;PROJETO DE SEGURAN큐 - PEDESTRE
4910058079;SEMAFORO ELETRONICO
4910059059;SEMAFORO ELETRONICO
4910060073;SEMAFORO AMARELO PISCANTE
4910067094;SEMAFORO ELETRONICO
4910075100;SEMAFORO ELETRONICO
4910076077;SEMAFORO ELETROMECANICO
4910078100;SEMAFORO ELETRONICO
4910079106;SEMAFORO ELETRONICO
4910079106;PROJETO DE SEGURAN큐 - PEDESTRE
4910080066;SEMAFORO ELETRONICO
4910081070;SEMAFORO ELETRONICO
4910084096;SEMAFORO ELETRONICO
4910086064;SEMAFORO ELETRONICO
4910095055;SEMAFORO ELETRONICO
4910100075;SEMAFORO ELETRONICO
4910101055;SEMAFORO ELETROMECANICO
4910101098;PROJETO DE SEGURAN큐 - PEDESTRE
4910102060;SEMAFORO ELETRONICO
4910106057;SEMAFORO ELETRONICO
4910106057;PROJETO DE SEGURAN큐 - PEDESTRE
4910107096;SEMAFORO ELETRONICO
4910107096;PROJETO DE SEGURAN큐
4910108050;SEMAFORO ELETRONICO
4910109056;SEMAFORO ELETRONICO
4910109072;SEMAFORO ELETRONICO
4910110062;REGULAMENTA ESTACIONAMENTO
4910112057;SEMAFORO ELETRONICO
4910112065;SEMAFORO ELETRONICO
4910112073;SEMAFORO ELETRONICO
4910113053;SEMAFORO ELETRONICO
4910114050;SEMAFORO ELETRONICO
4910114076;SEMAFORO ELETRONICO
4910115056;SEMAFORO ELETRONICO
4910116052;SEMAFORO ELETRONICO
4910117075;SEMAFORO ELETRONICO
4910118055;SEMAFORO ELETRONICO
4910118071;SEMAFORO AMARELO PISCANTE
4910120050;PROJETO DE SEGURAN큐 - PEDESTRE
4910121099;SEMAFORO ELETRONICO
4910124098;SEMAFORO ELETROMECANICO
4910126090;SEMAFORO ELETRONICO
4910131060;SEMAFORO ELETRONICO
4910137076;SEMAFORO ELETROMECANICO
4910139095;SEMAFORO ELETRONICO
4910141065;SEMAFORO ELETRONICO
4910144072;SEMAFORO ELETRONICO
4910144099;SEMAFORO ELETRONICO
4910146083;SEMAFORO ELETRONICO
4910147063;SEMAFORO ELETRONICO
4910149090;SEMAFORO ELETRONICO
4910150064;SEMAFORO ELETRONICO
4910151095;SEMAFORO ELETRONICO
4910152083;SEMAFORO ELETRONICO
4910153063;SEMAFORO ELETRONICO
4910156062;SEMAFORO ELETRONICO
4910157069;SEMAFORO ELETRONICO
4910158065;SEMAFORO ELETRONICO
4910162070;SEMAFORO ELETRONICO
4910162070;PROJETO DE SEGURAN큐
4910164065;SEMAFORO ELETROMECANICO
4910164073;SEMAFORO ELETRONICO
4910166068;HORIZ. SIST. VIARIO PRINCIPAL
4910166068;SEMAFORO ELETRONICO
4910167099;SEMAFORO ELETRONICO
4910168060;SEMAFORO ELETRONICO
4910168079;SEMAFORO ELETRONICO
4910170090;SEMAFORO ELETRONICO
4910171061;SEMAFORO ELETRONICO
4910179062;SEMAFORO ELETRONICO
4910183078;SEMAFORO ELETRONICO
4910186077;SEMAFORO ELETROMECANICO
4910187073;SEMAFORO ELETRONICO
4910189076;SEMAFORO ELETRONICO
4910191070;SINALIZA큐O DE ADVERTENCIA
4910193073;SEMAFORO ELETROMECANICO
4910194070;SEMAFORO ELETRONICO
4910195076;PROJETO DE SEGURAN큐 - PEDESTRE
4910195076;POLOS GERADORES DE TRAFEGO
4910196072;SINALIZA큐O DE ADVERTENCIA
4910209085;SEMAFORO ELETRONICO
4910217088;SEMAFORO ELETRONICO
4910220089;SEMAFORO ELETRONICO
4910227083;SEMAFORO ELETRONICO
4910228080;SEMAFORO ELETRONICO
4910229086;SEMAFORO ELETRONICO
4910230084;SEMAFORO ELETRONICO
4910234080;SEMAFORO ELETRONICO
4910235086;SEMAFORO ELETRONICO
4910247084;SEMAFORO ELETRONICO
4910258086;SEMAFORO ELETRONICO
4910259082;SEMAFORO ELETRONICO
4910268081;SEMAFORO ELETRONICO
4910269088;SEMAFORO ELETRONICO
4910272089;SEMAFORO ELETRONICO
4910273085;SEMAFORO ELETRONICO
4910277080;SEMAFORO ELETRONICO
5110003149;REGULAMENTA ESTACIONAMENTO
5110054134;HORIZ.SIST.VIARIO SECUNDARIO
5110162069;REGULAMENTA/ALTERA CIRCULACAO
5210004066;PROJETO DE SEGURAN큐 - PEDESTRE
5210008061;REGULAMENTA PREFERENCIAL
5210043061;SINALIZA큐O DE ADVERTENCIA
5210043061;REGULAMENTA VELOCIDADE
5210043061;PROJETO DE SEGURAN큐 - PEDESTRE
5210044068;SINALIZA큐O DE ADVERTENCIA
5210044068;REGULAMENTA VELOCIDADE
5210055078;REGULAMENTA VELOCIDADE
5210055078;PROJETO DE SEGURAN큐 - PEDESTRE
5210115046;PROJETO DE SEGURAN큐
5210118045;REGULAMENTA CIRCULA큐O DE CAMINHOES
5210125130;PROJETO MINI ROTATORIA
5210128059;PROJETO ESCOLA
5210128059;REGULAMENTA VELOCIDADE
5210136051;PROJETO ESCOLA
5210136051;REGULAMENTA VELOCIDADE
5210137066;REGULAMENTA ESTACIONAMENTO
5210137066;REGULAMENTA PREFERENCIAL
5210151050;REGULAMENTA/ALTERA CIRCULACAO
5210151050;REGULAMENTA ESTACIONAMENTO
5210160068;REGULAMENTA ESTACIONAMENTO
5210160068;PAIRE ESCOLA
5210164055;PROJETO ESCOLA
5210171051;REGULAMENTA PREFERENCIAL
5210171060;SINALIZA큐O DE ADVERTENCIA
5210213072;REGULAMENTA ESTACIONAMENTO
5210243060;SINALIZA큐O DE ORIENTACAO
5210286061;PAIRE CORREIO
5310016040;PROJETO DE SEGURAN큐
5310049088;SINALIZA큐O DE ORIENTACAO
5310052089;PROJETO ESCOLA
5310068104;HORIZ.SIST.VIARIO SECUNDARIO
5310069100;HORIZ. SIST. VIARIO PRINCIPAL
5310099050;LOMBADA - ADEQUA츒 SINAL. VERT. / HORIZ.
5310101098;PROJETO DE SEGURAN큐 - PEDESTRE
5310137092;PROJETO MINI ROTATORIA
5310149104;PROJETO ESCOLA
5310152040;REGULAMENTA/ALTERA CIRCULACAO
5310152040;LOMBADA - ADEQUA츒 SINAL. VERT. / HORIZ.
5310157050;PROJETO ESCOLA
5310157050;REGULAMENTA VELOCIDADE
5310159053;REGULAMENTA VELOCIDADE
5310166041;SINALIZA큐O DE ADVERTENCIA
5310166041;REGULAMENTA VELOCIDADE
5310168079;PROJETO DE SEGURAN큐 - PEDESTRE
5310170103;PROJETO ESCOLA
5310170103;SINALIZA큐O DE ADVERTENCIA
5310170103;REGULAMENTA VELOCIDADE
5310173102;PROJETO ESCOLA
5310178058;HORIZ.SIST.VIARIO SECUNDARIO
5310179046;LOMBADA-MANUT. HORIZONTAL
5310196102;PROJETO DE SEGURAN큐
5310230041;SINALIZA큐O DE ADVERTENCIA
5310230041;REGULAMENTA VELOCIDADE
5310268081;PROJETO DE SEGURAN큐 - PEDESTRE
5410004140;HORIZ.SIST.VIARIO SECUNDARIO
5410004140;PROJETO DE SEGURAN큐 - PEDESTRE
5410005147;HORIZ.SIST.VIARIO SECUNDARIO
5410005147;PROJETO DE SEGURAN큐 - PEDESTRE
5410006070;REGULAMENTA VELOCIDADE
5410007140;HORIZ.SIST.VIARIO SECUNDARIO
5410007140;PROJETO DE SEGURAN큐 - PEDESTRE
5410018141;REGULAMENTA ESTACIONAMENTO
5410018141;HORIZ.SIST.VIARIO SECUNDARIO
5410022149;SINALIZA큐O DE ADVERTENCIA
5410022149;DISPOSITIVOS AUXILIARES
5410023145;SINALIZA큐O DE ADVERTENCIA
5410023145;HORIZ.SIST.VIARIO SECUNDARIO
5410023145;PROJETO DE SEGURAN큐 - PEDESTRE
5410033140;SINALIZA큐O DE ADVERTENCIA
5410058089;HORIZ.SIST.VIARIO SECUNDARIO
5410101090;REGULAMENTA/ALTERA CIRCULACAO
5410101090;HORIZ. SIST. VIARIO PRINCIPAL
5410101090;PROJETO OBRA CIVIL
5410101090;PROJETO DE SEGURAN큐
5410118073;LOMBADA-MANUT. HORIZONTAL
5410149130;SINALIZA큐O DE ADVERTENCIA
5410150139;REGULAMENTA/ALTERA CIRCULACAO
5410151135;REGULAMENTA ESTACIONAMENTO
5410156137;REGULAMENTA ESTACIONAMENTO
5410157133;HORIZ. SIST. VIARIO PRINCIPAL
5410159080;HORIZ.SIST.VIARIO SECUNDARIO
5410165136;PROJETO DE SEGURAN큐 - PEDESTRE
5410166078;SINALIZA큐O DE ADVERTENCIA
5410171136;TRAVESSIA DE PEDESTRES ILUMINADA
5410171136;PROJETO DE SEGURAN큐 - PEDESTRE
5410171136;FAIXA REVERS펬EL
5410173139;SINALIZA큐O DE ADVERTENCIA
5410173139;PROJETO DE SEGURAN큐 - PEDESTRE
5410177070;PROJETO DE SEGURAN큐
5410183134;HORIZ.SIST.VIARIO SECUNDARIO
5410183134;PROJETO DE SEGURAN큐 - PEDESTRE
5410189078;REGULAMENTA/ALTERA CIRCULACAO
5410189078;HORIZ.SIST.VIARIO SECUNDARIO
5410260082;HORIZ.SIST.VIARIO SECUNDARIO
5410273087;REGULAMENTA VELOCIDADE
5410275080;REGULAMENTA VELOCIDADE
5410306082;PROJETO ESCOLA
5410306082;PROGRAMA DE REPINTURA DE FAIXA DE PEDESTRES
5410376064;HORIZ.SIST.VIARIO SECUNDARIO
5410391080;REGULAMENTA ESTACIONAMENTO
5410391080;HORIZ.SIST.VIARIO SECUNDARIO
5410399080;PAIRE ESCOLA
5410414080;SINALIZA큐O DE ADVERTENCIA
5410414080;HORIZ.SIST.VIARIO SECUNDARIO
5410414080;REGULAMENTA VELOCIDADE
5910007122;SEMAFORO ELETRONICO
5910009109;SEMAFORO ELETRONICO
5910010107;SEMAFORO ELETRONICO
5910012100;SEMAFORO ELETRONICO
5910013092;SEMAFORO ELETRONICO
5910013106;SEMAFORO ELETRONICO
5910015133;SEMAFORO ELETRONICO
5910028120;SEMAFORO ELETRONICO
5910033093;SEMAFORO ELETRONICO
5910035096;SEMAFORO ELETRONICO
5910038095;SEMAFORO ELETRONICO
5910040120;SEMAFORO ELETRONICO
5910048120;SEMAFORO ELETRONICO
5910048120;POLOS GERADORES DE TRAFEGO
5910049127;SEMAFORO ELETRONICO
5910049127;POLOS GERADORES DE TRAFEGO
5910050125;SEMAFORO ELETRONICO
5910051121;SEMAFORO ELETRONICO
5910052128;SEMAFORO ELETRONICO
5910058126;SEMAFORO ELETRONICO
5910059122;SEMAFORO ELETRONICO
5910060120;SEMAFORO ELETRONICO
5910062093;SEMAFORO ELETRONICO
5910066102;SEMAFORO ELETRONICO
5910067125;PROJETO DE SEGURAN큐 - PEDESTRE
5910075110;SEMAFORO ELETRONICO
5910076124;SEMAFORO ELETRONICO
5910090119;SEMAFORO ELETRONICO
5910091115;SEMAFORO ELETRONICO
5910094114;SEMAFORO ELETRONICO
5910107127;SEMAFORO ELETRONICO
5910118129;SEMAFORO ELETRONICO
5910119095;SEMAFORO ELETRONICO
5910121090;SEMAFORO ELETRONICO
5910126091;SINALIZA큐O DE ORIENTACAO
5910126091;SEMAFORO ELETRONICO
5910131125;SEMAFORO ELETRONICO
5910132105;SEMAFORO ELETRONICO
5910132105;PROJETO DE SEGURAN큐 - PEDESTRE
5910133101;SEMAFORO ELETRONICO
5910134116;SEMAFORO ELETRONICO
5910135090;SEMAFORO ELETRONICO
5910139100;SEMAFORO ELETRONICO
5910139100;PROJETO DE SEGURAN큐 - PEDESTRE
5910155091;SEMAFORO ELETRONICO
5910157094;SEMAFORO ELETRONICO
5910158112;SEMAFORO ELETRONICO
5910159097;SEMAFORO ELETRONICO
5910167120;SEMAFORO ELETRONICO
5910188100;SEMAFORO ELETRONICO
5910189093;PROJETO DE SEGURAN큐
5910189093;PROJETO DE SEGURAN큐 - PEDESTRE
5910190105;SEMAFORO ELETRONICO
5910196103;SEMAFORO ELETRONICO
5910201115;SEMAFORO ELETRONICO
5910202111;SEMAFORO ELETRONICO
5910220101;SEMAFORO ELETRONICO
5910297090;SEMAFORO ELETRONICO
5910301098;SEMAFORO ELETRONICO
5910301101;SEMAFORO ELETRONICO
5910308106;SEMAFORO ELETRONICO
5910310100;SEMAFORO ELETRONICO
5910311107;SEMAFORO ELETRONICO
5910312103;SEMAFORO ELETRONICO
5910314106;SEMAFORO ELETRONICO
6210090060;PROJETO DE SEGURAN큐
6210092063;PROJETO DE SEGURAN큐
6210093060;PROJETO DE SEGURAN큐
6210094066;PROJETO DE SEGURAN큐
6210095062;PROJETO DE SEGURAN큐
6210100066;PROJETO DE SEGURAN큐
6210101062;PROJETO DE SEGURAN큐
6210102069;PROJETO DE SEGURAN큐
6210103065;PROJETO DE SEGURAN큐
6210104061;PROJETO DE SEGURAN큐
6210110061;SINALIZA큐O DE ORIENTACAO
6210116060;HORIZ. SIST. VIARIO PRINCIPAL
6210116060;TUNEIS, VIADUTOS E PONTES
6210117066;HORIZ. SIST. VIARIO PRINCIPAL
6210117066;TUNEIS, VIADUTOS E PONTES
6210125069;HORIZ. SIST. VIARIO PRINCIPAL
7110001148;REGULAMENTA ESTACIONAMENTO
7110001148;HORIZ.SIST.VIARIO SECUNDARIO
7110004147;PAIRE FARMACIA
7110055132;HORIZ.SIST.VIARIO SECUNDARIO
7110066134;REGULAMENTA ESTACIONAMENTO
7110070131;PAIRE ESCOLA
7110072134;REGULAMENTA CARGA/DESCARGA
7110073130;REGULAMENTA ESTACIONAMENTO
7110073130;HORIZ.SIST.VIARIO SECUNDARIO
7110078132;HORIZ.SIST.VIARIO SECUNDARIO
7110078132;PAIRE ESCOLA
7110082130;PAIRE ONIBUS
7310004140;REGULAMENTA/ALTERA CIRCULACAO
7310004140;REGULAMENTA PREFERENCIAL
7310008138;REGULAMENTA PREFERENCIAL
7310009134;SINALIZA큐O DE ADVERTENCIA
7310009134;REGULAMENTA VELOCIDADE
7310010140;REGULAMENTA ESTACIONAMENTO
7310011147;SINALIZA큐O DE ADVERTENCIA
7310011147;LOMBADA  CET
7310011147;HORIZ.SIST.VIARIO SECUNDARIO
7310011147;SINALIZA츒 DE CURVAS PERIGOSAS
7310011147;DISPOSITIVOS AUXILIARES
7310012143;SINALIZA큐O DE ADVERTENCIA
7310012143;HORIZ.SIST.VIARIO SECUNDARIO
7310013140;REGULAMENTA ESTACIONAMENTO
7310014138;REGULAMENTA ESTACIONAMENTO
7310014138;SINALIZA큐O DE ADVERTENCIA
7310014146;HORIZ.SIST.VIARIO SECUNDARIO
7310018133;SINALIZA큐O DE ADVERTENCIA
7310018133;REGULAMENTA CIRCULA큐O DE CAMINHOES
7310021134;REGULAMENTA ESTACIONAMENTO
7310021134;PAIRE ESCOLA
7310021142;HORIZ. SIST. VIARIO PRINCIPAL
7310021142;SINALIZA큐O DE ADVERTENCIA
7310023145;REGULAMENTA ESTACIONAMENTO
7310024133;REGULAMENTA ESTACIONAMENTO
7310024133;PAIRE ESCOLA
7310032136;REGULAMENTA ESTACIONAMENTO
7310032136;PAIRE FARMACIA
7310033140;SINALIZA큐O DE ADVERTENCIA
7310033140;LOMBADA - ADEQUA츒 SINAL. VERT. / HORIZ.
7310045130;HORIZ.SIST.VIARIO SECUNDARIO
7310045130;LOMBADA-MANUT. HORIZONTAL
7310045130;PROJETO DE SEGURAN큐 - PEDESTRE
7310051130;SINALIZA큐O DE ADVERTENCIA
7310051130;REGULAMENTA CIRCULA큐O DE CAMINHOES
7310058135;REGULAMENTA ESTACIONAMENTO
7310059131;REGULAMENTA ESTACIONAMENTO
7310059131;SINALIZA큐O DE ADVERTENCIA
7310059131;PAIRE ESCOLA
7310060130;REGULAMENTA PREFERENCIAL
7310060130;HORIZ.SIST.VIARIO SECUNDARIO
7310061136;SINALIZA큐O DE ADVERTENCIA
7310073134;REGULAMENTA ESTACIONAMENTO
7310088131;LOMBADA  CET
7310088131;HORIZ.SIST.VIARIO SECUNDARIO
7310088131;LOMBADA - REMO츒
7310088131;LOMBADA - ADEQUA츒 SINAL. VERT. / HORIZ.
7310088131;LOMBADA - ADEQUA츒 COM OBRA CIVIL
7310092139;SINALIZA큐O DE ADVERTENCIA
7310092139;SINALIZA츒 DE CURVAS PERIGOSAS
7310093135;REGULAMENTA/ALTERA CIRCULACAO
7310100131;REGULAMENTA ESTACIONAMENTO
7310101138;REGULAMENTA ESTACIONAMENTO
7310103130;REGULAMENTA CIRCULA큐O DE CAMINHOES
7310104137;SINALIZA큐O DE ADVERTENCIA
7310104137;HORIZ.SIST.VIARIO SECUNDARIO
7310104137;PROGRAMA - CET NO SEU BAIRRO
7310105133;REGULAMENTA ESTACIONAMENTO
7310110137;HORIZ.SIST.VIARIO SECUNDARIO
7310115139;REGULAMENTA ESTACIONAMENTO
7310115139;HORIZ.SIST.VIARIO SECUNDARIO
7310115139;PROJETO DE SEGURAN큐 - PEDESTRE
7310116135;HORIZ.SIST.VIARIO SECUNDARIO
7310117131;HORIZ.SIST.VIARIO SECUNDARIO
7310119134;SINALIZA큐O DE ADVERTENCIA
7310120132;REGULAMENTA PREFERENCIAL
7310120132;HORIZ.SIST.VIARIO SECUNDARIO
7310120132;DISPOSITIVOS AUXILIARES
7310121139;REGULAMENTA/ALTERA CIRCULACAO
7310121139;REGULAMENTA ESTACIONAMENTO
7310121139;SINALIZA큐O DE ADVERTENCIA
7310121139;HORIZ.SIST.VIARIO SECUNDARIO
7310121139;PAIRE FARMACIA
7310121139;DISPOSITIVOS AUXILIARES
7310124138;SINALIZA큐O DE ORIENTACAO
7310124138;HORIZ.SIST.VIARIO SECUNDARIO
7310127137;LOMBADA  CET
7310127137;LOMBADA-MANUT. HORIZONTAL
7310135130;SINALIZA큐O DE ADVERTENCIA
7310135130;REGULAMENTA VELOCIDADE
7310140133;REGULAMENTA/ALTERA CIRCULACAO
7310140133;REGULAMENTA ESTACIONAMENTO
7310140133;SINALIZA큐O DE ADVERTENCIA
7610002135;REGULAMENTA ESTACIONAMENTO
7610003131;REGULAMENTA ESTACIONAMENTO
7610004138;REGULAMENTA ESTACIONAMENTO
7610013137;REGULAMENTA ESTACIONAMENTO
7610014133;SINALIZA큐O DE ADVERTENCIA
7610014133;PROJETO DE SEGURAN큐
7610014133;PROGRAMA - CET NO SEU BAIRRO
7610015130;REGULAMENTA ESTACIONAMENTO
7610015130;PROGRAMA - CET NO SEU BAIRRO
7610018139;REGULAMENTA ESTACIONAMENTO
7610024139;REGULAMENTA/ALTERA CIRCULACAO
7610024139;REGULAMENTA ESTACIONAMENTO
7610026123;REGULAMENTA PREFERENCIAL
7610026123;SINALIZA큐O DE ADVERTENCIA
7610026123;HORIZ.SIST.VIARIO SECUNDARIO
7610028134;REGULAMENTA ESTACIONAMENTO
7610028134;PAIRE ESCOLA
7610030120;REGULAMENTA ESTACIONAMENTO
7610030139;REGULAMENTA ESTACIONAMENTO
7610030139;PAIRE ESCOLA
7610031135;REGULAMENTA ESTACIONAMENTO
7610031135;PAIRE ESCOLA
7610032123;PROJETO DE SEGURAN큐 - PEDESTRE
7610032131;REGULAMENTA ESTACIONAMENTO
7610033138;REGULAMENTA ESTACIONAMENTO
7610036137;REGULAMENTA ESTACIONAMENTO
7610036137;REGULAMENTA VELOCIDADE
7610041130;REGULAMENTA/ALTERA CIRCULACAO
7610041130;REGULAMENTA ESTACIONAMENTO
7610045136;REGULAMENTA ESTACIONAMENTO
7610045136;REGULAMENTA VELOCIDADE
7610047120;REGULAMENTA ESTACIONAMENTO
7610050121;REGULAMENTA ESTACIONAMENTO
7610050121;SINALIZA큐O DE ADVERTENCIA
7610050130;SINALIZA큐O DE ORIENTACAO
7610050130;REGULAMENTA ESTACIONAMENTO
7610051136;PROJETO DE SEGURAN큐 - PEDESTRE
7610052132;REGULAMENTA ESTACIONAMENTO
7610052132;SINALIZA큐O DE ADVERTENCIA
7610052132;REGULAMENTA VELOCIDADE
7610052132;LOMBADA - ADEQUA츒 SINAL. VERT. / HORIZ.
7610056138;REGULAMENTA ESTACIONAMENTO
7610060127;REGULAMENTA ESTACIONAMENTO
7610064122;SINALIZA큐O DE ADVERTENCIA
7610064122;REGULAMENTA VELOCIDADE
7610064122;LOMBADA - ADEQUA츒 SINAL. VERT. / HORIZ.
7610065129;REGULAMENTA ESTACIONAMENTO
7610065129;PAIRE ESCOLA
7610070130;REGULAMENTA/ALTERA CIRCULACAO
7610072125;REGULAMENTA ESTACIONAMENTO
7610076120;REGULAMENTA ESTACIONAMENTO
7610080128;SINALIZA큐O DE ADVERTENCIA
7610081124;SINALIZA큐O DE ADVERTENCIA
7610090123;HORIZ.SIST.VIARIO SECUNDARIO
7610090123;PROJETO DE SEGURAN큐 - PEDESTRE
7610091138;SINALIZA큐O DE ADVERTENCIA
7610091138;LOMBADA  CET
7610091138;REGULAMENTA VELOCIDADE
7610091138;LOMBADA - ADEQUA츒 SINAL. VERT. / HORIZ.
7610112127;PROJETO MINI ROTATORIA
7610118125;SINALIZA큐O DE ADVERTENCIA
7610118125;PROJETO DE SEGURAN큐 - PEDESTRE
7610122122;REGULAMENTA/ALTERA CIRCULACAO
7610122122;HORIZ.SIST.VIARIO SECUNDARIO
7610130125;HORIZ.SIST.VIARIO SECUNDARIO
7610130125;DISPOSITIVOS AUXILIARES
7610134120;REGULAMENTA/ALTERA CIRCULACAO
7610134120;PROJETO GEOMETRICO
7610149128;REGULAMENTA ESTACIONAMENTO
7610149128;PROJETO DE SEGURAN큐 - PEDESTRE
7610169129;PROJETO DE SEGURAN큐 - PEDESTRE
7610181129;REGULAMENTA/ALTERA CIRCULACAO
7610181129;REGULAMENTA ESTACIONAMENTO
7610181129;SINALIZA큐O DE ADVERTENCIA
7610181129;HORIZ.SIST.VIARIO SECUNDARIO
7610181129;SINALIZA츒 DE CURVAS PERIGOSAS
7610181129;PROJETO DE SEGURAN큐 - PEDESTRE
7610181129;RETIRADA DE TACHES TRANSVERSAIS
7610182125;SINALIZA큐O DE ADVERTENCIA
7610182125;HORIZ.SIST.VIARIO SECUNDARIO
7610182125;PROJETO DE SEGURAN큐
7610182125;LOMBADA-MANUT. HORIZONTAL
7610182125;PROJETO DE SEGURAN큐 - PEDESTRE
7610184128;REGULAMENTA/ALTERA CIRCULACAO
7610184128;SINALIZA큐O DE ADVERTENCIA
7610189120;REGULAMENTA ESTACIONAMENTO
7610190128;REGULAMENTA PREFERENCIAL
7610190128;SINALIZA큐O DE ADVERTENCIA
7610190128;HORIZ.SIST.VIARIO SECUNDARIO
7610191124;REGULAMENTA/ALTERA CIRCULACAO
7610191124;SINALIZA큐O DE ADVERTENCIA
7610192120;REGULAMENTA/ALTERA CIRCULACAO
7610192120;REGULAMENTA ESTACIONAMENTO
7610204129;REGULAMENTA PREFERENCIAL
7610204129;SINALIZA큐O DE ADVERTENCIA
7610204129;HORIZ.SIST.VIARIO SECUNDARIO
7610206121;REGULAMENTA/ALTERA CIRCULACAO
7610210129;PROJETO DE SEGURAN큐 - PEDESTRE
7610213128;REGULAMENTA ESTACIONAMENTO
7610214124;REGULAMENTA ESTACIONAMENTO
7610235121;REGULAMENTA ESTACIONAMENTO
7610235121;REGULAMENTA PREFERENCIAL
7610235121;HORIZ.SIST.VIARIO SECUNDARIO
7610235121;DISPOSITIVOS AUXILIARES
7610237124;REGULAMENTA/ALTERA CIRCULACAO
7610238120;PROJETO DE SEGURAN큐 - PEDESTRE
7610240125;REGULAMENTA/ALTERA CIRCULACAO
7610240125;REGULAMENTA ESTACIONAMENTO
7610240125;PROJETO DE SEGURAN큐 - PEDESTRE
7610245127;PROJETO GEOMETRICO
7610255122;PROJETO GEOMETRICO
7610258121;REGULAMENTA ESTACIONAMENTO
7610261122;REGULAMENTA/ALTERA CIRCULACAO
7610261122;REGULAMENTA ESTACIONAMENTO
7610266124;SINALIZA큐O DE ADVERTENCIA
7610266124;PROJETO DE SEGURAN큐 - PEDESTRE
7610268127;SINALIZA큐O DE ADVERTENCIA
7610270121;PROJETO DE SEGURAN큐 - PEDESTRE
7610273120;REGULAMENTA ESTACIONAMENTO
7610273120;PAIRE DEFICIENTE FISICO
7610273120;PROGRAMA - CET NO SEU BAIRRO
7610279129;SINALIZA큐O DE ADVERTENCIA
7610287121;REGULAMENTA ESTACIONAMENTO
7610287121;PAIRE DEFICIENTE FISICO
7610296120;REGULAMENTA ESTACIONAMENTO
7610296120;HORIZ.SIST.VIARIO SECUNDARIO
7610300128;REGULAMENTA ESTACIONAMENTO
7610314129;PROJETO GEOMETRICO
7610314129;PROJETO DE SEGURAN큐 - PEDESTRE
7610322121;REGULAMENTA/ALTERA CIRCULACAO
7610323128;SINALIZA큐O DE ADVERTENCIA
7610323128;PROJETO DE SEGURAN큐 - PEDESTRE
7610326127;REGULAMENTA ESTACIONAMENTO
7610326127;PAIRE DEFICIENTE FISICO
7610326127;PAIRE ESCOLA
7610336122;REGULAMENTA ESTACIONAMENTO
7610336122;HORIZ.SIST.VIARIO SECUNDARIO
7610336122;PROJETO DE SEGURAN큐
7610338125;REGULAMENTA ESTACIONAMENTO
7610338125;PAIRE ESCOLA
7610339121;REGULAMENTA ESTACIONAMENTO
7610340120;REGULAMENTA ESTACIONAMENTO
7610340120;PAIRE DEFICIENTE FISICO
7610340120;PROJETO DE SEGURAN큐 - PEDESTRE
7610340120;PAIRE IDOSO
7610341126;REGULAMENTA ESTACIONAMENTO
7610341126;PAIRE ESCOLA
7610346128;REGULAMENTA PREFERENCIAL
7610346128;PROJETO DE SEGURAN큐 - PEDESTRE
7610355127;PROJETO DE SEGURAN큐
7610356123;SINALIZA큐O DE ADVERTENCIA
7610356123;PROJETO DE SEGURAN큐
7610357120;SINALIZA큐O DE ADVERTENCIA
7610357120;PROJETO DE SEGURAN큐
7610362123;PROJETO DE SEGURAN큐 - PEDESTRE
7610364126;REGULAMENTA ESTACIONAMENTO
7610364126;SINALIZA큐O DE ADVERTENCIA
7610365122;REGULAMENTA ESTACIONAMENTO
7610371122;REGULAMENTA ESTACIONAMENTO
7610371122;PAIRE ESCOLA
7610371122;PAIRE IDOSO
7610372129;REGULAMENTA/ALTERA CIRCULACAO
7610373125;REGULAMENTA ESTACIONAMENTO
7610373125;SINALIZA큐O DE ADVERTENCIA
7610373125;REGULAMENTA VELOCIDADE
7610374121;REGULAMENTA ESTACIONAMENTO
7610374121;REGULAMENTA PREFERENCIAL
7610374121;HORIZ.SIST.VIARIO SECUNDARIO
7610375128;PROJETO DE SEGURAN큐 - PEDESTRE
7610384127;REGULAMENTA ESTACIONAMENTO
7610385123;REGULAMENTA ESTACIONAMENTO
7610388122;REGULAMENTA ESTACIONAMENTO
7610388122;REGULAMENTA CARGA/DESCARGA
7610389129;REGULAMENTA ESTACIONAMENTO
7610389129;PAIRE ESCOLA
7710068120;REGULAMENTA ESTACIONAMENTO
7710068120;PAIRE FARMACIA
7710095127;PAIRE FARMACIA
8010045055;VIA LIVRE - CAMPO LIMPO
8010106062;PROJETO GEOMETRICO
8010110060;REGULAMENTA ESTACIONAMENTO
8010110060;HORIZ.SIST.VIARIO SECUNDARIO
8010114057;PROJETO DE SEGURAN큐 - PEDESTRE
8010126063;PROJETO DE SEGURAN큐
8010140066;REGULAMENTA/ALTERA CIRCULACAO
8010140066;HORIZ.SIST.VIARIO SECUNDARIO
8010178055;PROJETO GEOMETRICO
8010194042;VIA LIVRE - ITABERABA-PARAPU
8010194050;PROJETO GEOMETRICO
8010222054;PROJETO DE SEGURAN큐
8010223050;PROJETO DE SEGURAN큐
8010224057;PROJETO DE SEGURAN큐
8010229067;HORIZ. SIST. VIARIO PRINCIPAL
8010246050;HORIZ.SIST.VIARIO SECUNDARIO
8010255068;PROJETO DE SEGURAN큐
8010255068;PROJETO DE SEGURAN큐 - PEDESTRE
8010256064;HORIZ. SIST. VIARIO PRINCIPAL
8010256064;PROJETO DE SEGURAN큐 - PEDESTRE
8010257060;SEMAFORO ELETRONICO
8010257060;PROJETO DE SEGURAN큐 - PEDESTRE
8010258067;PROJETO GEOMETRICO
8010276057;VIA LIVRE - CAMPO LIMPO
8010283053;HORIZ.SIST.VIARIO SECUNDARIO
8010306061;PROJETO DE SEGURAN큐
8010306061;PROJETO DE SEGURAN큐 - PEDESTRE
8010313068;PROJETO DE SEGURAN큐
8010322067;PROJETO GEOMETRICO
8010322067;PROJETO OBRA CIVIL
8010322067;PROJETO DE SEGURAN큐 - PEDESTRE
8010323063;PROJETO DE SEGURAN큐
8010323063;PROJETO DE SEGURAN큐 - PEDESTRE
8010324060;PROJETO DE SEGURAN큐
8010362069;SEMAFORO ELETRONICO
8010362069;PROLONGAMENTO DA RADIAL LESTE
8010367060;PROJETO GEOMETRICO
8010368067;HORIZ.SIST.VIARIO SECUNDARIO
8010376060;HORIZ. SIST. VIARIO PRINCIPAL
8010376060;HORIZ.SIST.VIARIO SECUNDARIO
8010377066;REGULAMENTA/ALTERA CIRCULACAO
8010378062;SINALIZA큐O DE ORIENTACAO
8010379069;SEMAFORO ELETRONICO
8010381063;SINALIZA큐O DE ORIENTACAO
8010381063;REGULAMENTA/ALTERA CIRCULACAO
8010381063;HORIZ. SIST. VIARIO PRINCIPAL
8010381063;PROJETO GEOMETRICO
8010396060;PDDT - CANALIZA츒 CRREGO PIRAJUSSARA
8010425044;TUNEIS, VIADUTOS E PONTES
8110003087;SINALIZA큐O DE ORIENTACAO
8110105130;REGULAMENTA ESTACIONAMENTO
8110119131;HORIZ.SIST.VIARIO SECUNDARIO
8110146139;REGULAMENTA ESTACIONAMENTO
8210002040;TRAVESSIA DE PEDESTRES ILUMINADA
8210003046;TRAVESSIA DE PEDESTRES ILUMINADA
8210003054;TRAVESSIA DE PEDESTRES ILUMINADA
8210004042;PROJETO DE SEGURAN큐 - PEDESTRE
8210006045;TRAVESSIA DE PEDESTRES ILUMINADA
8210008048;TRAVESSIA DE PEDESTRES ILUMINADA
8210009044;TRAVESSIA DE PEDESTRES ILUMINADA
8210009060;PROJETO MINI ROTATORIA
8210010042;TRAVESSIA DE PEDESTRES ILUMINADA
8210010050;TRAVESSIA DE PEDESTRES ILUMINADA
8210012045;TRAVESSIA DE PEDESTRES ILUMINADA
8210013041;TRAVESSIA DE PEDESTRES ILUMINADA
8210014048;PROJETO DE SEGURAN큐
8210016040;PROJETO DE SEGURAN큐
8210020064;PROGRAMA DE REPINTURA DE FAIXA DE PEDESTRES
8210021060;TRAVESSIA DE PEDESTRES ILUMINADA
8210023055;TRAVESSIA DE PEDESTRES ILUMINADA
8210025040;TRAVESSIA DE PEDESTRES ILUMINADA
8210029061;TRAVESSIA DE PEDESTRES ILUMINADA
8210033069;TRAVESSIA DE PEDESTRES ILUMINADA
8210040049;TRAVESSIA DE PEDESTRES ILUMINADA
8210041061;TRAVESSIA DE PEDESTRES ILUMINADA
8210042041;TRAVESSIA DE PEDESTRES ILUMINADA
8210042068;TRAVESSIA DE PEDESTRES ILUMINADA
8210044044;TRAVESSIA DE PEDESTRES ILUMINADA
8210046063;TRAVESSIA DE PEDESTRES ILUMINADA
8210047060;TRAVESSIA DE PEDESTRES ILUMINADA
8210048066;TRAVESSIA DE PEDESTRES ILUMINADA
8210053043;TRAVESSIA DE PEDESTRES ILUMINADA
8210066048;HORIZ. SIST. VIARIO PRINCIPAL
8210072048;PROJETO DE SEGURAN큐 - PEDESTRE
8210084046;TRAVESSIA DE PEDESTRES ILUMINADA
8210085042;PROJETO DE SEGURAN큐
8210087045;PROJETO DE SEGURAN큐
8210096044;PROJETO DE SEGURAN큐
8310003110;PROJETO OBRA CIVIL
8310035136;REGULAMENTA ESTACIONAMENTO
8310043139;REGULAMENTA ESTACIONAMENTO
8310043139;HORIZ.SIST.VIARIO SECUNDARIO
8310051131;SINALIZA큐O DE ADVERTENCIA
8310054068;PROJETO OBRA CIVIL
8310061137;SINALIZA큐O DE ADVERTENCIA
8310117132;HORIZ.SIST.VIARIO SECUNDARIO
8310118139;HORIZONTAL RECAPE
8310118139;HORIZ. SIST. VIARIO PRINCIPAL
8310129068;PROJETO OBRA CIVIL
8310140061;PROJETO OBRA CIVIL
8310141068;PROJETO OBRA CIVIL
8310142064;PROJETO OBRA CIVIL
8310144067;PROJETO OBRA CIVIL
8310156065;LOMBADA - ADEQUA츒 SINAL. VERT. / HORIZ.
8310174063;PROJETO OBRA CIVIL
8710032126;PROJETO DE SEGURAN큐 - PEDESTRE
8710033122;PROJETO DE SEGURAN큐 - PEDESTRE
8710060120;PROJETO DE SEGURAN큐 - PEDESTRE
8710276122;PROJETO DE SEGURAN큐 - PEDESTRE
9210024133;SEMAFORO ELETRONICO
9310002131;SEMAFORO ELETRONICO
9310007133;SEMAFORO ELETRONICO
9310008130;SEMAFORO ELETRONICO
9310009136;SEMAFORO ELETRONICO
9310136138;SEMAFORO ELETRONICO
9310157135;SEMAFORO ELETRONICO
9310171138;SEMAFORO ELETRONICO
9610043135;SEMAFORO ELETRONICO
9610046134;SEMAFORO ELETRONICO
9610052134;SEMAFORO ELETRONICO
9610052134;PROJETO DE SEGURAN큐 - PEDESTRE
9610071139;SEMAFORO ELETRONICO
9610072135;SEMAFORO ELETRONICO
9610073131;SEMAFORO ELETRONICO
9610074138;SEMAFORO ELETRONICO
9610077137;SEMAFORO ELETRONICO
9610078133;SEMAFORO ELETRONICO
9610079130;SEMAFORO ELETRONICO
9610083137;SEMAFORO ELETRONICO
9610084133;SEMAFORO ELETRONICO
9610085130;SEMAFORO ELETRONICO
9610086136;SEMAFORO ELETRONICO
9610088139;SEMAFORO ELETRONICO
