numenc;local
1110177135;R   VICHY  ENTRE  R NOVA GRANADA E  AV BARUEL
1110179138;R   BERNARDINO FANGANIELLO  - N.149
1310001146;R   JOAO GUIMARAES ROSA  - N.135
1310065136;R   RISKALLAH JORGE  ENTRE  R BRIG TOBIAS E  AV PRESTES MAIA
1510011110;R   ROBERTO SIMONSEN  X  R FLORIANO PEIXOTO
1510013113;R   ROBERTO SIMONSEN  X  R FLORIANO PEIXOTO
1510059091;AV  DA ACLIMACAO  - N.818
1510076123;R MONS  ANACLETO  - N.46
1510081127;R   FERNANDES SILVA  - N.81
1510126112;R  DO LUCAS  - N.111
1510145087;R   JOSE GETULIO  - N.142
1610046129;R   BAHIA  - N.91
1610063120;R STA  IFIGENIA  - N.460
1610070127;R   MARTINICO PRADO  - N.463
1710060107;AV   EUROPA  - N.158
1710063122;R   LEOPOLDO COUTO MAGALHAES JR.  - N.748
1710115092;R DR  MARIO FERRAZ  - N.70
1710116099;R DR  MARIO FERRAZ  - N.70
1710119098;R   JOAO CACHOEIRA  X  R PEDROSO ALVARENGA
1710121092;R   URUSSUI  ENTRE  R TABAPUA E  R JOAQUIM FLORIANO
1710122099;R   JOAO CACHOEIRA  ENTRE  R JESUINO ARRUDA E  R TABAPUA
1710123095;R   URUSSUI  X  R LEOPOLDO COUTO MAGALHAES JR.
1710124091;R   LEOPOLDO COUTO MAGALHAES JR.  X  R PROF ATILIO INNOCENTI
1710125098;R DR  MARIO FERRAZ  X  AV CIDADE JARDIM
1710126094;R   LEOPOLDO COUTO MAGALHAES JR.  X  R CLODOMIRO AMAZONAS
1710129093;AV   CIDADE JARDIM  ENTRE  R ARACARI E  R AMAURI
1710130091;R   BANDEIRA PAULISTA  X  R PEDROSO ALVARENGA
1710131098;R   MARIA ROSA  X  R TABAPUA
1710131098;R   LOPES NETO  ENTRE  R TABAPUA E  R COJUBA
1710132094;R   LEOPOLDO COUTO MAGALHAES JR.  X  R BANDEIRA PAULISTA
1710133090;R   SALVADOR CARDOSO  ENTRE  R TABAPUA E  AV HORACIO LAFER
1710134097;R   BANDEIRA PAULISTA  ENTRE  R JESUINO ARRUDA E  R TABEROE
1710135093;R PROF  TAMANDARE TOLEDO  ENTRE  R DR RENATO PAES DE BARROS E  R BANDEIRA PAULISTA
1710139099;AV   HORACIO LAFER  ENTRE  R JUSSEAPE E  R LOPES NETO
1710140097;R DR  RENATO PAES DE BARROS  X  R PEDROSO ALVARENGA
1710141093;R   JERONIMO DA VEIGA  ENTRE  R ANDRE FERNANDES E  R EMANUEL KANT
1710143096;R   PEDROSO ALVARENGA  ENTRE  R CAMPOS BICUDO E  R ANDRE FERNANDES
1710144092;R DR  MARIO FERRAZ  X  R TUCUMA
1710146095;R   PAIS DE ARAUJO  X  R TABAPUA
1710151099;R   JERONIMO DA VEIGA  X  R MANUEL GUEDES
1710152095;R   MANUEL GUEDES  ENTRE  R JOAQUIM FLORIANO E  R TABAPUA
1710156090;AV   NOVE DE JULHO  X  R JOAO CACHOEIRA
1710157097;R   JERONIMO DA VEIGA  X  AV S GABRIEL
1710158093;R PROF  ATILIO INNOCENTI  X  AV HORACIO LAFER
1710159090;R   MANUEL GUEDES  X  R PEDROSO ALVARENGA
1710160098;R DR  MARIO FERRAZ  X  R PROF ARTUR RAMOS
1710164085;AV  DAS NACOES UNIDAS  X  R OFELIA
1910005053;R   DOMINGOS DE MORAIS  X  R ECA DE QUEIROZ
1910015067;AV STO  AMARO  X  AV BRIG LUIS ANTONIO
1910022055;PC   FERNANDO COSTA  X  R VINTE E CINCO DE MARCO
1910026093;R   SERGIO TOMAS  - N.710
1910029076;AV BRIG  LUIS ANTONIO  X  R PEDROSO
1910041122;AV   NOVE DE JULHO  X  AL LORENA
1910046060;AV   NOVE DE JULHO  X  AV BRASIL
1910048062;AV S  GABRIEL  X  AV NOVE DE JULHO
1910051098;AV   RUDGE  X  R VISC DE TAUNAY
1910055093;R   SOLON  - N.1018
1910057053;AV GAL  OLIMPIO DA SILVEIRA  X  AV ANGELICA
1910058050;AL   GLETE  X  AV S JOAO
1910067059;R   JOSE PAULINO  X  R RIBEIRO DE LIMA
1910071056;AV BRIG  LUIS ANTONIO  X  R MAJ DIOGO
1910074055;R   TUTOIA  X  R DR RAFAEL DE BARROS
1910092096;AV BRIG  LUIS ANTONIO  X  R HUMAITA
1910107093;R   BOA VISTA  - N.51
1910107093;R   BOA VISTA  X  R TRES DE DEZEMBRO
1910121096;R   BOA VISTA  X  R TRES DE DEZEMBRO
1910121096;R   BOA VISTA  X  LD PORTO GERAL
1910121096;R   BOA VISTA  - N.51
1910121096;R   BOA VISTA  X  R FLORENCIO DE ABREU
1910127078;R S  CARLOS DO PINHAL  X  AL RIO CLARO
1910127108;AL   JOAQUIM EUGENIO DE LIMA  X  AL RIBEIRAO PRETO
1910146064;AV SEN  QUEIROS  X  AV PRESTES MAIA
1910148067;R   PIRES DA MOTA  X  R CONS FURTADO - AV.ACLIMAÇÃO/R.BUENO DE ANDRADE
1910165069;AV BRIG  FARIA LIMA  X  AV HORACIO LAFER
1910178063;PC  DA SE  X  R ANITA GARIBALDI - BOMBEIROS
1910183067;R   SERGIO TOMAS  X  R ANHAIA
1910192066;R   SERGIO TOMAS  X  R ITALINA
1910202061;PQ DOM  PEDRO II  - ACESSO TERMINAL DE ONIBUS
1910206067;R   AURORA  X  R DOS ANDRADAS
1910225061;AV   CASPER LIBERO  X  LG STA IFIGENIA
1910228060;PC  DA BANDEIRA  X  R STO AMARO
1910229067;PC  DA BANDEIRA  X  R STO ANTONIO
1910328073;R CONS  NEBIAS  X  R GAL RONDON
2110003146;R   BARTOLOMEU BUENO  X  R MARTINHO DE CAMPOS
2110004142;R   LUIS ELIAS ATTIE  ENTRE  R PEDRO LADISLAU DE ALMEIDA E  R JOAO FERREIRA LEITE JUNIOR
2110006145;R BR DE TEFE  ENTRE  R EMB LEAO VELOSO E  R EMB LEAO VELOSO
2110007141;R   FRANCISCO ALVES  ENTRE  R CAMILO E  R TITO
2110008148;ES   TURISTICA DO JARAGUA  - N.1187
2110009144;R   CARDOSO DE ALMEIDA  X  R MONS ALBERTO PEQUENO
2110010142;R   AVELINO GINJO  ENTRE  R MADRE MARIA VILLAC E  R JOSE SOEIRO DE VAZ
2110012145;AL   EDUARDO PRADO  - N.793 - RET R-6ACD1BL E COL R-6ACD1AL, FR Nº 793
2110016140;R   BARRA FUNDA  X  AL RIBEIRO DA SILVA
2110019140;R   TACITO DE ALMEIDA  - N.107 - REM 1 R-6A PARA SPU FR. Nº107 E 119
2110020148;AV S  JOAO  X  R HELVETIA
2110022140;R   LOPES CHAVES  X  R BRIG GALVAO
2110023147;R CEL  JOSE RUFINO FREIRE  X  R ERVA POMBINHA
2110026146;R   CAIUBI  - N.123 - COLÉGIO PENTÁGONO
2110026146;R   CAIUBI  - N.126 - COLÉGIO PENTÁGONO
2110027142;R   CAIUBI  - N.200 - RUA CARDOSO DE ALMEIDA
2110028149;R   CAIUBI  X  R MIN GODOI
2110029145;R   SILVA AIROSA  X  R ITAPURANDA
2110030143;R   TORDESILHAS  X  R BR DE ITAUNA
2110032146;R   JOAO RAMALHO  ENTRE  R MIN GODOI E  R MONTE ALEGRE
2110034149;R   BARTIRA  ENTRE  R DR FRANCO DA ROCHA E  AV SUMARE
2110065133;R   GAGO COUTINHO  X  AV RAIMUNDO PEREIRA DE MAGALHAES
2110071133;R   SEBASTIAO PEREIRA  X  VEL PRES ARTHUR DA COSTA E SILVA - N.129
2110077131;R   FELIX GUILHEM  X  R TTE LANDI
2110077131;R   FELIX GUILHEM  ENTRE  R TTE LANDI E  R BELCHIOR CARNEIRO
2110077131;R   BELCHIOR CARNEIRO  X  R FELIX GUILHEM
2110085134;AV   PAULA FERREIRA  X  AV CRISTO REI
2110087137;R   JOAQUIM OLIVEIRA FREITAS  - N.95
2110088133;R DR  FREDERICO STEIDEL  ENTRE  AV S JOAO E  LG DO AROUCHE
2110089130;AV   PAULA FERREIRA  - N.2889
2110090138;R DR  FREDERICO STEIDEL  X  AV S JOAO
2110091134;AV   ALEXANDRE COLARES  - N.1
2110093137;R DR  ALBUQUERQUE LINS  X  R VITORINO CARMILO - ESCOLA ESTADUAL CONS. ANTONIOP PRADO
2110096136;R   TONELERO  X  R MOTA PAIS
2110097132;R   DONATO  - N.120 - AV PAULA FERREIRA
2110098139;AV   MUTINGA  X  R WILLIAM FURNEAU
2110099135;R   LUIS ELIAS ATTIE  X  R BRIG HENRIQUE FONTENELLE
2110103132;AV DR  SYLVIO DE CAMPOS  X  PC LUIS NERI
2110107138;AV GAL  EDGAR FACO  X  R DR HEITOR NASCIMENTO
2110113138;AV GAL  EDGAR FACO  - N.1655 - R DIOGO GONCALVES
2110114134;R   CARLOS WEBER  - N.835 - SESI
2110116137;R DR  JOAO B. DE BERNARDES LIMA  - N.285 - R MARCOS FRANKENTHAL
2110117133;R DOM  PEDRO HENRIQUE DE O.E BRAGANCA  X  R MANOEL MONTEIRO DE ARAUJO
2110121130;R PRES  ANTONIO CANDIDO  - N.242 - R.SALES JUNIOR
2110124130;AV IMP  LEOPOLDINA  X  R SCHILLING
2110125136;R   FRAGARIA ROSEA  ENTRE  AV MENOTTI LAUDISIO E  AV RAIMUNDO PEREIRA DE MAGALHAES
2110126132;R   TAGIPURU  X  R DONA GERMAINE BURCHARD
2110127139;R   CRASSO  X  R CORIOLANO
2110128135;AV   MENOTTI LAUDISIO  X  AV RAIMUNDO PEREIRA DE MAGALHAES
2110129131;R   TAGIPURU  - N.795
2110130130;R   FAUSTOLO  X  R CRASSO - N.376
2110131136;R   SCHILLING  X  R LAURO MULLER
2110132132;R   GUAIANASES  ENTRE  AL GLETE E  R HELVETIA - TERMINAL PRINCESA ISABEL
2110133139;R DONA  GERMAINE BURCHARD  - N.197 - ESCOLA
2110134135;R   BELMONTE  - N.957 - PCA OSMAR BUENO DE CARVALHO
2110135131;R GAL  ALEXANDRE LIMA  - N.1
2110135131;R   MARIA JOSE VASCONCELLOS MANKEL  - N.121
2110135131;PC COMEN  SOUSA CRUZ  X  R GAL ALEXANDRE LIMA - N.1
2110136138;R   TEODORO RODRIGUES  - N.257 - ESTRADA DE TAIPAS
2110137134;AV   GUILHERME MANKEL  - N.215
2110138130;R DR  FRANCISCO URSAIA  X  R DR FRANCISCO URSAIA
2110139137;AV CON  JOSE SALOMON  - N.360
2110145137;R DR  TEODOLINDO CASTIGLIONE  X  AV CABO ADAO PEREIRA
2110147130;R   TRAIPU  - N.288
2110148136;R   TAGIPURU  X  R MARTA - LGO. PDE. PERICLES
2110149132;R   BAUMANN  X  AV QUEIROZ FILHO - N.1484
2110151137;AV DR  GASTAO VIDIGAL  X  R SILVA AIROSA
2110152133;VEL PRES  ARTHUR DA COSTA E SILVA  X  AV ANGELICA
2110152133;VEL PRES  ARTHUR DA COSTA E SILVA  X  PC MAL DEODORO
2110153130;R   GUAIPA  ENTRE  R MONS DOMINGOS CASARIN E  ES VILA JAGUARA
2110155132;R   BELA ALIANCA  X  R GUAIPA
2110156139;R   BELMONTE  X  R ALIADOS
2110156139;R   BELMONTE  X  R DALTON
2110157135;AV   MIGUEL DE CASTRO  - N.116
2110157135;AV   MIGUEL DE CASTRO  X  R CRACAS - N.116
2110158131;AV   BENEDITO ANDRADE  X  R CONSTANTINO NERI
2110159120;PC   MARREY JUNIOR  X  AV ANTARTICA
2110159138;R   JOAO TIBIRICA  X  R BOTOCUDOS
2110160128;R BRIG  XAVIER DE BRITO  X  R PDE VENANCIO DE RESENDE - N.577 - CRECHE MARANATA
2110161132;R   HAMILTON DE ARAUJO  X  R CLOVIS CAVALCANTI
2110164131;R   ROBERTO DE LAMENAIS  X  R JOAQUIM OLIVEIRA FREITAS
2110164131;R   ROBERTO DE LAMENAIS  - N.390
2110165138;R   ROBERTO DE LAMENAIS  X  R JOSE ATALIBA ORTIZ
2110166134;R CEL  JOSE VENANCIO DIAS  - N.78
2110167130;R DR  AVELINO CHAVES  X  R BAUMANN
2110169133;PC DR  JOSE GETULIO DE LIMA  X  R ALIANCA LIBERAL
2110169133;PC DR  JOSE GETULIO DE LIMA  X  R PASSO DA PATRIA
2110169133;R   BELA NAPOLES  X  PC DR JOSE GETULIO DE LIMA
2110170131;R   AGARUM  X  R AMBROSIA DO MEXICO
2110172134;R CEL  JOSE VENANCIO DIAS  - N.78
2110176130;R DR  CANDIDO ESPINHEIRA  X  R CAP MESSIAS
2110177136;R   LUIS FILGUEIRA SOUTO  ENTRE  R WALTRUDES CORREA E  AV JOAQUIM DE MAGALHAES
2110189134;R   MIGUEL TELES  ENTRE  AV RAIMUNDO PEREIRA DE MAGALHAES E  R MANUEL DE CARVALHO
2110191139;AV   ERMANO MARCHETTI  X  AV JOSE MARIA DE FARIA
2110193131;R   FELIX GUILHEM  X  R BELCHIOR CARNEIRO
2110194138;R   IVAN CURVELO  X  R NANUQUE
2110195134;R   SETUBAL  ENTRE  R NANUQUE E  R CARLOS WEBER
2110197137;R   TURIACU  X  R MIN GODOI
2110198133;R   WILLIAM SPEERS  ENTRE  R ENG AUBERTIN E  R ENG FOX
2110199130;AV   RAIMUNDO PEREIRA DE MAGALHAES  - N.4991
2110200138;R CONS  CANDIDO DE OLIVEIRA  X  R FORTUNATO FERRAZ
2110201134;R PDE  NARCISO CASANOVA  X  R GUERINO GIOVANI LEARDINI
2110205130;R   MARTA  X  R MARGARIDA
2110207124;AV DR  FRANCISCO RANIERI  ENTRE  R ALBERTO SAVOY E  AV DIREITOS HUMANOS
2110210133;R PDE  NOGUEIRA LOPES  ENTRE  AV PAULA FERREIRA E  R PROF MARTAGAO
2110211130;R BR DA PASSAGEM  X  R ZIEMBINSKI - R. VISC. DE PELOTAS
2110213132;AL   RIBEIRO DA SILVA  - N.452
2110215135;R   INACIO LUIS DA COSTA  ENTRE  R ITAREMA E  R DOS RADIALISTAS
2110216131;R DR  HOMEM DE MELO  X  R CIRO COSTA
2110217138;R   INACIO LUIS DA COSTA  X  R BRIG HENRIQUE FONTENELLE
2110221135;R   TOME DE SOUZA  X  R BR DA PASSAGEM
2110222131;R   MONTE PASCAL  X  R BRIG GAVIAO PEIXOTO
2110225130;AV   CANDIDO PORTINARI  ENTRE  AV MUTINGA E  R CANTO DO MANGUE - N.1300 - GARAGEM VIAÇÃO GATO PRETO E TRANSPORTADORA SCHIO
2110226137;R   CONSTANTINO NERI  X  R MAEST JOAO PORTARO - R. PE C. ARAUJO
2110227133;R CONS  RIBAS  - N.490 - FARMÁCIA
2110227133;R CONS  RIBAS  - N.508 - PONTO DE TAXI
2110228130;AV   MOFARREJ  - N.154
2110228130;AV   MOFARREJ  ENTRE  AV IMP LEOPOLDINA E  AV DR GASTAO VIDIGAL
2110229136;AV GAL  EDGAR FACO  X  AV MIN PETRONIO PORTELA
2110230134;R   SALVADOR CARUSO  X  TV PDE WALTER SCHEWIORA - FEIRA LIVRE
2110231130;R BR DA PASSAGEM  X  R TOME DE SOUZA
2110231130;R BR DA PASSAGEM  ENTRE  R TOME DE SOUZA E  R BRIG GAVIAO PEIXOTO
2110233133;R BRIG  GAVIAO PEIXOTO  X  R LAURINDO DE BRITO
2110235136;AV   FRANCISCO MATARAZZO  X  AV DR ADOLPHO PINTO - R. LINCOLN ALBUQUERQUE
2110236132;R   RAUL POMPEIA  X  R TAVARES BASTOS
2110240130;R   ALTAMIRA DO PARANA  X  AV DR CAMARA LEAL
2110241136;R   TRAIPU  X  R PARAGUACU
2110242132;AV DR  GASTAO VIDIGAL  X  R AROABA - PORTÃO 5- CEAGESP
2110248122;R PROFA  ROMILDE NOGUEIRA DE SA  ENTRE  AV IMIRIM E  R FREI PEDRO SINZIG
2110253134;R   LUIZ JOSE MONTESANTI  X  R MAEST ARTURO DE ANGELIS
2110253134;R   LUIZ JOSE MONTESANTI  X  AV MUTINGA
2110256133;R   ALBERTO VEIGA  - N.99 - E.E. JULIO CÉSAR DE OLIVEIRA
2110256133;R   ALBERTO VEIGA  X  R PDE JOAO DE ALMEIDA - N.99 - RUA RIBEIRAO VERMELHO
2110258136;R   PEDRO MARIGLIANI  X  AV RAIMUNDO PEREIRA DE MAGALHAES
2110259132;R DESEM  GUIMARAES  X  R TANABI
2110259132;R   TANABI  X  R AIROSA GALVAO
2110259132;R   TANABI  ENTRE  R DESEM GUIMARAES E  R AIROSA GALVAO
2110263130;R   AIMBERE  - N.300 - A 1,50 METROS DA GR Nº 300 (RET A-14 E RET AC-1)
2110263130;R   AIMBERE  - N.387 - A 2,00 M GR Nº 387 (RET A-14 E AC-1)
2110263130;R   BARTIRA  - N.1198 - RET (A-14) + (AC-1) SPU JUNTO A GR.Nº 1198
2110264136;PC   MANOEL DE SOUSA ARAUJO  X  R ARRUDA DA CAMARA - AV. BENEDITO ANDRADE
2110265132;AV   RAIMUNDO PEREIRA DE MAGALHAES  X  AV PAULA FERREIRA
2110266139;VEL PRES  ARTHUR DA COSTA E SILVA  X  R MARTINS FONTES
2110267135;AV GAL  CHARLES DE GAULLE  ENTRE  R DR GIOVANI RECORDATI E  R INACIO LUIS DA COSTA
2110269138;R   HEITOR DE MORAIS  X  PC CHARLES MILLER - PÇA JOÃO ALVES VERÍSSIMO
2110274131;R   MARTIM TENORIO  - N.93
2210153131;AV MARQ DE SAO VICENTE  - R. FRANCISCO LUIZ DE SOUZA JUNIOR
2210190134;AV   INACIA DE TOLEDO  - N.233 - PRÓX.R.MJ.ALFREDO ROMÃO
2210366100;R   CLOVIS SALGADO  ENTRE  R ENG ANTONIO DE TOLEDO E  AV CEL SEZEFREDO FAGUNDES
2210460107;R   VOLUNTARIOS DA PATRIA  X  R DUARTE DE AZEVEDO - N.0
2310001139;R  DOS CARIRIS  X  R CARD ARCOVERDE
2310002135;R   VALERIO DE CARVALHO  X  R CLAUDIO SOARES
2310003131;R DR  VIRGILIO DE CARVALHO PINTO  X  R ARTUR DE AZEVEDO
2310004138;R   MATEUS GROU  X  R ARTUR DE AZEVEDO
2310005134;R   ARTUR DE AZEVEDO  X  R FRADIQUE COUTINHO
2310005134;R   ARTUR DE AZEVEDO  X  R MOURATO COELHO
2310005134;R   ARTUR DE AZEVEDO  X  R MATEUS GROU
2310005134;R   ARTUR DE AZEVEDO  X  R JOAQUIM ANTUNES
2310005134;R   ARTUR DE AZEVEDO  ENTRE  R JOAQUIM ANTUNES E  R MOURATO COELHO
2310006130;R   ARTUR DE AZEVEDO  X  R ANTONIO BICUDO
2310007137;R   ARTUR DE AZEVEDO  ENTRE  AV PEDROSO DE MORAIS E  R CUNHA GAGO
2310009130;R   ARTUR DE AZEVEDO  ENTRE  R HENRIQUE SCHAUMANN E  R FRADIQUE COUTINHO
2310009130;R   ARTUR DE AZEVEDO  X  R JOAQUIM ANTUNES
2310009130;R   ARTUR DE AZEVEDO  X  R FRADIQUE COUTINHO
2310009130;R   ARTUR DE AZEVEDO  X  R FRANCISCO LEITAO
2310009130;R   ARTUR DE AZEVEDO  X  R CON EUGENIO LEITE
2310009130;R   ARTUR DE AZEVEDO  X  R HENRIQUE SCHAUMANN
2310009130;R   ARTUR DE AZEVEDO  X  R MATEUS GROU
2310009130;R   ARTUR DE AZEVEDO  X  R DR VIRGILIO DE CARVALHO PINTO
2310010138;R   CAPITAL FEDERAL  X  AV PROF ALFONSO BOVERO
2310011134;R   CERRO CORA  X  R MARIO WHATELEY
2310012130;AV DR  ARNALDO  X  R CARD ARCOVERDE
2310012130;AV DR  ARNALDO  X  R SILVIO SACRAMENTO
2310013137;R   ARTUR DE AZEVEDO  - N.985
2310013137;R   ARTUR DE AZEVEDO  ENTRE  R FRANCISCO LEITAO E  R CON EUGENIO LEITE
2310014133;R   PLINIO DE MORAIS  X  R PROF PAULINO LONGO
2310015130;R   HENRIQUE SCHAUMANN  X  R TEODORO SAMPAIO
2310016136;R CARD  ARCOVERDE  X  R TEODORO SAMPAIO
2310017132;R PDE  CERDA  X  R SEBASTIAO RODRIGUES
2310017132;R MADRE  MARIA ANGELICA RESENDE  X  R PAULISTANIA
2310017132;R   PAULISTANIA  X  R BERNARDA LUIZ
2310017132;R   LIVI  X  R BERNARDA LUIZ
2310017132;R   CAMINHA DE AMORIM  X  R BERNARDA LUIZ
2310017132;R   NAZARE PAULISTA  X  R MADRE MARIA ANGELICA RESENDE
2310017132;R   IBIRACU  X  R FLORALIA
2310017132;R   NAZARE PAULISTA  X  R LIVI
2310018139;R   ALICE MACUCO ALVES  X  R CERRO CORA
2310019135;R   PURPURINA  X  R GIRASSOL
2310020133;R   GIRASSOL  X  R PURPURINA
2310021130;R   OROS  X  R DOM ROSALVO
2310022136;R   OROS  X  R DOM ROSALVO
2310024139;R IRMAO  LUCAS  X  R CARD ARCOVERDE - N.34
2310028088;R   TITO  X  AV RICARDO MEDINA FILHO
2310028088;PC S  CRISPIM  X  R TITO
2310028134;R DR  CARLOS NORBERTO DE S. ARANHA  X  R TIMBUIBA
2310028134;AV   DIOGENES RIBEIRO DE LIMA  X  R TIMBUIBA
2310028134;AV   DIOGENES RIBEIRO DE LIMA  X  PC BETIONE
2310028134;R   ALVILANDIA  X  R ARAMANAI
2310028134;R DR  CARLOS NORBERTO DE S. ARANHA  X  R DR ALBERTO SEABRA
2310028134;R   JAPIACOIA  X  R DR ALBERTO SEABRA
2310028134;R   JAPIACOIA  X  R ALVILANDIA
2310028134;AV   DIOGENES RIBEIRO DE LIMA  X  AV S GUALTER
2310028134;R   ALVILANDIA  X  R GREGORIO PAES DE ALMEIDA
2310028134;R   GREGORIO PAES DE ALMEIDA  X  R DONA ELISA DE MORAES MENDES
2310028134;R DR  CARLOS NORBERTO DE S. ARANHA  X  R DONA ELISA DE MORAES MENDES
2310028134;AV   DIOGENES RIBEIRO DE LIMA  X  R CAPIVARINHAS
2310028134;R DONA  ELISA DE MORAES MENDES  X  R CORDEIRO GALVAO
2310028134;R DR  ALBERTO SEABRA  X  AV DIOGENES RIBEIRO DE LIMA
2310028134;R   JAPIACOIA  X  R DR LUIS AUGUSTO DE QUEIROS ARANHA
2310029130;AV PDE  PEREIRA DE ANDRADE  - N.127 - PROX.  AV.QUEIROZ FILHO
2310032131;AV   ARRUDA BOTELHO  X  AV DAS NACOES UNIDAS
2310033138;R   FRADIQUE COUTINHO  X  R INACIO PEREIRA DA ROCHA
2310034134;R   AGISSE  ENTRE  R LUMINARIAS E  R IPERO
2310035130;R   CAYOWAA  X  R VANDERLEI
2310037133;AV S  GUALTER  ENTRE  R S DOMINGOS SAVIO E  R CERRO CORA
2310047082;R   HEITOR PENTEADO  ENTRE  R CRISTIANO VIANA E  R ALVES GUIMARAES
2310050091;R   VENANCIO AIRES  ENTRE  R DIANA E  R CAYOWAA
2310050091;R   BARTIRA  ENTRE  R DR FRANCO DA ROCHA E  R DIANA
2310050091;R   AIMBERE  ENTRE  AV SUMARE E  R BARTIRA
2310050091;R DR  FRANCO DA ROCHA  ENTRE  AV SUMARE E  R BARTIRA
2310050091;R   CAYOWAA  ENTRE  R VENANCIO AIRES E  R DR HOMEM DE MELO
2310050091;AV   SUMARE  ENTRE  R VANDERLEI E  PC MARREY JUNIOR
2310050091;R DR  HOMEM DE MELO  ENTRE  R CAYOWAA E  AV SUMARE
2310050091;R MIN  FERREIRA ALVES  ENTRE  R DIANA E  AV POMPEIA
2310050091;PC   MARREY JUNIOR  X  R TURIACU
2310050091;R   TURIACU  X  PC MARREY JUNIOR
2310050091;PC   MARREY JUNIOR 
2310057100;R   COTOXO  ENTRE  R CAJAIBA E  R VENANCIO AIRES
2310063096;R   PURPURINA  ENTRE  R DELFINA E  R FIDALGA
2310070122;R   FAUSTOLO  ENTRE  R SABAUNA E  R CRASSO - ESCOLA ESTADUAL RAUL CORTÊS
2310072125;R PDE  ANTONIO TOMAS  ENTRE  AV FRANCISCO MATARAZZO E  R EMB LEAO VELOSO
2310078115;R   NICOLAU GAGLIARDI  X  R VUPABUSSU - AV. PROF FREDERICO HERMANN JR
2310079120;R   CERRO CORA  X  R CARAMIMUA
2310079120;R   CERRO CORA  X  R LAURA VICUNA
2310090093;AV   FRANCISCO MATARAZZO  ENTRE  AV POMPEIA E  R PDE ANTONIO TOMAS
2310092088;R PDE  CARVALHO  - N.419 - PROX IMO RUA TUCAMBIRA
2310099120;R   OROBO  X  R ALBERTO FARIA
2310099120;R   OROBO  ENTRE  AV DIOGENES RIBEIRO DE LIMA E  R ANTONIO DE GOUVEIA GIUDICE
2310107123;AV DR  ARNALDO  ENTRE  R PROF ERNEST MARCUS E  R JOAO FLORENCIO
2310108120;AV PROF  ALFONSO BOVERO  ENTRE  R BRUXELAS E  R APINAJES
2310109126;R   ALBERTO FARIA  ENTRE  AV S GUALTER E  R DR ALBERTO SEABRA
2310114090;R BRIG  GAVIAO PEIXOTO  X  R ELEUTERIO PRADO
2310115096;R BRIG  GAVIAO PEIXOTO  X  R ELEUTERIO PRADO
2310117129;R   PEREIRA LEITE  ENTRE  R HEITOR PENTEADO E  R NAZARE PAULISTA - N.456 - 156
2310118079;R   MONTEIRO DE MELO  X  R ULPIANO
2310118109;R   PIRACUAMA  X  R APIACAS
2310119075;R   MONTEIRO DE MELO  X  R ULPIANO
2310120103;PC BRA DA BOCAINA  - N.87
2310121070;R   GALENO DE ALMEIDA  ENTRE  R JOAO MOURA E  R CRISTIANO VIANA
2310123129;R   GALENO DE ALMEIDA  X  R CAPOTE VALENTE - PÇA CAETANO FRACCAROLI
2310123129;AV   PAULO VI  X  R GALENO DE ALMEIDA - ENTRE VIADUTO PAULO VI E R.CAPOTE VALENTE
2310126128;R   TOME DE SOUZA  ENTRE  R PIO XI E  AV MERCEDES
2310127124;R CEL  MELO DE OLIVEIRA  ENTRE  R COTOXO E  AV POMPEIA
2310129127;R   ARTUR DE AZEVEDO  ENTRE  R CON EUGENIO LEITE E  R JOAQUIM ANTUNES
2310131121;R   ARTUR DE AZEVEDO  X  R JOAO MOURA
2310132128;R  DOS MIRANHAS  X  R WISARD
2310132128;R  DOS MIRANHAS  X  R MORAS
2310134074;R   SEPETIBA  X  R AJURICABA
2310134074;R   AJURICABA  X  R CEL CASTRO DE FARIA
2310139122;R   PIO XI  X  R CARAPURUI
2310139122;R   PIO XI  X  R BAIRI
2310139122;R   PIO XI  X  PC OSWALDO ZANINI
2310140082;R   TITO  X  R BARRA DO CHAPEU
2310140120;R   HENRIQUE SCHAUMANN  X  R LUIS MURAT
2310147125;R   OROBO  X  R BANIBAS
2310147125;R   BANIBAS  X  R BENNET
2310147125;R   OROBO  X  R BENNET
2310156124;R   HAVAI  X  R ANDRE CASADO
2310156124;R   HAVAI  ENTRE  R SARAMENHA E  R ANDRE CASADO
2310159123;R   NATINGUI  X  R DJALMA COELHO
2310159123;AV  DAS CORUJAS  X  R DJALMA COELHO
2310159123;AV  DAS CORUJAS  X  R NATINGUI
2310161098;R   TEODORO SAMPAIO  - N.2504
2310162094;R   TEODORO SAMPAIO  - N.2382
2310163090;R   TEODORO SAMPAIO  - N.2248
2310164097;R   TEODORO SAMPAIO  - N.2154
2310164127;R   JARICUNAS  X  R GAL VITORINO MONTEIRO
2310165093;R   TEODORO SAMPAIO  - N.2004
2310165123;AV   POMPEIA  - N.2198
2310166090;R   TEODORO SAMPAIO  - N.1916
2310167096;R   TEODORO SAMPAIO  - N.1768
2310168092;R   TEODORO SAMPAIO  - N.1704
2310168122;PC   HORACIO SABINO  X  R PENALVA
2310169099;R   TEODORO SAMPAIO  - N.1600
2310169129;R   EPEIRA  X  R MIGUEL RODRIGUES
2310169129;R   EPEIRA  ENTRE  R MIGUEL RODRIGUES E  R JOSE DORNELLAS
2310170097;R   HENRIQUE SCHAUMANN  X  R TEODORO SAMPAIO
2310170127;R   JEROAQUARA  X  R ROMA
2310170127;R   FRANCISCO ALVES  X  R CORIOLANO
2310171123;R   MARIO SETTE  ENTRE  R TEIXEIRA E SOUSA E  AV FRANCISCO MATARAZZO
2310175129;R   FRADIQUE COUTINHO  ENTRE  R TEODORO SAMPAIO E  R ARTUR DE AZEVEDO
2310176087;PTE   BERNARDO GOLDFARB  X  R EUGENIO DE MEDEIROS
2310177121;R   FABIA  X  R ESPARTACO
2310178128;R   HENRIQUE SCHAUMANN  X  R LUIS MURAT
2310181129;R   UBIRACICA  X  AV PROF FONSECA RODRIGUES
2310184128;R IRMAO  ODILON DINIZ  X  R SARAMENHA
2310185124;AV PROF  ALFONSO BOVERO  X  R APINAJES - R.CAJAIBA
2310186120;R   PAU-BRASIL  X  R ANATOLIA - N.640 - R.APERCA
2310187119;R   JOAO MOURA  X  R AMALIA DE NORONHA - R. ÁSIA
2310187127;R PDE  CARVALHO  X  R VUPABUSSU - AV.BRIG.FARIA LIMA
2310191108;R   MOURATO COELHO  - N.87
2310192120;R   ISABEL DE CASTELA  X  R LEAO COROADO - R.LEMOS CONDE
2310193097;R   CUNHA GAGO  X  R TEODORO SAMPAIO
2310194093;AV   PEDROSO DE MORAIS  X  R TEODORO SAMPAIO
2310195120;AV PROF  FONSECA RODRIGUES  X  AV PDE PEREIRA DE ANDRADE
2310195120;AV PROF  FONSECA RODRIGUES  X  PC PERO VAZ DE CAMINHA
2310195120;AV PROF  FONSECA RODRIGUES  X  AV ARRUDA BOTELHO
2310195120;AV PROF  FONSECA RODRIGUES  X  PC BEETHOVEN
2310195120;AV PROF  FONSECA RODRIGUES  ENTRE  R MIRALTA E  R DOS ESCULTORES
2310196126;R   OROBO  X  R BELCHIOR DA CUNHA
2310196126;R   OROBO  X  PC PDE CHARBONNEAU
2310197122;R PDE  CHICO  ENTRE  AV POMPEIA E  R COTOXO
2310198129;PC   IGNEZ GUIMARAES SOARES PESTANA  X  R OQUIRA
2310199125;AV   DIOGENES RIBEIRO DE LIMA  X  R MURAJUBA
2310199125;AV   DIOGENES RIBEIRO DE LIMA  X  R BERLIOZ
2310200123;AV S  GUALTER  X  R PIANU
2310201120;PC S  MARCOS  X  R CARD CAGLIORI
2310202126;R   BELINI  X  R ANTONIO DE GOUVEIA GIUDICE
2310202126;PC   BEETHOVEN  X  R ANTONIO DE GOUVEIA GIUDICE
2310203122;AV PROF  FONSECA RODRIGUES  X  R BERLIOZ
2310203122;R   ARACUAI  X  R BERLIOZ
2310203122;R   PEDRALVA  X  R BERLIOZ
2310207128;AV   PAULO VI  X  R LISBOA
2310208124;R   TEODORO SAMPAIO  ENTRE  R FRADIQUE COUTINHO E  R MATEUS GROU
2310210064;R   HEITOR PENTEADO  - PRÓX. R. CRISTIANO VIANA
2310212083;R   COSTA CARVALHO  ENTRE  R PARAOPEBA E  TV DOMINGOS ASSUNCAO
2310216127;R MIN  FERREIRA ALVES  ENTRE  R COTOXO E  R DR MIRANDA DE AZEVEDO
2310216127;R DR  AUGUSTO DE MIRANDA  X  R MIN FERREIRA ALVES
2310221120;R   AIMBERE  X  R BARTIRA
2310223123;R   BERNARDO DA VEIGA  X  R APINAJES
2310224120;R   HARMONIA  - N.670 - IGREJA RENOVADORA CRISTÃ
2310225126;R   ANDRADE FERNANDES  X  R DONA ELISA DE MORAES MENDES
2310226122;R GAL  VITORINO MONTEIRO  X  R JARICUNAS
2310227129;R   APINAJES  X  R CAPITAL FEDERAL
2310228125;R   JOAO MOURA  ENTRE  R MADALENA E  R IPERO
2310229091;R   NATINGUI  X  R FRANCISCO ISOLDI
2310230120;R PDE  CHICO  X  R CARAIBAS - N.93 - EE MISS BROWNE
2310230120;R   DIANA  X  R PDE CHICO - N.250 - EMEI SANTOS DUMONT
2310231126;R CEL  MELO DE OLIVEIRA  X  R TUCUNA
2310232092;R   NATINGUI  ENTRE  AV DAS CORUJAS E  R DJALMA COELHO
2310232122;R   TUCUNA  ENTRE  R MIN FERREIRA ALVES E  R DESEM VALE
2310233129;AV   ARRUDA BOTELHO  ENTRE  R MARCOS MELEGA E  R BENNET
2310236098;AV   POMPEIA  ENTRE  R TAVARES BASTOS E  R CEL MELO DE OLIVEIRA - N.985
2310236110;R   TIBERIO  - N.145 - ESCOLA ESTADUAL DR EDMUNDO DE CARVALHO
2310237124;R   AMALIA DE NORONHA  X  R JOAO MOURA - R.ÁSIA
2310238120;R   VANDERLEI  X  R AIMBERE
2310238120;R   VANDERLEI  - N.1512 - RUA AIMBERÊ
2310239127;R PDE  CHICO  - N.102 - R.CARAIBAS
2310240125;R   HENRIQUE SCHAUMANN  ENTRE  PC CELSO DELMANTO E  R CARD ARCOVERDE
2310240125;R   HENRIQUE SCHAUMANN  ENTRE  AV PAULO VI E  R CARD ARCOVERDE
2310242101;PC   IRMAOS KARMAM  ENTRE  R ZAIRA E  R PEDRO COELHO
2310243124;R   BELCHIOR DA CUNHA  X  R CHICHORRO DA GAMA
2310243124;R   PIACA  X  R CASTRO DELGADO
2310243124;R   BELCHIOR DA CUNHA  X  R CASTRO DELGADO
2310243124;R   BELCHIOR DA CUNHA  X  R CRISTALANDIA
2310243124;R   PIACA  X  R CRISTALANDIA
2310243124;R   PIACA  ENTRE  R OROBO E  R MASSACA
2310243124;R   BELCHIOR DA CUNHA  X  R MARIA DA GRA
2310243124;R   BELCHIOR DA CUNHA  X  R MASSACA
2310243124;R   OROBO  X  R SILVA PRADO
2310243124;R   MASSACA  X  R PIACA
2310243124;R   OROBO  X  R PIACA
2310246107;R CEL  MELO DE OLIVEIRA  ENTRE  R BR DO BANANAL E  AV POMPEIA - N.567
2310250120;R   ALMIR RIBEIRO  ENTRE  R PARIS E  R SALTO GRANDE
2310259098;R   COTOXO  ENTRE  R CAJAIBA E  R VENANCIO AIRES
2310260126;R DR  CARLOS NORBERTO DE S. ARANHA  X  R VITORINO DE CARVALHO
2310261122;R   CARACA  X  R EVEZU
2310262129;R ARQ  JAIME FONSECA RODRIGUES  X  R DESEM FERREIRA FRANCA
2310262129;R ARQ  JAIME FONSECA RODRIGUES  X  R DR CARLOS NORBERTO DE S. ARANHA
2310262129;R ARQ  JAIME FONSECA RODRIGUES  X  R CARACA
2310263125;R   IPERO  X  R JOAO MOURA
2310263125;R   IPERO  X  R FELIPE CAVALCANTI
2310263125;R   BERNARDO BICUDO  X  R FELIPE CAVALCANTI
2310264121;R DESEM  FERREIRA FRANCA  ENTRE  R DOS MACUNIS E  R OURANIA - CEI MÃE DO SALVADOR
2310264121;R  DOS MACUNIS  ENTRE  AV DIOGENES RIBEIRO DE LIMA E  R JUBIABA - CEI MÃE DO SALVADOR
2310264121;AV   DIOGENES RIBEIRO DE LIMA  ENTRE  PC CECILIA PERIGO SALOIVA E  R DOS MACUNIS - CEI MÃE DO SALVADOR
2310265128;PC   PAN - AMERICANA  X  AV PROF FONSECA RODRIGUES
2310266086;R   NAZARE PAULISTA  X  R PEREIRA LEITE
2310266124;R   JOAO MOURA  X  R ARTUR DE AZEVEDO
2310267120;R   FERNAO DIAS  ENTRE  R TUCAMBIRA E  R FELIX BRACQUEMOND
2310268127;R   VENANCIO AIRES  ENTRE  R BR DO BANANAL E  AV POMPEIA
2310269123;R   GALENO DE ALMEIDA  X  R ARRUDA ALVIM
2310270121;R MIN  FERREIRA ALVES  ENTRE  R CARAIBAS E  R TUCUNA
2310271128;R DR  AUGUSTO DE MIRANDA  ENTRE  R CEL MELO DE OLIVEIRA E  R TAVARES BASTOS
2310273120;PTE   BERNARDO GOLDFARB  - N.1
2310274127;R   LAIANA  X  AV BAGIRU
2310277126;R   JORGE RIZZO  - N.123
2310281123;R   INHATIUM  - N.152 - CEI CASA DA PEQUENA IVETE
2310282090;R   MOURATO COELHO  ENTRE  R INACIO PEREIRA DA ROCHA E  R CARD ARCOVERDE
2310282090;R   SIMAO ALVARES  ENTRE  R CARD ARCOVERDE E  R INACIO PEREIRA DA ROCHA
2310285129;PC   ARITIQUIBA  X  R GUARARAPES
2310286125;R   JOAO MOURA  X  R ABEGOARIA
2310287121;R   INACIO PEREIRA DA ROCHA  ENTRE  R MOURATO COELHO E  R SIMAO ALVARES
2310289124;R   CAPITAL FEDERAL  X  R BRUXELAS
2310292125;R   BARTOLOMEU ZUNEGA  - N.18
2310293121;R   AURELIA  X  R MARIO
2310294128;R   FAUSTOLO  ENTRE  R NSRA DA LAPA E  R MONTEIRO DE MELO
2310296120;R   CAYOWAA  X  R MIN GASTAO MESQUITA
2310297127;AV PROF  FONSECA RODRIGUES  ENTRE  PC PAN - AMERICANA E  R MIRALTA
2310298123;R   VANDERLEI  X  R IPEROIG
2310299120;R IRMAO  GONCALO  X  R MADALENA
2310300128;R   ORIGINAL  X  R MADALENA
2310301124;R   MADALENA  ENTRE  R AMERICO DOS SANTOS E  R IRMAO GONCALO
2310301124;R   MADALENA  - N.501
2310302120;R   NAZARE PAULISTA  X  R VITORINO DE CARVALHO
2310302120;PC PROFA  EMILIA BARBOSA LIMA  X  R VITORINO DE CARVALHO
2310302120;R   NAZARE PAULISTA  X  R PDE CERDA
2310304123;R   ASPICUELTA  X  R FRADIQUE COUTINHO - N.529 - COLÉGIO SNAIL
2310308129;R DR  LUIS AUGUSTO DE QUEIROS ARANHA  X  R JAPIACOIA
2310308129;PC   ELVIRA DE JESUS JARRA  X  R DR LUIS AUGUSTO DE QUEIROS ARANHA
2310309125;R   JOAQUIM ANTUNES  X  R CARD ARCOVERDE
2310310093;R MONS  PASSOS 
2310310093;PC   JOSE CARLOS BURLE  - N.0 - TRAV TIM MAIA
2310312126;AV   MERCEDES  X  R DUARTE DA COSTA
2310314129;R   HENRIQUE SCHAUMANN  X  R LUIS MURAT
2310315125;R   JOAO FRAISSAT  ENTRE  R VESPASIANO E  R SALES GUERRA
2310315125;R   JOAO FRAISSAT  - N.169
2310316121;R   ARACUAI  X  R PEDRALVA
2310317110;R DESEM  VALE  X  R CARAIBAS - DROGARIA SÃO GERALDO (CARAIBAS, 600)
2310320110;R BR DO BANANAL  ENTRE  R MIN FERREIRA ALVES E  R DESEM VALE - N.583 - ESCOLA SÃO GABRIEL
2310320129;R   CAIUBI  X  R DIANA
2310320129;R MIN  FERREIRA ALVES  X  R DIANA
2310320129;R   DIANA  ENTRE  R DESEM VALE E  R BARTIRA
2310320129;R   DIANA  X  R DESEM VALE
2310320129;R   DIANA  X  R BARTIRA
2310321125;R   HIGINO PELLEGRINI  ENTRE  R PDE ANTONIO TOMAS E  R BR DE TEFE
2310322121;R   JOAO MOURA  X  R FRANCISCO FAREL
2310323128;R   ERNESTO NAZARE  X  R HONORATO FAUSTINO
2310325120;R   QUEIMADA GRANDE  ENTRE  R GURUPA E  R JOAO JABOTAM
2310327123;R DR  MIRANDA DE AZEVEDO  ENTRE  R DANIEL CARDOSO E  R PROF ROCCA DORDAL - N.155
2310328120;R   VANDERLEI  X  R APIACAS
2310329126;R   VANDERLEI  X  R APINAJES
2310331120;R   BANIBAS  ENTRE  R MIRALTA E  AV PROF MANUEL JOSE CHAVES
2310332127;R  DOS ESCULTORES  X  AV PROF FONSECA RODRIGUES
2310333123;R   GALENO DE ALMEIDA  X  R OSCAR FREIRE
2310333123;AV DR  ARNALDO  ENTRE  R GALENO DE ALMEIDA E  R OSCAR FREIRE
2310334120;R   JAPUANGA  X  R S DOMINGOS SAVIO
2310335126;R   FRANCISCO FAREL  X  R JOAO MOURA
2310337129;R   JOAO MOURA  X  R AMALIA DE NORONHA
2310337129;R   JOAO MOURA  X  R ASIA
2310338125;R   CORUMBA  X  R ANTONINA
2310340120;R   WISARD  X  R FIDALGA
2310342122;R BR DO BANANAL  X  R CAJAIBA
2310343129;R   CAMINHA DE AMORIM  ENTRE  R PROF TULIO ASCARELLI E  R LIVI
2310343129;R   CAMINHA DE AMORIM  X  R SEBASTIAO RODRIGUES
2310344125;R   FIDALGA  X  R ASPICUELTA
2310346128;R   RICARDO FIGUEIREDO  ENTRE  R ANTONIO TOLEDO PIZA E  R BARTOLOMEU BELLI
2310347124;AV   DIOGENES RIBEIRO DE LIMA  X  AV S GUALTER
2310347124;AV   DIOGENES RIBEIRO DE LIMA  - N.916 - ESCOLA OSWALD DE ANDRADE
2310348120;R   SUCURIU  X  R BERLIOZ
2310349127;AV   DIOGENES RIBEIRO DE LIMA  ENTRE  R DARDANELOS E  R ARIQUEME - RUA PIO XI
2310350125;R   RAUL ADALBERTO DE CAMPOS  ENTRE  R NAZARE PAULISTA E  R MADRE MARIA ANGELICA RESENDE
2310351121;R   NAZARE PAULISTA  X  R PDE CERDA
2310351121;R   NAZARE PAULISTA  X  R VITORINO DE CARVALHO
2310351121;PC PROFA  EMILIA BARBOSA LIMA  X  R NAZARE PAULISTA
2310353124;R   PUTUMUJU  X  PC DR SALES JUNIOR - N.137
2310354120;R   MIRALTA  X  R UMBURANAS
2310355127;R   MIRALTA  X  R BANIBAS
2310356123;R   CAPITAL FEDERAL  X  R APINAJES
2310357120;R   HENRIQUE SCHAUMANN  ENTRE  AV REBOUCAS E  R PAULO GONTIJO DE CARVALHO
2310358126;R   TEODORO SAMPAIO  ENTRE  AV DR ENEAS CARVALHO DE AGUIAR E  AV DR ARNALDO
2310358126;R   TEODORO SAMPAIO  X  AV DR ARNALDO
2310359122;R CEL  MELO DE OLIVEIRA  X  R TUCUNA
2310360120;R   APINAJES  X  R BARTIRA
2310363120;R   SEPETIBA  X  R JARICUNAS
2310365122;R   SEPETIBA  ENTRE  R JOSE BORELLI E  R COSTA MORGADO
2310367125;R   MARIO GUASTINI  X  R PROF MONIZ
2310368121;R   VANDERLEI  X  R CAYOWAA
2310370126;R   FRANCISCO ISOLDI  X  R NATINGUI
2310371122;R BRIG  GAVIAO PEIXOTO  ENTRE  AV MERCEDES E  R ELEUTERIO PRADO
2310374121;PC   ANTONIO SABINO  ENTRE  AV EUSEBIO MATOSO E  R BUTANTA - N.1
2310377120;R   OQUIRA  X  R ENG SA ROCHA
2310378127;AV DR  ARNALDO  ENTRE  R ANTONINA E  R ALEGRETE
2310379123;R DONA  ELISA DE MORAES MENDES  X  PC COMEN MANUEL DE MELO PIMENTA
2310380121;R  DOS MIRANHAS  X  R IQUITOS
2310382124;R   IQUITOS  X  R MORAS
2310382124;R DEP  LACERDA FRANCO  X  R MORAS
2310383120;R   HONORATO FAUSTINO  X  R ERNESTO NAZARE
2310384127;R   CATAO  X  R FABIA
2310385123;R   CAETES  X  R VANDERLEI
2310387126;R  DOS PINHEIROS  X  R ORLANDO VESSONI
2310387126;AV BRIG  FARIA LIMA  X  R DOS PINHEIROS
2310387126;R  DOS PINHEIROS  ENTRE  AV BRIG FARIA LIMA E  R ORLANDO VESSONI
2310391123;R CEL  MELO DE OLIVEIRA  X  R COTOXO
2310391123;R   COTOXO  X  R NOVAIS JUNIOR
2310393126;R   PARACUE  X  R CAYOWAA
2310394114;R   ANTONINA  ENTRE  AV DR ARNALDO E  R DUARTINA
2310394122;R   LISBOA  ENTRE  AV REBOUCAS E  R ALCIDES PERTIGA
2310395129;TV   TIM MAIA  X  R HARMONIA
2310395129;R   HARMONIA  - N.1163
2310396125;R   JACIPORA  X  R HEITOR PENTEADO
2310397121;AV   PEDROSO DE MORAIS  X  R TEODORO SAMPAIO
2310398128;R DR  ALBERTO SEABRA  X  R ALVILANDIA
2310399124;R   HEITOR PENTEADO  X  R JOAO MOURA
2310399124;PC BRA DA BOCAINA  X  R JOAO MOURA
2310400114;AV   POMPEIA  ENTRE  R TURIACU E  AV FRANCISCO MATARAZZO
2310400122;R   IBIQUARA  ENTRE  R HUNGARA E  R TITO
2310402125;R   AIMBERE  X  R VANDERLEI
2310403121;R   TAVARES BASTOS  X  R TUCUNA
2310405116;R   HARMONIA  - N.879 - ESCOLA ESQUILINHO
2310405124;R   ANTONIO DE GOUVEIA GIUDICE  X  R OROBO
2310406120;R   ANTONIO DE GOUVEIA GIUDICE  X  R OROBO
2310408123;R   HARMONIA  ENTRE  R SEN CESAR LACERDA VERGUEIRO E  R MEDEIROS DE ALBUQUERQUE
2310409120;R DONA  ELISA DE MORAES MENDES  X  R JOAO BATISTA CARDOSO
2310410128;R   HORACIO LANE  X  R CARD ARCOVERDE
2310411124;AV   DIOGENES RIBEIRO DE LIMA  X  R BERGAMOTA
2310411124;AV   DIOGENES RIBEIRO DE LIMA  - N.2510
2310411124;AV   DIOGENES RIBEIRO DE LIMA  X  R CERRO CORA
2310411124;AV   DIOGENES RIBEIRO DE LIMA  ENTRE  AV PDE PEREIRA DE ANDRADE E  R CERRO CORA
2310412120;R   CARLOS RATH  X  R PROF MONIZ
2310413127;R   HEITOR PENTEADO  X  PC BRA DA BOCAINA
2310414123;R   FRANCISCO BAYARDO  ENTRE  R CAYOWAA E  R PARIS
2310416126;R   EVANGELISTA RODRIGUES  ENTRE  AV DIOGENES RIBEIRO DE LIMA E  AV DOS SEMANEIROS - R.PROFº DÉCIO REIS
2310418129;R   MEDEIROS DE ALBUQUERQUE  ENTRE  R GERARD DAVID E  R ASPICUELTA
2310422126;R   MORAS  X  R NATINGUI
2310423068;R   ARTUR DE AZEVEDO  X  R OSCAR FREIRE - N.1 - DA RUA ARTUR DE AZEVEDO
2310437115;R   APIACAS  - N.552 - RUA CAIUBI
2310483079;R   MONTEIRO DE MELO  X  R ULPIANO
2410033130;R   CARLOS WEBER  - N.1315
2410449123;R   FELIX GUILHEM  X  R ENG AUBERTIN
2410469124;R   AGAMENON MAGALHAES  - N.283
2910004058;AV  DAS CEREJEIRAS  X  R OSAKA - PRAÇA NIPON
2910005062;R   SERAFIM POLI  X  AV ERNESTO AUGUSTO LOPES
2910007090;AV   ITABERABA  X  AV JOAO PAULO I
2910008100;AV ENG  CAETANO ALVARES  X  R VOLUNTARIOS DA PATRIA
2910008134;AV GAL  ATALIBA LEONEL  ENTRE  R DONA GABRIELA E  R PONTE PENSA
2910009106;AV ENG  CAETANO ALVARES  X  R VOLUNTARIOS DA PATRIA
2910011100;AV   CASA VERDE  X  R DR JORGE BRAND
2910018121;R   BENJAMIN PEREIRA  ENTRE  R STA TERESA DE JESUS E  R CRISTOVAO ARRAES
2910019128;R   MANUEL GAYA  X  R IMBIRAS
2910024105;AV  DO POETA  X  AV JOAO SIMAO DE CASTRO
2910027120;ES  DAS TAIPAS  X  R CAMILLO ZANOTTI
2910029093;R   MARIA AMALIA LOPES AZEVEDO  X  AV ANTONELO DA MESSINA
2910030059;R   DARZAN  X  AV CRUZEIRO DO SUL
2910034046;AV PROF  CELESTINO BOURROUL  X  R SAMPAIO CORREA
2910035093;AV   EDE  X  R CRISPIM DUARTE
2910037096;R   ALFREDO PUJOL  - N.1221 - ENTRE R. VOLUNTÁRIOS DA PÁTRIA E AV. CASA VERDE
2910037126;AV   GUILHERME  X  R JOSE BERNARDO PINTO
2910038041;AV  DO ANASTACIO  X  R WILLIS ROBERTO BANKS
2910038092;AV   GUSTAVO ADOLFO  X  R ITAMONTE
2910038122;AV   INAJAR DE SOUZA  X  AV JERONIMO DE ANDRADE
2910039099;AV   MUTINGA  X  R LUIS CUNHA - R. RIBEIRÃO VERMELHO
2910040046;AV NSRA DO O  X  AV CLAVASIO ALVES DA SILVA
2910043126;R   PAULO DE AVELAR  X  R LUISA SCARPINI
2910043126;R   PAULO DE AVELAR  X  R NILO LUIS MAZZEI
2910046060;R DONA  ANA PIMENTEL  X  R DR COSTA JUNIOR
2910046095;AV   MAZZEI  X  R S NESTOR
2910046125;AV   DIOGENES RIBEIRO DE LIMA  X  R DARDANELOS
2910052125;AV   ARRUDA BOTELHO  - N.255
2910061094;R   CLELIA  X  R JEROAQUARA
2910062066;AV GAL  EDGAR FACO  X  PTE DO PIQUERI - PEDESTRE PRÓX. PONTE DO PIQUERI
2910063097;AV  DO GUACA  X  R CEL JOAQUIM FERREIRA DE SOUZA
2910065090;R   JOSE DE OLIVEIRA COUTINHO  X  R GUSTAV WILLI BORGHOFF - SEMÁFORO DE PEDESTRE
2910069044;AV   BRAZ LEME  X  R DR CESAR
2910073050;R   USHIKICHI KAMIYA  - N.684 - PROX. ESTRADA DE FURNAS
2910076059;R   JOAQUIM AFONSO DE SOUZA  X  R LAVINIO SALLES ARCURI
2910076067;AV DR  ARNALDO  X  R IPEROIG
2910076121;AV   LUIZ DUMONT VILLARES  X  R MARIA CANDIDA
2910077063;AV   SUMARE  ENTRE  R CAIUBI E  PC JOSE VIEIRA DE C. MESQUITA
2910088049;R   CARDOSO DE ALMEIDA  X  R BARTIRA
2910089045;R   CARDOSO DE ALMEIDA  X  R VANDERLEI
2910092046;R   AUGUSTO TOLLE  X  R PEDRO DOLL
2910096041;PC   LUIZ CARLOS MESQUITA 
2910096050;R   ZILDA  X  R CESAR PENA RAMOS
2910096084;R   BARTIRA  X  R CAYOWAA
2910098109;AV   JOAO SIMAO DE CASTRO  X  R ALONSO PERES
2910099067;AV CONS  MOREIRA DE BARROS  X  R LUSO BRASILEIRO
2910100081;R   CAIUBI  X  R AIMBERE
2910103102;AV GAL  ATALIBA LEONEL  X  R TOME PORTES
2910104060;AV   OTTO BAUMGART  X  R JOSE BERNARDO PINTO
2910106063;AV   PARADA PINTO  X  R AGUA PRETA
2910107043;R   AMAMBAI  X  R CURUCA
2910108058;AV   BRAZ LEME  X  R ZANZIBAR
2910108066;AV   PARADA PINTO  X  R AGUA PRETA
2910114090;R   NELSON FRANCISCO  X  R MANUEL PINTO DE CARVALHO
2910116093;AV COMEN  MARTINELLI  X  R DR FREIRE CISNEIRO
2910119092;R   ESTELA BORGES MORATO  X  AV NSRA DO O
2910120090;AV   CRUZEIRO DO SUL  X  R CERQUEIRA LEITE
2910121100;AV   SUMARE  X  R PROF JOAO ARRUDA
2910123049;AV   POMPEIA  X  R VENANCIO AIRES
2910130045;AV   RAIMUNDO PEREIRA DE MAGALHAES  X  AV MIGUEL DE CASTRO
2910134040;AV   NOVA CANTAREIRA  X  R ALM NORONHA
2910135047;R   ISMAEL NERI  X  AV NOVA CANTAREIRA
2910135063;R   CIRENE DE OLIVEIRA LAET  X  R JOSE FIGLIOLINI
2910136043;AV   NOVA CANTAREIRA  X  R EULALIA BASTOS
2910137040;AV CEL  SEZEFREDO FAGUNDES  X  R DO ALTO
2910138046;AV CEL  SEZEFREDO FAGUNDES  X  R DAS GAMBOAS
2910138054;AV   NOVA CANTAREIRA  ENTRE  R DR ZUQUIM E  AV AGUA FRIA
2910138062;R CEL  MARCILIO FRANCO  X  R MAQUINISTA TRIGO
2910138097;R   BONIFACIO CUBAS  X  R RIBEIRO DE MORAIS
2910139042;R   MANUEL GAYA  X  AV CEL SEZEFREDO FAGUNDES
2910139093;R   BONIFACIO CUBAS  X  R PEDROSO XAVIER
2910140040;AV CEL  SEZEFREDO FAGUNDES  - N.100 - MARIA AMALIA LOPES DE AZEVEDO
2910147061;AV   ERMANO MARCHETTI  X  R ENG AUBERTIN
2910149056;AV   CASA VERDE  X  R RELIQUIA
2910150062;R   ABILIO PEDRO RAMOS  X  R IGUARUANA
2910153053;AV ENG  CAETANO ALVARES  X  PC SARG TRANQUILINO SANTANA
2910191087;AV   MUTINGA  X  R GAL LAURO CAVALCANTI DE FARIAS
2910199100;AV   ZUMKELLER  X  AV DO GUACA
2910201104;R   CARDOSO DE ALMEIDA  X  R CAIUBI
2910203107;R   CARDOSO DE ALMEIDA  X  R PARAGUACU
2910217108;R   ALFREDO PUJOL  X  R FREI VICENTE DO SALVADOR
2910218104;R   FRADIQUE COUTINHO  - N.2207 - PEDESTRE
2910220087;AV GAL  ATALIBA LEONEL  X  R AZIR ANTONIO SALTON
2910228053;R   ITAMARATI  X  R TRAIPU
2910232107;R   VOLUNTARIOS DA PATRIA  ENTRE  R ALFREDO GUEDES E  R AVI GIL GUILHERME
2910242102;R   VOLUNTARIOS DA PATRIA  X  R JOSE DEBIEUX
2910243052;R   BENJAMIN PEREIRA  - N.422
2910251055;R   GALATEA  X  R JACUNA
2910263053;AV   PAULO LINCOLN DO VALLE PONTIN  X  R EMILIA MACHADO DE FIGUEIREDO
2910365115;R   TURIACU  X  AV POMPEIA
3110044137;AV CONS  CARRAO  - N.2802
3110049139;R   TUIUTI  - N.2092
3110052130;R DR  LUIS CARLOS  ENTRE  R ANTONIO LINDORO DA SILVA E  R FREI MONT´ALVERNE
3210046131;R   MANAIAS  - N.177 - PROX. R. MONTEIRO SOARES FILHO
3210070130;R  DOS CAPITAES MORES  - N.219
3210096139;AV   MONTEMAGNO  - N.241
3510023137;R   COIMBRA  ENTRE  R BRESSER E  R FIRMIANO PINTO
3510023137;R   BRESSER  ENTRE  R COIMBRA E  R VINTE E UM DE ABRIL
3510038096;R   ITAPETI  - N.721
3510073126;R   ELOI CERQUEIRA  - N.141
3510084063;R ALM  CALHEIROS  - N.380
3510093097;R CONS  COTEGIPE  ENTRE  R ENG ANDRADE JUNIOR E  R ANTONIO TEIXEIRA
3510126106;R   ANTONIO CAMARDO  - N.23
3510152123;R ALM  CALHEIROS  - N.380
3510169085;R   ELEONORA CINTRA  - N.360
3510180070;R DR  CLEMENTINO  ENTRE  R CONS COTEGIPE E  R PROF RODOLFO SAO TIAGO
3510183096;R   SERRA DE BRAGANCA  - N.1409
3510201108;R   TIJUCO PRETO  X  R SERRA DE JAPI
3510202090;PC   SILVIO ROMERO  - N.136
3510205120;R   VINTE E UM DE ABRIL  - N.1531
3510244109;R   TIJUCO PRETO  - N.202
3510256107;R DOM  ANDRES LAMAS  - N.260
3510293100;R   SERRA DE BOTUCATU  X  R ANTONIO DE BARROS
3510360095;R   HERVAL  X  R ELOI CERQUEIRA
3610015047;AV   GUILHERME GIORGI  ENTRE  R ROGERIO GIORGI E  R ENG PEGADO
3610028041;R   SAIGON  X  R BALZAC
3610038128;R PDE  RAPOSO  - N.365
3610039124;R   HIPODROMO  X  R IPANEMA
3610064099;R MADRE DE DEUS  - N.1265
3610067063;R DR  FOMM  - N.238
3610067098;R   CAME  - N.235
3610068116;R   TOBIAS BARRETO  - N.1450
3610081120;R   CUIABA  - N.1200
3610090090;R   ARAPACU  - N.123
3610094125;R   CANUTO SARAIVA  - N.686
3610095121;R   CLEMENTE BONIFACIO  X  R DO ORATORIO - N.2709
3610101121;R   BRUNA  X  R ANDRE SANCHES CUENCA - N.10
3610111127;AV   JOAO XXIII  - N.224
3610127112;R PDE  MAURICIO  X  R DR GABRIEL DE RESENDE
3610138106;PC S  CIRIACO  - N.306
3610143061;AV DR  EDUARDO COTCHING  ENTRE  PC STO ATANASIO E  R ASFALTITE
3610159111;R   IBITINGA  - N.83
3610168110;R   JOAO VIEIRA PRIOSTE  ENTRE  AV GUILHERME GIORGI E  R EVANGELINA
3610188049;R   NOVA TRENTO  X  R PEREIRA BARBOSA
3610192062;R   MADRID  - N.550
3610197129;R   MANAUS  - N.403
3710010098;R   AMERICO SUGAI  - N.1
3710018099;AV   JACU-PESSEGO/N.TRABALHADORES  - N.1
3710020093;AV DOM  HELDER CAMARA  - N.100
3710038103;AV   NORDESTINA  ENTRE  R DR JOSE GUILHERME EIRAS E  R PASCOAL DANIEL
3710040094;R   GERMANO DE MIRANDA  - N.205
3710043115;R   EVANGELINA FERREIRA DESTRO  X  R JOSE ALDO PIASSI
3710061091;AV GOV  CARVALHO PINTO  - N.1
3710067081;R   COSTA REGO  - N.25
3710081114;AV  DOS GURIS  ENTRE  AV TTE LAUDELINO FERREIRA DO AMARAL E  R JACUANGA
3710086060;AV   SOUSA BANDEIRA 
3710086060;AV DR  PEREIRA VERGUEIRO 
3710086060;AV   ALDEIA MANUEL ANTONIO 
3710119081;R STA  RITA DO JACUTINGA  X  R GRAVIOLA
3710120080;R   DOMINGOS DE MARTINS PACHECO  - N.20
3710145074;R   CANINANA  ENTRE  R ANTONIO DIAS DE MOURA E  AV ESTRELA DA NOITE
3710161070;R DESEM  ROCHA PORTELA  - N.1000
3710166047;AV   AMADOR BUENO DA VEIGA 
3710192072;R   DRIADES  X  R CAJAZEIRAS
3710198062;R DR  LUIZ AYRES  - PRÓX. A R. AFONSO PORTO
3710224047;R   FRANCISCO ROJAS  ENTRE  R FRANCISCO GAMBARROTA E  R EUGENIO SANS
3710230071;AV   PASTEUR  - N.576
3710251079;R   RODEIO  X  R DR LUIS CARLOS
3710350115;R   EMBIRA  - N.1
3810014095;R   MARIA EUGENIA CELSO  - N.85
3810024104;R   PEDRO MALAQUIAS 
3810026085;R DR  CAMPOS MOURA  - METRO ARTUR ALVIM
3810027081;R   ANA BALOG BAKOS  X  AV MARIANA DE SOUZA GUERRA
3810027081;R   HIRAN LEITE DE ABREU  X  R CANDIDO XAVIER
3810027081;R   HIRAN LEITE DE ABREU  X  R ANA BALOG BAKOS
3810032085;R   BENEDITO COELHO NETTO  ENTRE  R PAES LANDIN E  AV ITAQUERA
3810043109;AV   RAGUEB CHOHFI  - N.960
3810046094;R CAP  PUCCI  - N.114
3810047090;R   HIPOLITO DE CAMARGO  - N.437
3810048097;AV   GAMELEIRA BRANCA  - N.36
3810054089;ES  DO LAGEADO VELHO  X  ES DOM JOAO NERY
3810058084;R   IGARAPE DA BELA AURORA  ENTRE  R INACIO MONTEIRO E  R IGARAPE GUARA
3810085090;AV   WALDEMAR TIETZ  X  AV PDE ESTANISLAU DE CAMPOS
3810087092;R   FRANCISCO DE MELO PALHETA  X  AV RAGUEB CHOHFI
3810120081;R   FERNANDO GANGA  X  R ACHILLE STEFANI
3910146066;R   MONTE SERRAT  X  R EUCLIDES PACHECO
3910147062;R   EUCLIDES PACHECO  X  R APUCARANA
3910160069;R   MONTE SERRAT  X  R EMILIO MALLET
3910221068;R   MONTE SERRAT  ENTRE  R EMILIO MALLET E  R EUCLIDES PACHECO - R. APUCARANA X R. EMILIO MALLET
3910426115;R   GONCALVES CRESPO  X  R TUIUTI
3910439110;R PRES  ALMEIDA COUTO  X  R PRES COSTA PEREIRA
4110001145;R   ARMORIAL  X  PC MONUMENTO
4110002141;R   COSTA AGUIAR  X  R LORD COCKRANE
4110003148;R CEL  FRANCISCO INACIO  X  R REGINO ARAGAO
4110004136;R   SALVADOR SIMOES  X  R ARCIPRESTE ANDRADE
4110004144;R DR  MARIO SETZER  X  R DR NESTOR ALBERTO DE MACEDO
4110004144;R CEL  SILVERIO MAGALHAES  ENTRE  R FRANCISCO TAPAJOS E  R DR NESTOR ALBERTO DE MACEDO
4110005132;R   SALVADOR SIMOES  X  R ARCIPRESTE ANDRADE
4110005140;R CEL  SILVERIO MAGALHAES  ENTRE  R FRANCISCO TAPAJOS E  R DR NESTOR ALBERTO DE MACEDO
4110006147;R DR  MARIO VICENTE  X  R ARCIPRESTE EZEQUIAS
4110008140;AV   MIGUEL ESTEFANO  ENTRE  R CESAR BATISTA E  R BARRETO MUNIZ
4110009138;R DR  MARIO VICENTE  - N.910 - ENTRE OS NUMERAIS 910 E 920
4110011140;R   DESCAMPADO  ENTRE  R TAQUARICHIM E  AV CEL JOSE PIRES DE ANDRADE
4110014140;R   CACHOEIRA DOURADA  X  R MANUEL MANCOS
4110015146;R   BENITO GARCIA  X  R CHARLES ASTOR
4110016142;R   MACHADO DE ASSIS  - N.680
4110017149;R DOM  MIGUEL COSTA  X  R DOM LUCIO DE SOUSA
4110018145;R   ARTUR SABOIA  X  AV ARMANDO FERRENTINI
4110019141;R   IZONZO  ENTRE  R BUDAPESTE E  R BETA
4110022142;PC   MONUMENTO  ENTRE  R LEAIS PAULISTANOS E  R DOS SOROCABANOS - N.197
4110023149;R DESEM  ARAGAO  - N.248
4110024145;R   VERGUEIRO  ENTRE  R MURIAE E  AV DR GENTIL DE MOURA
4110026130;R   GUINLE  X  R MARIANO PROCOPIO
4110026148;R   JOSE CHIMENTI  X  R XAVIER CURADO
4110027144;R   SALVADOR SIMOES  X  R DR ELISIO DE CASTRO
4110038138;R PROF  RAUL PEDERNEIRAS  X  PC PESTALOZZI
4110138132;AV PDE  ARLINDO VIEIRA  - N.1919 - R.GEORGES BIZET
4110151139;R   JERONIMO DE ALBUQUERQUE  - N.55
4110153131;AV PREF  FABIO PRADO  X  R MALEBRANCHE
4110153131;AV PREF  FABIO PRADO  ENTRE  R MALEBRANCHE E  R PEDRO NICOLE
4110158133;R   MURIAE  X  R SALVADOR SIMOES
4110159130;AV PRES  WILSON  - N.2911 - CANTEIRO ENTRE AV DO ESTADO
4110159130;AV  DO ESTADO  - N.2911 - OPOSTO PRES WILSON
4110167132;R   CLEMENTE PEREIRA  - N.336
4110169135;R   ITAIBI  ENTRE  AV DO CURSINO E  R ASSUNGUI
4110171130;R   POMPEO LEONI  ENTRE  R JULIO FELIPE GUEDES E  R JOSE SERDEIRA RIBAS
4110172136;R   CIPRIANO BARATA  X  R LEAIS PAULISTANOS
4110175135;R   JOSE CHIMENTI  X  R MANIFESTO
4110176131;R   MOREIRA DE GODOI  X  R VICENTE DA COSTA - N.456
4110177138;R   OLIVEIRA ALVES  - N.520
4110178134;R   ALICE DOS SANTOS VIEIRA  X  R FRANCISCO MARIA CAROPRESO
4110182131;R  DO BOQUEIRAO  - N.553
4110186137;R DOM  BERNARDO NOGUEIRA  X  R VIG ALBERNAZ
4110187133;R VIG  ALBERNAZ  - N.884
4110188130;R   GAMA CERQUEIRA  - N.188
4110189136;R   RIBEIRO LACERDA  X  R OSCAR BRESSANE
4110190134;R CEL  DIOGO  X  R MARIANO PROCOPIO
4110192137;R DOM  ANTONIO BARREIROS  ENTRE  R VIG ALBERNAZ E  R DOM BERNARDO NOGUEIRA
4110193133;PC BR DE STUDART  X  R BELGRADO
4110195136;R   ANTONIO BEZERRA  X  R TAQUARICHIM
4110196132;R  DO BOQUEIRAO  - N.395 - RUA JOSÉ ROMANI
4110197139;R   JEAN DE LA HUERTA  ENTRE  R DO BOQUEIRAO E  R NSRA DA SAUDE
4110198135;R FREI  JOAO  X  R VERGUEIRO
4110199131;PC BR DE STUDART  ENTRE  R BELGRADO E  R ELBA
4110200130;PC MAJ  GUILHERME BARBOSA  ENTRE  R ILIRIA E  R AMERICO SAMARONE
4110201136;R   CESAR BECCARIA  ENTRE  R DR ROBERTO DE ALMEIDA VINHAS E  R CRISOLITA
4110201136;PC   RENE JUPILLAT  X  R DR ROBERTO DE ALMEIDA VINHAS
4110201136;R PROF  BRASIL MACHADO DE CAMPOS  X  R CRISOLITA
4110203139;R  DO ARRAIAL  X  R STA CRUZ
4110203139;R VISC DE GUARATIBA  X  R STA CRUZ
4110205131;R   RIGA  X  R IZONZO
4110206138;R   RIBEIRO DO AMARAL  X  R XAVIER DE ALMEIDA
4110209137;R   INGLES DE SOUSA  X  R ROBERTSON
4110209137;R   TEODURETO SOUTO  X  R ROBERTSON
4110209137;R   ROBERTSON  ENTRE  R AMARANTE E  R MESQUITA
4110211131;R   ROBERTSON  - N.566
4110213134;R  DO PARAISO  ENTRE  R CHUI E  R NILO
4110215137;R   APENINOS  ENTRE  R CORREIA DIAS E  R DR DOS EDUARDO AMARO
4110216133;R   APENINOS  ENTRE  R CORREIA DIAS E  R DR DOS EDUARDO AMARO
4110216133;R   ARUJA  - N.960 - RUA APENINOS
4210011134;AV   CUPECE  ENTRE  R PROF RODOLPHO DE FREITAS E  R PROF FELICIO CINTRA DO PRADO
4210016136;R   ALSACIA  ENTRE  R TAMOIOS E  R TAPES
4210018139;AL  DOS GUATAS  ENTRE  AV JABAQUARA E  R DR SAMUEL PORTO
4210019135;AV DR  DANTE PAZZANESE  X  AV PEDRO ALVARES CABRAL
4210020133;R   MOLIERE  - N.308
4210021130;R   IBITURUNA  ENTRE  PC JORN OCTAVIO CAMARA DE OLIVEIRA E  R DR JOSE OSORIO DE O. AZEVEDO
4210023132;AV   GARCIA DE AVILA  X  R BALTAZAR GOMES DE ALARCAO
4210028134;R   ECA DE QUEIROZ  - TODA EXTENSÃO
4210059137;AL  DOS GUAIASES  X  AV CECI
4210082139;R   JOSE NEVES  X  AV INTERLAGOS
4210091138;AV   INTERLAGOS  X  R JOSE HOMERO ROXO
4210098132;R   PEDRO RODRIGUES BEJA  ENTRE  R JOAO MARTINS BERTANHA E  R DOMINGOS FERNANDES BITENCOURT
4210110132;R   FRANCISCO ALVES DE AZEVEDO  X  R PDE ANTONIO DE GOUVEIA
4210116130;R PROF  SOUSA BARROS  ENTRE  PC OCTAVIO BRAGA E  R BENTO DE LEMOS
4210119130;R   ALVARES DE AZEVEDO  - N.75
4210147133;AV SEN  CASIMIRO DA ROCHA  ENTRE  AV JABAQUARA E  AV JOSE MARIA WHITAKER
4210156132;R   MARTIM DE SA  - N.71
4210165131;R  DAS FLECHAS  - N.696
4310001149;R   PAULO BUENO  - N.21
4310004148;AV SEN  TEOTONIO VILELA  ENTRE  AV ATLANTICA E  AV DO JANGADEIRO
4310006132;R   CIPRIANO BARATA  - N.1527 - PADARIA PATRIOPAN
4310008135;TV   DELFIN DALMAU  - N.22 - TODA EXTENSÃO - R S/SAÍDA
4310025137;R   MARIANO PROCOPIO  X  R GUINLE
4310034136;R   BARRETO MUNIZ  X  AV MIGUEL ESTEFANO
4310034136;R   CESAR BATISTA  X  AV MIGUEL ESTEFANO
4310046134;R   MESQUITA  X  R ROBERTSON
4310069134;AV PREF  FABIO PRADO  - N.17 - FRENTE    A.P.O.I.E.
4310077137;R   HENRIQUE COELHO  X  R BACKER
4310078133;R BRIG  JORDAO  - N.419
4310082130;R LORD  COCKRANE  - N.440
4310085130;R   BRENO FERRAZ DO AMARAL  - N.237 - EE HUMAITA VILANOVA
4310089062;R   TABOR  - TODA EXTENSÃO
4310094139;R PDE  JOSE GARZOTTI  - N.494 - JARDIM LEBLON CRECHE CONVENIADA
4310095135;R STA  GREGORIA  X  R PDE JOSE GARZOTTI
4310096131;R   MARIA ADELINA FRANCA WHITAKER  - N.102 - TERRA AZUL EDUCAÇÃO INFANTIL
4310097138;R   ACUTI  - N.343
4310098134;ES  DA COLONIA  ENTRE  R GENTIL SCHUNCK ROSCHEL E  R SADAMU INOUE - ENCARTE MAPOGRAF
4310099130;R GAL  RENATO VARANDAS DE AZEVEDO  - N.112 - E 168 - COLÉGIO PQ MARAVILHA
4310100139;R GAL  RENATO VARANDAS DE AZEVEDO  - N.112 - E 168
4310132111;R  DO PARQUE  X  R DR AUDISIO DE ALENCAR
4310136125;R   SIMAO DA MATTA  - N.145
4310136125;R   SIMAO DA MATTA  X  R LUCRECIA MACIEL
4310137121;R   POTUNDUVA  X  AV LINS DE VASCONCELOS - N.27 - 2.319 DA AV. LINS DE VASCONCELOS
4310139124;R   JAGUARAO  - N.32 - COLÉGIO RESSURREIÇÃO
4310148123;R   OLYMPIA SEMERARO  X  AV STA EMILIA
4310162126;R   GOIS RAPOSO  ENTRE  R FRANCISCO BAUTISTA E  R GIUSEPPE CRESPI
4310169112;R DR  MALTA CARDOSO  ENTRE  AV DO CURSINO E  R ASSUNGUI
4310196128;R   DEMOCRACIA  X  R TOLSTOI
4310204112;R   GUATAPARA  X  AV ENG ARMANDO DE ARRUDA PEREIRA
4310207111;R OUVID  PORTUGAL  ENTRE  R GASPAR FERNANDES E  R IRMAO JUSTINO LUIS
4310208118;R DR  JOSE MARIA DE AZEVEDO  X  R ENG PRUDENTE
4310209114;R ENG  PRUDENTE  X  R ARI CAJADO
4310225128;R   JOAO LUIS VIVES  X  R PROFA CAROLINA RIBEIRO
4310242120;R PROF  APRIGIO GONZAGA  - N.247
4310253121;R SEN  CARLOS TEIXEIRA DE CARVALHO  ENTRE  R ALBINA BARBOSA E  R MIGUEL TELES JUNIOR
4310287123;R   COSTA AGUIAR  X  R ITUANOS
4310287123;R   ITUANOS  X  R BENJAMIN JAFET
4310337112;AV   NAZARE  X  R POUSO ALEGRE
4310368123;PC   FLORENCE NIGHTINGALE  - N.56
4310399118;R   DOMINGO DE SOTO  - N.106
4310422110;R   COLONIA DA GLORIA  X  R LEITE FERRAZ - ATÉ N° 591
4310445110;R   NAGIB TANUS GASTIN  X  AV PDE ARLINDO VIEIRA
4310447112;AV   BOSQUE DA SAUDE  X  AV PROF ABRAAO DE MORAIS - N.1155
4410049119;R   PASCOAL RANIERI MAZZILLI  X  R JOAO MACHADO E SILVA
4410051113;R   PEDRO DE GODOI  X  R PIRES PIMENTEL
4410055062;R CEL  JOAO DE OLIVEIRA MELO  - N.654
4410077074;R   JOAO HOMEM  X  R LUIS ABBONDANZA
4410131095;AV   ABRAHAO GONCALVES BRAGA  X  R TOCANTINIA
4410136097;R VISC DE SOUSA FRANCO  X  R NOVA BRASILIA
4410137123;R   CARNAUBA  ENTRE  R TIMBAUBA E  R ANTONIO HERDEIRO
4410146050;PC   CATAS ALTAS  - JUNTO A  AV. CACHOEIRA DEO CAMPO
4410184040;AV   SAPOPEMBA  - SUPERMERCADO BARATEIRO
4410195123;R   VIRGINOPOLIS  - A MENOS 15M DA R. SALVADOR P. LIMA
4410207121;R   MARIA DAFFRE  X  R CAP PACHECO E CHAVES
4410210122;AV   ALBERTO RAMOS  ENTRE  R SERRA DO PEREIRO E  R MANUEL SEQUEIRA E SA
4410212109;ES  DAS LAGRIMAS  - N.2100 - ENTRE R. PROTOCOLO E R. CARIPURÁ
4410212125;R   RIZIERI NEGRINI  ENTRE  R EPIACABA E  R FRANCISCO SIRACUSA
4410241109;AV   LUIS PIRES DE MINAS  X  AV DA BARREIRA GRANDE - N.257
4510034105;AL  DOS GUARAMOMIS  ENTRE  AV INDIANOPOLIS E  AV MOEMA - SV + SH
4510036094;R   DIOGO JACOME  ENTRE  R BALTHAZAR DA VEIGA E  R DOMINGOS FERNANDES - PLACAS DE FEIRA LIVRE - SÁBADO
4510038097;TV JORN  OCTAVIO MUNIZ  ENTRE  R TUIM E  R INHAMBU - PLACAS
4510040091;AV   BEM-TE-VI  ENTRE  R GAIVOTA E  AL DOS ARAPANES - PLACAS DE FEIRA LIVRE - 4ª FEIRA
4510050070;R   ANTONIO AFONSO 
4510077092;R DRA  NEYDE APPARECIDA SOLLITTO  X  R LEOPOLDO DE BULHOES
4610006138;R   ESTELA  X  R CAMPO VALERO
4610018136;R   HUGO VITOR SILVA  ENTRE  R CINCO DE OUTUBRO E  R MARTINHO DE ALVARENGA
4610025132;PC PDE  GREGORIO WESTRUPP  X  AV DR HUGO BEOLCHI
4610032120;R   ARTEMIS  - N.257
4610034123;R   CANINGAS  X  AV CECI
4610056100;R DR  NICOLAU DE SOUSA QUEIROS  ENTRE  PC EVELIN SOGAIAR E  PC ANGEL RAMIREZ - N.330 - COLÉGIO ETAPA
4610059096;AV STA  CATARINA 
4610064111;R  DAS BICUIBAS  - N.70 - PROX. AV. JABAQUARA
4610072114;R   OCTAVIO T. MENDES SOBRINHO  X  R GUSTAVO DA SILVEIRA
4610089122;R  DAS GLICINIAS  - N.112
4610099098;AV   IRAI  X  AL DOS GUAINUMBIS
4610111098;R   JOAQUIM TAVORA  - N.628 - PROX. A  R. DOMINGOS DE MORAIS
4610111101;R   JOSE ANTONIO COELHO  - N.432
4610113090;R   ANITA GUASTINI EIRAS  X  AV ARMANDO FERRENTINI
4610114127;R   RANULFO PRATA  ENTRE  R FREDERICO ALBUQUERQUE E  R EDUARDO DE SA
4610117100;R  DAS GRUMIXAMAS  - N.796
4610121115;AV   VINTE E TRES DE MAIO  ENTRE  AV BRIG LUIS ANTONIO E  R RIACHUELO
4610138107;R   ARABE  ENTRE  R LUIS GOIS E  AV DR ALTINO ARANTES
4610141124;R   CAPUTIRA  X  R DAS ORQUIDEAS
4610143100;R   CUBATAO  X  R JOSE ANTONIO COELHO
4610144123;R   PALACETE DAS AGUIAS  ENTRE  R LACEDEMONIA E  R DR ABELARDO VERGUEIRO CESAR
4610147106;AV CONS  RODRIGUES ALVES  - N.1247 - PROX. R. MORGADO DE MATEUS
4610151111;R  DAS PITOMBEIRAS  ENTRE  R FARJALLA KORAICHO E  R DAS BICUIBAS
4610151111;R   FARJALLA KORAICHO  ENTRE  R DAS PITOMBEIRAS E  R DAS PEROBAS
4610168081;R CEL  LISBOA  - N.697
4610170124;R   SIMAO RODRIGUES  X  R CAETANO GORNATI
4610189089;AV   JONIA  - N.655
4910002073;AV   SAPOPEMBA  X  ES CASA GRANDE
4910005080;R   CARNEIRO DA CUNHA  ENTRE  R PARACATU E  AV MIGUEL ESTEFANO
4910006060;AL  DOS JURUPIS  X  AV DIVINO SALVADOR
4910007105;AV   REPUBLICA DO LIBANO  X  R INHAMBU
4910017089;AV ENG  ARMANDO DE ARRUDA PEREIRA  X  R DAS CARNAUBEIRAS
4910019057;R NSRA DAS MERCES  - PEDESTRE E.E.PROF.RAUL C. DE ALMEIDA
4910022058;AV   REPUBLICA DO LIBANO  X  R DIOGO JACOME
4910022082;R CEL  LISBOA  X  R DR DIOGO DE FARIA
4910023054;AV   REPUBLICA DO LIBANO  X  R OLIVEIRA PIMENTEL
4910025081;AV STO  AMARO  X  AV HELIO PELLEGRINO
4910026088;R   FUNCHAL  X  R S TOME - RUA COLISEU
4910026088;AV DR  CARDOSO DE MELO  X  AL VICENTE PINZON
4910026088;R   OLIMPIADAS  X  R RAMOS BATISTA - RUA ELVIRA FERRAZ
4910026088;R   QUATA  X  R ALVORADA
4910026088;AL   RAJA GABAGLIA  X  R GOMES DE CARVALHO
4910026088;R   OLIMPIADAS  X  R GOMES DE CARVALHO - ALAMEDA VICENTE PINZON
4910026088;R PROF  ATILIO INNOCENTI  X  R MIN JESUINO CARDOSO
4910026088;AV BRIG  FARIA LIMA  X  R MIN JESUINO CARDOSO
4910026088;AV BRIG  FARIA LIMA  X  R CHILON
4910028080;R CAP  PACHECO E CHAVES  X  R DIANOPOLIS
4910032088;R   BALTAZAR LISBOA  X  R DR NETO DE ARAUJO
4910033106;R   FUNCHAL  X  R SENEGAMBIA
4910036083;AV DR  GENTIL DE MOURA  X  R VINTE E OITO DE SETEMBRO
4910036105;R PROF  ATILIO INNOCENTI  X  R CHILON
4910036105;AV BRIG  FARIA LIMA  X  R CHILON
4910040102;R   ALVORADA  X  R QUATA
4910041079;R   NOVA LOUZA  X  AV DR RICARDO JAFET
4910052100;AL  DOS MARACATINS  X  AV MIRUNA
4910056050;AV   INDIANOPOLIS  - N.2752 - ABEM - ASSOCIAÇÃO  BRAS. ESCLEROSE  MULTIPLA
4910058079;AV   JABAQUARA  X  AV MIGUEL ESTEFANO
4910059059;R   SILVA BUENO  X  R OLIVEIRA ALVES
4910060073;AV DR  GENTIL DE MOURA  X  R BARAUNA
4910067094;AV   BOSQUE DA SAUDE  X  R BERTIOGA
4910071091;AV   REPUBLICA DO LIBANO  X  AV IV CENTENARIO
4910073086;AV   JABAQUARA  - N.1500
4910075100;AV   PAVAO  X  R TUIM
4910076077;R   ECA DE QUEIROZ  X  R CEL OSCAR PORTO
4910078100;R   RIBEIRAO CLARO  X  R PROF VAHIA DE ABREU
4910079106;R   CLODOMIRO AMAZONAS  X  R STA JUSTINA
4910080066;AV  DO CURSINO  X  R DOM VILARES
4910081070;AV   MOEMA  X  AL DOS ANAPURUS
4910084096;R DR  EDUARDO DE SOUZA ARANHA  X  R DR RENATO PAES DE BARROS
4910086064;R   VERGUEIRO  X  R REGINO ARAGAO
4910095055;R   CARNEIRO DA CUNHA  X  R PEREIRA ESTEFANO
4910100075;AV   MIGUEL ESTEFANO 
4910101055;R   JOSE ESTEVAO DE MAGALHAES  - N.357
4910101098;R DR  AMANCIO DE CARVALHO  X  R PELOTAS
4910102060;R NSRA DAS MERCES  X  R DO POMAR
4910106057;R  DOS JEQUITIBAS  X  AV ENG GEORGE CORBISIER
4910107096;AV ENG  GEORGE CORBISIER  X  R TAQUACETUBA
4910108050;R MIN  JESUINO CARDOSO  X  R RAMOS BATISTA
4910109056;AV   PAVAO  ENTRE  AV STO AMARO E  R ARAGUARI
4910109072;AV   JABAQUARA  X  AV DR HUGO BEOLCHI
4910110062;R   AFONSO CELSO  X  R LUIS GOIS
4910112057;AV BRIG  FARIA LIMA  X  R MIN JESUINO CARDOSO
4910112065;R CD  MOREIRA LIMA  - N.230
4910112073;R STA  CRUZ  X  R PEDRALIA
4910113053;R PROF  ATILIO INNOCENTI  X  R MIN JESUINO CARDOSO
4910114050;AV BRIG  FARIA LIMA  X  R ELVIRA FERRAZ
4910114076;R   AURIVERDE  X  R VEMAG
4910115056;R   CLODOMIRO AMAZONAS  ENTRE  R FIANDEIRAS E  R VISC DA LUZ - R. SANTA JUSTINA
4910116052;R   CLODOMIRO AMAZONAS  X  R MIN JESUINO CARDOSO
4910116052;R DR  ALCEU DE CAMPOS RODRIGUES  X  R JOAO CACHOEIRA
4910117075;R   MANIFESTO  X  R DOM LUCAS OBES
4910118055;AV   HELIO PELLEGRINO  X  R BALUARTE
4910118071;AV ALM  DELAMARE  - N.1335
4910120050;AV ENG  ARMANDO DE ARRUDA PEREIRA  X  R GUATAPARA
4910121099;R   JOAO CACHOEIRA  X  R COMEN MIGUEL CALFAT
4910124098;R   TOCANTINIA  X  AV ABRAHAO GONCALVES BRAGA
4910126090;R   ALVORADA  X  R BUGIO
4910131060;R   VERGUEIRO  X  R SAIOA
4910137076;AV   CARIOCA  X  R LICIO DE MIRANDA
4910139095;AV PROF  LUIZ IGNACIO ANHAIA MELLO  X  AV PAES DE BARROS
4910141065;R MARQ DE OLINDA  X  R VINTE E OITO DE SETEMBRO
4910144072;   CORREGO INHUMAS  ENTRE  R PINHOTIBA E  R ACURAMA
4910144099;R   BOM PASTOR  X  R AGOSTINHO GOMES - SACOMÃ
4910146083;AV PROF  LUIZ IGNACIO ANHAIA MELLO  X  AV DR FRANCISCO MESQUITA
4910147063;AV   FRANCISCO FALCONI  - N.837
4910148086;R   SILVA BUENO  X  R XAVIER CURADO
4910149090;AV PROF  LUIZ IGNACIO ANHAIA MELLO  X  AV PAES DE BARROS
4910150064;R   JOAO CACHOEIRA  X  R DR ALCEU DE CAMPOS RODRIGUES
4910151095;R   SILVA BUENO  X  R COMTE TAYLOR - SACOMÃ METRO REDE DE LAÇOS DETETORES
4910152083;AV   JABAQUARA  X  R ORICANGA
4910153063;R   CANARIO  X  AV JACUTINGA
4910156062;AL  DOS NHAMBIQUARAS  X  AV ACOCE
4910157069;R   TUIM  X  AV MACUCO
4910158065;R   JOAO CACHOEIRA  X  R COMEN MIGUEL CALFAT
4910162070;AV   REPUBLICA DO LIBANO  X  AV IV CENTENARIO
4910164065;AV PDE  ARLINDO VIEIRA  X  R SIMAO LOPES
4910164073;R   FRANCA PINTO  X  R TANGARA
4910166068;AV DR  HUGO BEOLCHI  X  AV DIEDERICHSEN
4910166076;AV   JABAQUARA  X  AV FAGUNDES FILHO
4910167099;AV PROF  LUIZ IGNACIO ANHAIA MELLO  X  AV PAES DE BARROS
4910168060;R   SIMAO LOPES  X  AV PDE ARLINDO VIEIRA
4910168079;AV   JOSE MARIA WHITAKER  X  AV DR ALTINO ARANTES
4910170090;R CAP  PACHECO E CHAVES  X  VD PACHECO E CHAVES - JOÃO PADILHA
4910171061;R DR  BACELAR  X  R LOEFGREEN
4910171096;R CAP  PACHECO E CHAVES  X  R DIANOPOLIS
4910179062;R DR  DJALMA PINHEIRO FRANCO  X  R DAS CAVAS
4910183078;AV   IRAI  X  AL DOS ANAPURUS
4910186077;R   MARSELHESA  X  R GANDAVO
4910187073;R   MARSELHESA  X  R CAP MACEDO
4910189076;AV DR  GENTIL DE MOURA  X  R VISC DE PIRAJA
4910191070;AV   JABAQUARA  X  R PARACATU - N.1925
4910193073;R MARQ DE LAGES  ENTRE  R GUILHERME BEBIANO MARTINS E  R ITALVA
4910194070;R   DOMINGOS DE MORAIS  X  R PEDRO DE TOLEDO
4910195076;AV   INDIANOPOLIS  X  AL DOS TUPINAS
4910196072;R   MUNIZ DE SOUSA  - N.1272
4910209085;AV ENG  ARMANDO DE ARRUDA PEREIRA  X  AV PEDRO SEVERINO JUNIOR
4910217088;R CEL  SILVERIO MAGALHAES  X  R DR NESTOR ALBERTO DE MACEDO
4910220089;AV PROF  ABRAAO DE MORAIS  X  AV BOSQUE DA SAUDE
4910227083;AV  DO ORATORIO  - N.5136
4910228080;AV STA  CATARINA  X  R ALBA
4910229086;R  DOS GUASSATUNGAS  X  R HILDEBRANDO SIQUEIRA
4910230084;R   CIDADE DE BAGDA  X  R CONCEPTION ARENAL
4910234080;AV PROF  LUIZ IGNACIO ANHAIA MELLO  ENTRE  AV FRANCISCO FALCONI E  R NOVA TIMBOTEUA
4910235086;AV   PEDRO BUENO  X  AV ENG ARMANDO DE ARRUDA PEREIRA
4910247084;AL  DOS NHAMBIQUARAS  X  AV CHIBARAS
4910258086;AV  DA BARREIRA GRANDE  X  R MANOEL FERREIRA PIRES
4910259082;AV DR  CARDOSO DE MELO  X  R LOURENCO MARQUES
4910268081;R   ALBA  X  R TACIBA
4910269088;AV STA  CATARINA  X  R CORIOLANO DURAND
4910272089;R   REGO BARROS  X  R CEL PAUL VACHET
4910273085;R   ALBA  X  R TTE AMERICO MORETTI
4910277080;R  DOS PATRIOTAS  X  R AGOSTINHO GOMES
5110003149;R   TOMAS CARVALHAL  X  R CUBATAO
5110054134;R   ESTADO DE ISRAEL  ENTRE  AV IBIRAPUERA E  AV PROF ASCENDINO REIS
5110054134;R   LEOPOLDO DE BULHOES  ENTRE  R DRA NEYDE APPARECIDA SOLLITTO E  R IPE (ANT RUA ESTADO DE ISRAEL)
5110056099;AV   CORIFEU DE AZEVEDO MARQUES  - N.3097 - TRAV. 16 DA USP - PORTÃO 3
5110162069;R   WILSON VITORELLO  X  R CARLOS ISIDORO AMODEO
5210004066;R PROF  NICOLAU MARIA ROSSETTI  - N.308
5210008061;R  DA PRATA  X  R ENG LUIZ ANTONIO TAMBASCO
5210043061;R CEL  ANTONIO INOJOSA  - N.129
5210044068;R   MARIA DOLORES F. DE OLIVEIRA  - N.23
5210055078;R   RAINHA DAS MISSOES  - N.18
5210115046;R DR  DJALMA PINHEIRO FRANCO  - N.1035
5210118045;R  DAS CRISANDALIAS 
5210118045;R   GUIDO CALOI 
5210125130;R S  BENEDITO  X  R DA FRATERNIDADE
5210128059;R   BENEDITO RODRIGUES GOUVEIA 
5210128059;R   ROBERT BIRD  - N.222
5210136051;AV STO  AFONSO  - N.789
5210137066;ES   AGUA SANTA  X  ES DOS CEDROS
5210137066;ES   AGUA SANTA  X  ES CAFE BRAVO
5210151050;AV   WASHINGTON LUIS  X  R CHAVES
5210160068;R   DOMINGOS LOPES  - N.312
5210164055;R   GEORGES BERNANOS  - N.71
5210171051;R   CONSTANTINO DE SOUSA  X  R JOAO DE SOUSA DIAS
5210171060;R   EDWARD WESTON  X  R JAMES JOULE
5210213072;R   NHU - GUACU  - N.374
5210243060;R DR  JESUINO MACIEL  X  R CRISTOVAO PEREIRA
5210286061;R   VIEIRA DE MORAIS  - N.19692
5310016040;R   ANTONIO LERARIO  - N.10
5310049088;AV   JOAO DIAS  X  R VISC DE TAUNAY
5310052089;R   LUAR DO SERTAO  - N.183
5310068104;AV   CARLOS CALDEIRA FILHO  X  AV SABIN
5310069100;AV   CARLOS CALDEIRA FILHO  X  R THEREZA MAIA PINTO
5310099050;R   ZACARIAS DIAS CORTES  - N.595
5310101098;AV PROF  GIOIA MARTINS  X  R DR MARIO DE MOURA E ALBUQUERQUE
5310137092;R  DO FRANCISCO DA CRUZ MELLAO  X  R EDITH JUNQUEIRA DE A MARQUES
5310149104;R DEP  JOAO SUSSUMU HIRATA  - N.480
5310152040;R   SUBAE  ENTRE  AV ANACE E  R OCAPEGUARA
5310157050;R   FRANCISCO DE ABREU  - N.200
5310159053;R   NICOLINO LEO  - N.262
5310166041;R   VULNERARIA  - N°152, N°17 E N°18A
5310168079;ES  DE ITAPECERICA  ENTRE  AV DAS BELEZAS E  AV TOMAS DE SOUSA
5310170103;R DEP  JOAO SUSSUMU HIRATA  - N.480
5310173102;R DEP  JOAO SUSSUMU HIRATA  - N.750
5310178058;R FREI  BONIFACIO DUX  X  R ARMANDO BARRETO
5310179046;R  DAS TRES MARIAS  - N.218
5310196102;AV DR  GUILHERME DUMONT VILARES  X  R MAL HASTINFILO DE MOURA
5310230041;R   FRANCISCO MARTINS BONILHA  - N.296
5310230041;R   FRANCISCO MARTINS BONILHA  X  R MANUEL RIBEIRO DE AZEVEDO - N.296
5310268081;AV PROF  GIOIA MARTINS  X  R DESIDERIO FERREIRA
5410004140;R   LUIS ALBERTO C. DE OLIVEIRA  ENTRE  R VISC DE RIBAMAR E  R CD DE SILVA MONTEIRO
5410005147;R   MACKENZIE  X  R CEL NAUL DE AZEVEDO
5410006070;TV   JULIANO CARETTE  - N.30
5410007140;R   CAPAO REDONDO  X  R ITUPU
5410007140;R   CAPAO REDONDO  X  R ERIK SATIE
5410018141;PC   MIGUEL DE JESUS CORREIA  X  R CARMELO CALI
5410018141;R   MARIA DA LUZ RODRIGUES RAMALHO  X  R JOSE JOAQUIM VEIGA VALE
5410022149;R   ANTONIO ELIAS SCHOUERI  ENTRE  R BATISTA JUNIOR E  R CEL FLORIANO ALVARO
5410023145;R   ANTONIO ELIAS SCHOUERI  X  R FABIO LUZ - E.M.E.I PROF. ORLANDO DE ALVARENGA GAUDIO
5410033140;R   BATTISTA ALBERTI  - N.36
5410058089;AL STO  AMARO  - N.100
5410058089;R   BENEDITO FERNANDES 
5410058089;R   MANUEL ANTONIO DA LUZ 
5410095081;R   STEPHEN BENET  X  R PEDRO DE ANDRADE CAMINHA
5410095081;R   STEPHEN BENET  X  AV SEN TEOTONIO VILELA
5410101090;R   OLIVIA GUEDES PENTEADO  ENTRE  R CESARIO DA SILVA E  R RITA FERREIRA DA SILVA
5410118073;R   MORAIS NAVARRO  - N.165
5410149130;R   RIBAS DO RIO PARDO  X  R MARCELINO COELHO
5410150139;ES   M BOI MIRIM  X  R AGAMENON PEREIRA DA SILVA
5410151135;R   ANATOLI LIADOV  X  R AUGUSTO CONRADI
5410156137;R   FREDERICO RENE DE JAEGHER  - N.206
5410157133;ES   M BOI MIRIM  X  ES DA BARONESA
5410157133;ES   M BOI MIRIM  X  R LENDINARA
5410159080;R   ACACCIO FONTOURA  - N.737
5410165136;ES   GUAVIRITUBA  X  R DR AZEVEDO SODRE
5410166078;R   DOMINGOS GONCALO  - N.78
5410171136;AV   GUARAPIRANGA  X  R ANDRE DE LEAO
5410171136;AV   VITOR MANZINI  X  R BRUGES - R CRISTALINO ROLIM DE FREITAS
5410171136;AV   GUARAPIRANGA  X  R STA TERESINHA
5410171136;AV   GUARAPIRANGA  X  R DOMINGOS JORGE
5410173139;ES  DO EMBU-GUACU  X  ES PLINIO DIAS
5410173139;R   HUMBERTO MARCAL  X  R DAS MARGARIDAS AMARELAS
5410173139;ES  DO EMBU-GUACU  X  R HUMBERTO MARCAL
5410177070;R   AMARO ALVES DO ROSARIO  - N.810
5410183134;R   ALTINO MARTINS DA VITORIA  X  R GEMEA DANTAS
5410183134;R   ALTINO MARTINS DA VITORIA  X  R PEDRO VELHO DE ALBUQUERQUE
5410183134;R   ALTINO MARTINS DA VITORIA  X  R REGINA MESTRE ALONSO
5410183134;R   ALTINO MARTINS DA VITORIA  X  R CONTOS AMAZONICOS
5410183134;R   ALTINO MARTINS DA VITORIA  X  R JOSE RODRIGUES DE O. FILHO
5410189078;R   MARCIANO DA SILVA  - N.906
5410260082;AV   JUAN ESPER  X  R DIANA DE LIZ
5410273087;R   ANTONIO NEVES NOGUEIRA  - N.168
5410275080;R   ARMANDO RODRIGUES TAVARES  - N.511
5410306082;R   ESTELA NAVES JUNQUEIRA  - N.114
5410376064;R   MONTENOPOLIS  - N.152
5410390083;R   FRANCISCO GONCALVES FIGUEIRA  X  R ANTONIO MARIANO
5410391080;R PROFA  MARIA DE LOURDES DE S.NOGUEIRA  X  R MAJ CLAUDIANO
5410399080;R   ANTONIO RAPOSO BARRETO  - N.151 - EMEF - PRACINHA DA FEB
5410414080;R   MARIA TAGLIONE  - N.12
5910007122;AV   ESCOLA POLITECNICA  - N.100 - PORTÃO 2 DA USP
5910008129;AV   ESCOLA POLITECNICA  - N.100 - PORTÃO II DA USP
5910009109;AV   CARLOS CALDEIRA FILHO  X  R BALDOMERO CARQUEJA
5910010107;AV   CARLOS CALDEIRA FILHO  X  R NSRA DO BOM CONSELHO
5910012100;AV   CARLOS CALDEIRA FILHO  X  R PDE JOSE DE JAMBEIRO
5910013092;R   AMERICO BRASILIENSE  X  R PIRES DE OLIVEIRA
5910013092;R   AMERICO BRASILIENSE  X  R INACIO BORBA
5910013106;AV   CARLOS CALDEIRA FILHO  X  R THEREZA MAIA PINTO
5910015133;AV COMEN  SANT ANNA  X  AV WILHELM FRIEDRICH LADWIG
5910028120;AV   YERVANT KISSAJIKIAN  X  R LUIS DA GAMA ROSA
5910033093;R   JOSE NEVES  X  R DO MAR
5910035096;R   VIEIRA DE MORAIS  X  R VICENTE LEPORACE
5910035100;ES  DO CAMPO LIMPO  X  R ALVES DOS SANTOS
5910038095;AV NSRA DO SABARA  - N.3482 - PROXIMO RUA CONSTANTINO
5910040120;AV   KENKITI SIMOMOTO  X  R ENG VITOR FREIRE
5910048120;R   THOMAS DELONEY  X  R S SEBASTIAO
5910049127;R   BELA VISTA  X  R THOMAS DELONEY - CONSULADO AMERICANO
5910050125;ES  DO CAMPO LIMPO  X  R JOAO BERNARDO VIEIRA
5910051121;AV   ELLIS MAAS  X  AV PROF TELEMACO H M VAN LANGENDLONCK
5910052128;AV   MORUMBI  X  R DOM PAULO PEDROSA
5910058126;R ENG  OSCAR AMERICANO  - N.999
5910059122;AV ENG  HEITOR ANTONIO EIRAS GARCIA  X  PC ISAI LEIRNER
5910060120;AV   ESCOLA POLITECNICA  X  EST DAS CACHOEIRAS
5910062093;R   BENEDITO FERNANDES  - N.155
5910066102;AV   ATLANTICA  - N.3686 - CORPO DE BOMBEIROS
5910067125;AV   JORGE JOAO SAAD  X  R LICIO MARCONDES DO AMARAL
5910075110;AV   CORIFEU DE AZEVEDO MARQUES  X  AV DR CANDIDO MOTTA FILHO
5910076124;R DR  LUIZ MIGLIANO  X  AV MAL JUAREZ TAVORA
5910090119;AV   CORIFEU DE AZEVEDO MARQUES  X  R JOSE DE MORAES FERRAZ
5910091115;AV DR  ALBERTO PENTEADO  X  R ACUTIRANHA
5910094114;AV ENG  HEITOR ANTONIO EIRAS GARCIA  X  R LUDOVICO ARIOSTO
5910107127;ES  DE ITAPECERICA  X  R LUCIANO SILVA
5910118129;AV DR  GUILHERME DUMONT VILARES  - N.1200
5910119095;AV   INTERLAGOS  - N.3060
5910119117;AV   GIOVANNI GRONCHI  X  R CHARLES SPENCER CHAPLIN
5910120115;AV   GIOVANNI GRONCHI  X  R DEP JOAO SUSSUMU HIRATA
5910121090;AV   YERVANT KISSAJIKIAN  X  AV GASPAR DE BRITO
5910121111;AV   CANTOS DO AMANHECER  X  R KOTO MITSUTANI
5910123114;AV   CANDIDO JOSE XAVIER  X  R JOSE JOAQUIM GONCALVES
5910125117;AV   CARLOS LACERDA  X  R JANUARIO DA CUNHA BARBOSA
5910126091;AV DONA  BELMIRA MARIN  X  ES CANAL DA COCAIA
5910126113;R   FEITICO DA VILA  - N.877
5910131125;R   FORTE DA BARRA  X  R PROF OSCAR CAMPIGLIA
5910132105;ES  DO CAMPO LIMPO  X  R JOAO LUNARDELLI
5910133101;ES   PIRAJUSSARA-VALO VELHO  ENTRE  AV CARLOS LACERDA E  AV AUGUSTO BARBOSA TAVARES
5910134116;AV   CARLOS LACERDA  X  R CARLOS NAHAS
5910135090;ES  DE ITAPECERICA  X  AV TOMAS DE SOUSA
5910139100;R   NELSON GAMA DE OLIVEIRA  X  R JANDIATUBA
5910155091;ES  DE ITAPECERICA  X  ES DO CAMPO LIMPO
5910157094;ES  DE ITAPECERICA  X  R JOAO MANCIAS ALVES
5910158112;AV   CARLOS LACERDA  X  ES PIRAJUSSARA-VALO VELHO
5910159097;AV   JOAO DIAS  X  R ANTONIO BANDEIRA
5910167120;AV   JAGUARE  X  AV KENKITI SIMOMOTO
5910188100;ES   M BOI MIRIM  X  R JOSE BARROS MAGALDI
5910189093;AV   GIOVANNI GRONCHI  X  AV JOSE GALANTE
5910190105;ES   M BOI MIRIM  X  R FRANCISCO GUIMARAES MORAES
5910196103;R   JOAO ALFREDO  X  R IGUATINGA
5910201115;AV   ESCOLA POLITECNICA  X  AV JAGUARE
5910202111;AV PRES  ALTINO  ENTRE  AV ENG BILLINGS E  PC HENRIQUE DUMONT VILARES
5910202111;AV PRES  ALTINO 
5910220101;AV  DO RIO PEQUENO  X  R PROFA ANA MARIA LELIS DA SILVA
5910293109;AV   MORUMBI  X  R DR FLAVIO AMERICO MAURANO
5910297090;ES   M BOI MIRIM  ENTRE  R ROBERTO SELMI-DEI E  R JOSE MATIAS DE ARAUJO - N.1
5910301098;ES  DO EMBU-GUACU  X  R ISABEL DE OLIVEIRA
5910301101;AV   GIOVANNI GRONCHI  X  R S PEDRO FOURIER
5910308106;R   JOSE RAMON URTIZA  X  R NELSON GAMA DE OLIVEIRA
5910310100;AV DR  GUILHERME DUMONT VILARES  ENTRE  AV GAL CAVALCANTI DE ALBUQUERQUE E  R FRANCISCO MARCONDES VIEIRA
5910311107;ES   PIRAJUSSARA-VALO VELHO  X  R JAIME BALMER - E R. SANTO E MENDES
5910312103;AV   JOAO CARLOS DA SILVA BORGES  X  R BRAGANCA PAULISTA
5910314106;AV  DOS TAJURAS  - N.212
6210090060;AV  DAS NACOES UNIDAS  ENTRE  PTE TRANSAMERICA E  PTE JOAO DIAS
6210092063;AV  DAS NACOES UNIDAS  ENTRE  PTE CAIO POMPEU DE TOLEDO E  PTE ENG DA ROBERTO ROSSI ZUCCOLO
6210093060;AV  DAS NACOES UNIDAS  ENTRE  PTE ENG DA ROBERTO ROSSI ZUCCOLO E  PTE BERNARDO GOLDFARB
6210094066;AV  DAS NACOES UNIDAS  ENTRE  PTE BERNARDO GOLDFARB E  PTE DA CIDADE UNIVERSITARIA
6210095062;AV  DAS NACOES UNIDAS  ENTRE  PTE DA CIDADE UNIVERSITARIA E  PTE JAGUARE-HIRANT SANAZAR
6210100066;AV   MAGALHAES DE CASTRO  ENTRE  PTE DA CIDADE UNIVERSITARIA E  PTE BERNARDO GOLDFARB
6210101062;   MARGINAL PINHEIROS C/I  ENTRE  PTE ENG DA ROBERTO ROSSI ZUCCOLO E  PTE CAIO POMPEU DE TOLEDO
6210102069;   MARGINAL PINHEIROS C/I  ENTRE  PTE CAIO POMPEU DE TOLEDO E  PTE JOAO DIAS
6210103065;AV  DAS NACOES UNIDAS  ENTRE  PTE ENG DA ROBERTO ROSSI ZUCCOLO E  AV ENG LUIZ CARLOS BERRINI
6210104061;   MARGINAL PINHEIROS C/I  X  AV DONA HELENA PEREIRA DE MORAES
6210110061;AV  DOS BANDEIRANTES  X  AL DOS GUAIOS
6210116060;PTE   NOVA DO MORUMBI 
6210117066;PTE   NOVA DO MORUMBI 
6210125069;AV   WASHINGTON LUIS 
7110001148;R   MIGUEL RACHID  ENTRE  R ABEL TAVARES E  R ALICINHA
7110004147;AV   PARANAGUA  - N.1678
7110055132;R   NOVO ORIENTE DO PIAUI  X  R LAGOA DE DENTRO
7110055132;R   NOVO ORIENTE DO PIAUI  X  R LAURO DE FREITAS
7110055132;R   NOVO ORIENTE DO PIAUI  X  R SERRA VERDE
7110066134;R   PORTO DA GLORIA  X  AV CANGAIBA
7110070131;R   PARQUE BUTUI  X  R RESTINGA
7110072134;R   ANDRE VIDAL  - N.241
7110073130;AV   BOTURUSSU  ENTRE  AV MILENE ELIAS E  AV PARANAGUA
7110078132;R   LAURO DE FREITAS  - N.90
7110082130;R   ABEL TAVARES  X  R MIGUEL RACHID
7310004140;R   JOAQUIM DE SA  X  R HENRIQUE ADAMUS
7310004140;R   ABGUAR DAMASCENO BASTOS 
7310008138;R   GEORGINA DINIZ BRAGHIROLI  X  R PROFA ABIGAIL BOLSANELLI
7310009134;R DESEM  FERNANDO DE ALBUQUERQUE PRADO  X  R MARCO ANTONIO SETTI
7310009134;R DESEM  FERNANDO DE ALBUQUERQUE PRADO  - N.1
7310010140;R   OTELO AUGUSTO RIBEIRO  ENTRE  R COUTINHO E MELO E  R STA SABINA
7310011147;R   HENRIQUETA NOGUEZ BRIEBA  X  R GITIRANA
7310011147;R   HENRIQUETA NOGUEZ BRIEBA  X  R MARLENE DE ANDRADE
7310011147;R   HENRIQUETA NOGUEZ BRIEBA  X  R SEBASTIAO DE ANDRADE FILHO
7310011147;R   HENRIQUETA NOGUEZ BRIEBA  X  R CORACAO DA CIDADE
7310011147;R   HENRIQUETA NOGUEZ BRIEBA  X  R LUIZ ANTONIO DE P VIEIRA COSTA
7310011147;R   HENRIQUETA NOGUEZ BRIEBA  X  R DOCE VITORIA
7310011147;R   HENRIQUETA NOGUEZ BRIEBA  X  R JOSE ELOI
7310011147;R   HENRIQUETA NOGUEZ BRIEBA  X  R LUTA FEMININA
7310011147;R   HENRIQUETA NOGUEZ BRIEBA  X  R IRANI BASTOS MALTA
7310011147;R   HENRIQUETA NOGUEZ BRIEBA  X  R INDIRA GANDHI
7310011147;R   HENRIQUETA NOGUEZ BRIEBA  ENTRE  R VAMOS A LUTA E  R IVON CURI
7310012143;R   JOSE OITICICA FILHO  X  R ALVARO DE MENDONCA
7310012143;R   MARIA BAUMANN MENDONCA  X  R ALVARO DE MENDONCA
7310013140;R   COPENHAGUE  X  R CAP PUCCI
7310014138;R   JUTUARANA  X  R RIBEIRAO DAS FURNAS
7310014138;R   AGUAXIMA  - N.1
7310014146;R   SATURNINO PEREIRA  X  R STA SABINA
7310018133;R DOM  FRANCISCO DE LEMOS  ENTRE  ES NSRA DA FONTE E  R DR PEDRO BATISTA
7310018133;R   DIAULAS PARREIRA  ENTRE  R DR PEDRO BATISTA E  R SATURNINO PEREIRA
7310021134;R   MIGUEL FERREIRA DE MELO  - N.262
7310021142;AV   JACU-PESSEGO/N.TRABALHADORES  X  R S FRANCISCO DO PIAUI
7310023145;R   MONTANHAS  ENTRE  AV JACU-PESSEGO/N.TRABALHADORES E  R CAROLINA FONSECA
7310024133;R   PAULO LOPES DE LEAO  X  R SABBADO D´ANGELO
7310032136;R   BOM JESUS DA PENHA  - N.137
7310033140;AV PROF  ALIPIO DE BARROS  X  R PINHA DO BREJO
7310045130;R   JOAO BATISTA DE GODOY  X  R AIDA DE MARCO
7310045130;R   JOAO BATISTA DE GODOY  X  R CARLOS CANDIDO GOMES
7310045130;R   JOAO BATISTA DE GODOY  X  R JORGE RODRIGUES DE NIZA
7310045130;R   JOAO BATISTA DE GODOY  - N.1
7310045130;R   JOAO BATISTA DE GODOY  X  R JABUTITINGA
7310045130;R   JOAO BATISTA DE GODOY  X  R DESEM AUGUSTO DE MACEDO COSTA JUNIOR
7310045130;R   JOAO BATISTA DE GODOY  X  R PEDRO FERREIRA CIBRAO
7310045130;R   JOAO BATISTA DE GODOY  X  R PEDRO PEREIRA
7310045130;R   JOAO BATISTA DE GODOY  X  R OSVALDO CORREA
7310045130;R   JOAO BATISTA DE GODOY  X  R BERNARDINO BORLASCA
7310045130;R   JOAO BATISTA DE GODOY  X  R BENIGNO NOGUEIRA FRANCO
7310045130;R   JOAO BATISTA DE GODOY  X  R RENE CARNEIRO FERNANDES
7310045130;R   JOAO BATISTA DE GODOY  X  R ANGELO STEFANINI
7310045130;R   JOAO BATISTA DE GODOY  X  R DORIVAL GOMES
7310051130;R   GUILHERME VALENCIA  X  R SOVRE
7310051130;R   SOVRE  X  R NOROGUAGES
7310051130;R   SOVRE  X  AV SERRA DO PANATI
7310058135;AV   NAGIB FARAH MALUF  X  R BATISTA BOVICELI - N.1500 - PRAÇA JOSE FELIX LISBOA
7310059131;PC   MAE PRETA  X  AV JOAO BATISTA SANTIAGO
7310059131;PC   MAE PRETA  X  AV ALVARO DOS SANTOS MATTOS
7310059131;PC   MAE PRETA  X  AV FERNANDO FIGUEIREDO LINS
7310060130;R   ALEXANDRE DIAS NOGUEIRA  X  R GERVASIO ALVES PEREIRA
7310061136;R   CARLOS ALBERTO LOPES  X  R ANTONIO GRANARO
7310073134;R   JAIME RIBEIRO WRIGHT  - N.618 - 1225
7310088131;R   MANUEL ALVARES PIMENTEL  ENTRE  R JERONIMO PEDROSO BARROS E  R CECILIO MENDES PEREIRA
7310092139;ES   ITAQUERA-GUAIANAZES  X  R SALVADOR GIANETTI
7310092139;ES   ITAQUERA-GUAIANAZES  X  AV RIBEIRAO ITAQUERA
7310093135;R   CHERIPA  ENTRE  R OITO DE DEZEMBRO E  AV JACU-PESSEGO/N.TRABALHADORES
7310100131;AV MAL  TITO  X  R JOSE GINES
7310101138;AV MAL  TITO  X  R ARISTIDES DE BASILE
7310103130;AV   BRAS DA ROCHA CARDOSO  X  R BERNARDO DE CHAVES CABRAL
7310104137;AV   EDUARDO SABINO DE OLIVEIRA  X  R JOAO LOPES MACIEL
7310105133;R   GUIRAPA  X  PC JOAO DE FIGUEIREDO
7310110137;R   ANECY ROCHA  X  R SANDOVAL MEIRELLES
7310110137;R   ANECY ROCHA  X  R ZACHARIAS MOTTA FILHO
7310110137;R   ANECY ROCHA  X  R CELSO BETIM
7310110137;R   LUIZ VICENTE PRADO FREIRE  X  R PROF PEDRO ANTONIO PIMENTEL
7310115139;R BRIG  HARDMAN  X  R CATU
7310115139;R BRIG  HARDMAN  X  R WILSON ACKEL
7310115139;R BRIG  HARDMAN  X  R ODAIR SANNA
7310115139;R BRIG  HARDMAN  X  R ANDES
7310115139;R BRIG  HARDMAN  X  R ASCENSO DE QUADROS
7310116135;R   RAIMUNDO DE PAULO FREITAS  X  R JOSE ELIAS DE ALMEIDA
7310116135;R   RAIMUNDO DE PAULO FREITAS  X  R ALFREDO BEZERRA DOS SANTOS
7310117131;R   ROMUALDO DE SOUSA BRITO  X  R JOAO NEDER
7310119134;R   CRISTIANO LOBE  ENTRE  R ENG CARLO GRAZIA E  R PAULO PRICE
7310120132;R   TUJUMIRIM  ENTRE  AV JOSE MARTINS LISBOA E  R DR JOSE DE PORCIUNCULA
7310121139;R   GONCALVES DE MENDONCA  ENTRE  R XIPOTO E  R JOSE DE LIMA
7310124138;R   IMBACAL  - N.48
7310127137;R   VIRGINIA FERNI  X  R BRUNO ZABALA
7310135130;R   TIBURCIO DE SOUSA  - N.3242
7310140133;R   HILARIO PIRES  ENTRE  ES ITAQUERA-GUAIANAZES E  R MANUEL CALHAMARES
7310140133;R DR  OLIVEIRA ARRUDA  X  ES ITAQUERA-GUAIANAZES
7610002135;AV S  MIGUEL  ENTRE  R ROSA MENDES E  R BOAVENTURA RODRIGUES DA SILVA
7610003131;R   HELOISA PENTEADO  ENTRE  R GILDA E  R OTILIA
7610004138;R   ANTONIO CARNEIRO LEAO  - N.86
7610013137;R   CORREA VARELA  - N.2
7610014133;R STA  ROSA DE LIMA  X  R DR JOSE DE PORCIUNCULA - N.240
7610015130;R   ALVARO COELHO  X  R S GONCALO DO RIO DAS PEDRAS
7610018139;AV   BOTURUSSU  - N.219
7610024139;R DONA  ALZIRA PEDROSO DE MELLO  - N.1
7610026123;AV   TOME DIAS LACO  X  R ESTEVAO PINHEIRO
7610028134;R S  JOSE DE CAIANA  - N.221
7610030120;R   IGAROI  ENTRE  R JUAZEIRO DO NORTE E  AV CALIM EID
7610030139;R   AIQUARA  - N.17
7610031135;"R   PANGAUA  - N.412 - OPOSTO ;    EE PROF. JOSÉ BARTOCCI"
7610032123;AV   PIRES DO RIO  ENTRE  R AMERICIMA E  R TATUIRA
7610032123;R   AURELIANO JOSE LESSA  - N.1
7610032123;R   JOAQUIM XAVIER DE LIRA  - N.1
7610032123;R   MAURICIO ARAUJO MARTINS  - N.1
7610032123;R   IMBUCURU  - N.1
7610032123;R   ANTONIO CAJANO  - N.1
7610032131;"R   MOACIR ALVARO  - N.139 - OPOSTO; 174; 212"
7610033138;R   ASTORGA  X  R PARAISOPOLIS
7610036137;AV   LARANJA DA CHINA  X  AV JACU-PESSEGO/N.TRABALHADORES
7610041130;R   ALVARO RIBEIRO DE SOUZA  ENTRE  AV MAL TITO E  R ROQUE PEZZO
7610045136;R   CESARE POLLINI  - N.1
7610045136;R   FRANCISCO DE SOUTOMAIOR  ENTRE  R FRANCISCO GIL DE ARAUJO E  R TIBURCIO DE SOUSA
7610047120;R   LUCIANO ANTONIO RODRIGUES  ENTRE  R ANTONIO AUGUSTO PORTUGAL E  R S FLORENCIO
7610050121;R   BERNARDINO BRITO F DE CARVALHO  ENTRE  AV AJARANI E  R ANTONIO CARNEIRO LEAO
7610050130;AV   AMADOR BUENO DA VEIGA  - N.3073
7610051136;R   SETE ESTRELAS  X  R LUA NOVA
7610052132;R   FABIO JOSE BEZERRA  ENTRE  AV BOTURUSSU E  R JOAO ANTONIO ANDRADE
7610056138;R   RAQUELA SINOPOLI  - N.1
7610060127;R   MACIEL MONTEIRO  - N.226
7610064122;AV   JAIME TORRES  - N.1
7610065129;R   ANTONIO DE SOUZA CAMPOS  ENTRE  R EDGAR DE AZEVEDO SOARES E  R DONA MATILDE
7610070130;AV TTE  LAUDELINO FERREIRA DO AMARAL  - N.1
7610070130;R   INACIO MACIEL  X  AV DOS GURIS
7610072125;R   CURICHARAS  - N.1
7610072125;R   FRANCISCO DE SA PEIXOTO  - N.1
7610072125;R   MATIAS JOAO DA COSTA  - N.14
7610072125;PC MAJ  JOSE LEVI SOBRINHO  - N.1
7610076120;R   BENJAMIN CAPUSSO  - N.296
7610080128;R   ESTEVAO RIBEIRO GARCIA  - N.165
7610081124;R   AFUA  X  AV BANDEIRA DOS CATAGUAZES
7610090123;R   TIBURCIO DE SOUSA  - N.215
7610090123;R   TIBURCIO DE SOUSA  X  PC SILVA TELES
7610090123;R   TIBURCIO DE SOUSA  X  R PDE EUSTAQUIO
7610090123;R   TIBURCIO DE SOUSA  X  R ALFREDO MOREIRA PINTO
7610091138;R   ALFREDO MOREIRA PINTO  ENTRE  R CARAGUATATUBA E  R ALARICO DE TOLEDO PIZA
7610112127;R   PLANALTO DE ARAXA  X  R NOVA CRUZ
7610118125;AV   COCA  X  R PALANQUE
7610118125;R   GIJOCA  - N.1
7610122122;R   REBELO DA SILVA  ENTRE  R BROOK TAYLOR E  R SONHO GAUCHO
7610130125;AV ENG  SOARES DE CAMARGO  X  AV PROF XAVIER DE LIMA
7610134120;R  DOS BAMBUS  X  R ERVA DE SARACURA
7610149128;AV   MARCONDES DE BRITO  X  R CEL LUIS GONZAGA AZEVEDO
7610169129;AV   CANGAIBA  X  R JARDIM DAS MARGARIDAS
7610181129;R   BRITA  ENTRE  AV CANGAIBA E  R LONDRES
7610181129;R   BRITA  X  R CAMBRI
7610181129;R   BRITA  X  R BR DE SAICA
7610182125;R   OXFORD  X  PC RAFAEL THOMEU
7610182125;R   RICHMONT  X  R CAMBRI
7610182125;R   OXFORD  X  R CAMBRI
7610182125;R   OXFORD  ENTRE  R CAMBRI E  R RICHMONT
7610184128;PC PDE  PAULO STRAUSS FILHO  - N.1
7610184128;R   GUAPOREMA  - N.210
7610184128;R   MURIRI  - N.124
7610189120;R   TIBURCIO DE SOUSA  X  R ILHA TOMARIM
7610190128;R   RUI DIAZ GUSMAO  X  R LINARIA
7610190128;R   RUI DIAZ GUSMAO  X  R ITAJUIBE
7610191124;R   ISABEL  ENTRE  R MAPUNARO E  R EQUICI
7610192120;R  DO CONVENTO  ENTRE  R TIBURCIO DE SOUSA E  R CACHOEIRA ALTA
7610204129;PC   MAE PRETA  X  AV FERNANDO FIGUEIREDO LINS
7610204129;PC   MAE PRETA  X  AV ALVARO DOS SANTOS MATTOS
7610204129;PC   MAE PRETA  X  AV JOAO BATISTA SANTIAGO
7610206121;R   TEODORO LORENCINI  X  R LAZARO BUENO - N.166
7610209120;R   GALILEU MENON  X  R MACIEL MONTEIRO
7610210129;R   IGARACU  ENTRE  R ARICANGA E  R IAPURUCU
7610213128;R   RAIMUNDO NOGUEIRA  X  R MAEST ALFREDO BEVILAQUA
7610214124;R   MACIEL MONTEIRO  - N.234
7610235121;AV   TARUMA  X  R ARITI
7610237124;PC   NOVA CURUCA  X  R ANANAI
7610238120;R   JOAO JOSE DE QUEIROZ  X  R CARLOS COELHO
7610240125;R   CURIUVA  - N.1
7610240125;R   ANTONIA TERESA DE PAULA MATIAS  - N.1
7610240125;R S  JOSE DO CAMPESTRE  - N.1
7610245127;R   MANUEL SOARES  X  R DR ASSIS RIBEIRO
7610255122;R   CRAVARI  X  R CEMBIRA
7610258121;AV   AJARANI  ENTRE  R MARIALVA E  R PROF AMADOR DE ARRUDA MENDES
7610261122;R   DONATO VESSECHI  ENTRE  R GAROPA E  R ANGELINO GUERINO
7610266124;R   JUAZEIRO DO NORTE  ENTRE  R ITAPIPOCA E  R RIO MEARIM
7610266124;R   IPAUMIRIM  - N.1
7610268127;R   KARL GUSTAV JACOBI  - N.1
7610268127;R   ALEXANDER BAIN  ENTRE  R PIERRE JANSSEN E  R BROOK TAYLOR
7610270121;R   JURUVIARA  - N.1
7610270121;AV   NORDESTINA  X  R ANTONIO DA SILVA CORREIA
7610273120;R S  GONCALO DO RIO DAS PEDRAS  - N.140
7610279129;R   CORNELIO DE ARZAO  - N.46
7610287121;R   VICTORIA SIMIONATO  - N.406
7610296120;R   CEMBIRA  X  AV COCA
7610300128;PC S  JOAO DE CORTES  X  R ALVARO CORREA BORGES
7610300128;R ENG  MANUEL OSORIO  X  AV MAL TITO
7610314129;R   CAREIRO  X  R PASTORIL DE ITAPETINGA
7610322121;R   ESTRELA DA MANHA  X  R DAMIAO DE SOUSA PEREIRA
7610323128;R   TERESA TALLIEN  X  R ANTONIO JOAO DE MEDEIROS
7610323128;R   JOAO CARLOS MOTA  X  R ANTONIO JOAO DE MEDEIROS
7610326127;PC   DELIO DE CARVALHO  X  R BEATRIZ DIAS - N.906
7610336122;AV   DANFER  ENTRE  R PLANALTO DE ARAXA E  R VASCO DE SANDIM
7610338125;R PROF  JULIA SOARES CORA  - N.1
7610339121;AV PDES  OLIVETANOS  - N.475
7610340120;R DR  PELAGIO MARQUES  X  AV MARCONDES DE BRITO - N.155
7610341126;R PDE  TIAGO ALBERIONE  - N.33
7610346128;R ENG  LUIS ANTONIO RANTIN MOUTINHO  X  R CONCEICAO DA BREJAUBA
7610346128;R   CONCEICAO DA BREJAUBA  X  R PROF ALCINDO MUNIZ DE SOUSA
7610346128;R   CONCEICAO DA BREJAUBA  ENTRE  R ITAPIRUCU E  R PEDRO FRANCO QUARESMA
7610355127;AV   MANOEL DOS SANTOS BRAGA  ENTRE  AV CESAR AUGUSTO ROMARO E  AV AUGUSTO ANTUNES
7610356123;R   ARICA-MIRIM  - N.700
7610357120;R   MARCIANO CAPELLA  ENTRE  AV HERMILO ALVES E  R BENEDITO OTONI
7610362123;R   FIORAVANTE LOPES GARCIA  X  R REV ALMIR PEREIRA BAHIA
7610364126;R   HELOISA CAMARGO  X  AV PDES OLIVETANOS
7610364126;R   HELOISA CAMARGO  ENTRE  R EVANS E  R MARIA CARLOTA
7610364126;R   HELOISA CAMARGO  X  R ISABEL
7610365122;R   BARTOLOMEU SOARES  - N.98 - JACO BERTILLON, R
7610371122;R   BENEDITO AQUILINO DE FREITAS  - N.55
7610372129;R DONA  CECILIA SANTANA  ENTRE  R DONA AURORA GUIMARAES E  R MANDU
7610373125;R DONA  CECILIA SANTANA  ENTRE  R DONA AURORA GUIMARAES E  AV CALIM EID
7610374121;R DR  JOSE PEREIRA GOMES  ENTRE  R BENIGNO NOGUEIRA FRANCO E  R MANUEL LEMES DA SILVA
7610375128;R   HENRIQUE JACOBS  X  R ARTUR ALVIM
7610375128;R   HENRIQUE JACOBS  X  R FERNANDES PEREIRA
7610384127;R   BELCHIOR DE GODOI  - N.1
7610384127;AV   WALDEMAR CARLOS PEREIRA  - N.793 - 833 E 856
7610385123;R   JOSE GIORDANO  ENTRE  R DR JOAO DORIVAL CARDOSO E  R LOURIVAL AMERICO DA FONSECA
7610385123;R   MUSEU REAL  - N.1
7610388122;AV   WALDEMAR CARLOS PEREIRA  - N.1650
7610389129;R   TOMAS DE SOUSA VILA REAL  - N.12
7710068120;R   SALVADOR GIANETTI  - N.1052
7710095127;R   SEUL  X  AV CONS CARRAO
8010045055;ES  DO CAMPO LIMPO  ENTRE  R COATINGA E  R ELIANE ARAUJO NEVES
8010106062;R   PERUIBE 
8010110060;R   PERUIBE 
8010114057;AV   IBIRAPUERA  X  AV REPUBLICA DO LIBANO
8010114057;AV   IBIRAPUERA  X  AV INDIANOPOLIS
8010126063;AV   ERMANO MARCHETTI  X  AV JOSE MARIA DE FARIA
8010140066;AV   AMARILIS  X  R DAS ACUCENAS
8010178055;AV VER  JOSE DINIZ  X  R MORAIS DE BARROS
8010194042;R   JAVORAU 
8010194042;R   BONIFACIO CUBAS  ENTRE  AV STA MARINA E  R PEDROSO XAVIER
8010194042;AV STA  MARINA  ENTRE  R BALSA E  LD VELHA
8010194050;AV ENG  ARMANDO DE ARRUDA PEREIRA  X  R CEL LUIS DE FARIA E SOUSA
8010222054;AV PROF  FRANCISCO MORATO  X  R JOSE JANNARELLI
8010223050;AV PROF  FRANCISCO MORATO  X  AV DOS TRES PODERES
8010224057;AV PROF  FRANCISCO MORATO  X  R DOM ARMANDO LOMBARDI
8010229067;AV   IBIRAPUERA  X  R PEDRO DE TOLEDO
8010246050;AV ENG  ARMANDO DE ARRUDA PEREIRA  X  R CEL LUIS DE FARIA E SOUSA
8010255068;PC   JACOMO ZANELA  X  AV ERMANO MARCHETTI
8010256064;PC   JACOMO ZANELA  X  AV ERMANO MARCHETTI
8010257060;PC   JACOMO ZANELA  X  AV ERMANO MARCHETTI
8010258067;AV   ERMANO MARCHETTI  X  PC JACOMO ZANELA
8010258121;R   BENNET  X  AV PROF FONSECA RODRIGUES
8010276057;ES  DO CAMPO LIMPO  ENTRE  R JOAO LUNARDELLI E  R IVAR BECKMAN
8010283053;AL  DOS MARACATINS  X  AV JURUCE
8010306061;AV   ERMANO MARCHETTI  X  PC JACOMO ZANELA
8010313068;R   HUNGRIA  - PRÓX. A AV. CIDADE JARDIM
8010322067;AV   ERMANO MARCHETTI  ENTRE  R RICARDO CAVATTON E  R TTE LANDI
8010323063;AV   ERMANO MARCHETTI  ENTRE  R RICARDO CAVATTON E  R TTE LANDI
8010324060;AV   ERMANO MARCHETTI  ENTRE  R RICARDO CAVATTON E  R TTE LANDI
8010362069;AV   JOSE PINHEIRO BORGES 
8010367060;AV   PEDRO ALVARES CABRAL  - JUNTO A PASSARELA CICCILLO MATARAZZO
8010368067;AV   PEDRO ALVARES CABRAL  - JUNTO A PASSARELA CICCILLO MATARAZZO
8010376060;R S  JOSE DA BARRA 
8010376060;R DR  JOSE DO AMARAL 
8010376060;R   JULIO SAYAGO 
8010376060;R   MANUEL ALVES FERREIRA 
8010376060;R STO  HENRIQUE 
8010376060;R   JARAUARA 
8010376060;AV   MARAIAL 
8010376060;R  DA PADROEIRA 
8010376060;R   NELSON TARTUCE 
8010376060;R   NAME 
8010376060;R   NHATUMANI 
8010376060;R   PANGAUA 
8010376060;R   ANTONIO FORTUNATO 
8010376060;R   BENEDITO OTONI 
8010376060;R   ROBERTO CLAUDIO 
8010376060;R   CARLOS MARIA STEIMBERG 
8010376060;R   BALTAZAR BRUM 
8010376060;R   CATENDE 
8010376060;R  DOS CONTINENTES 
8010376060;R   WADIH HATTI 
8010376060;R   BRENO ACIOLI 
8010376060;R MAEST  ALFREDO BEVILAQUA 
8010376060;R   MONTE DAS GAMELEIRAS 
8010376060;R S  SEVERO 
8010376060;R S  SERAPIAO 
8010376060;AV   MANUEL ASSON 
8010376060;PC   ARY FRANCISCO DE PAULO 
8010376060;R   JOAO PERES 
8010376060;R   VINTE E DOIS DE FEVEREIRO 
8010376060;R   ARROIO TEIXEIRA 
8010376060;R   JOSE DIAS BRAGA 
8010376060;R   BARREIRO DA EMA 
8010377066;R   JOSE DIAS BRAGA 
8010377066;R   BENEDITO OTONI 
8010377066;R S  SEVERO 
8010377066;R   BRENO ACIOLI 
8010377066;R  DOS CONTINENTES 
8010377066;R   CARLOS MARIA STEIMBERG 
8010377066;R   ANTONIO FORTUNATO 
8010377066;R   PANGAUA 
8010377066;R   JARAUARA 
8010377066;R S  JOSE DA BARRA 
8010378062;R   BENEDITO OTONI 
8010378062;R   CARLOS MARIA STEIMBERG 
8010378062;AV   AMADOR BUENO DA VEIGA 
8010378062;AV   CALIM EID 
8010379069;R MAEST  ALFREDO BEVILAQUA 
8010379069;R   CARLOS MARIA STEIMBERG 
8010379069;R  DOS CONTINENTES 
8010379069;R   BENEDITO OTONI 
8010379069;R   NHATUMANI 
8010379069;R DR  JOSE DO AMARAL 
8010379069;R   JULIO SAYAGO 
8010379069;R   JARAUARA 
8010379069;R STO  HENRIQUE 
8010379069;R S  SEVERO 
8010381063;R BRIG  HAROLDO VELOSO  ENTRE  AV CIDADE JARDIM E  R JACURICI
8010396060;AV PROF  FRANCISCO MORATO 
8010396060;R DR  LUIZ MIGLIANO 
8010396060;R   ALFREDO MENDES DA SILVA 
8010396060;AV   PIRAJUSSARA 
8010425044;R   ESCOCIA 
8110003087;AL   CAMPINAS 
8110003087;R   PAMPLONA 
8110003087;R   PEIXOTO GOMIDE 
8110003087;R   NOVE DE JULHO  X  AL ITU
8110003087;AL   SANTOS  X  AL CASA BRANCA
8110003087;AL   JAU  X  AL CASA BRANCA
8110105130;R PDE  JOAO GONCALVES  - N.160 - PROX. R. FRADIQUE COUTINHO
8110119131;R   JOAO MOURA  - N.1091
8110146139;R   HADDOCK LOBO  - N.1629
8210002040;R   IBITIRAMA  X  R GIESTAS - COM AIL BANDEIRA
8210002040;R   IBITIRAMA  X  R CASTRO E SILVA
8210003046;AV  DO CURSINO  X  AV PDE ARLINDO VIEIRA
8210003054;R   GOITI  - N.100
8210004042;AV S  MIGUEL  - PX R. JOÃO FIDELIS
8210006045;R   ITINGUCU  X  R PUQUIXA
8210006045;R   ITINGUCU  X  R S SEVERO
8210006045;VD   ITINGUCU  X  R CARLOS MARIA STEIMBERG
8210006045;R   ITINGUCU  X  R CARLOS MARIA STEIMBERG
8210006045;R   ITINGUCU  X  R JULIO SAYAGO
8210008048;AV   AMADOR BUENO DA VEIGA  X  AV CALIM EID
8210009044;R DONA  MATILDE  X  PC VER JOAO APARECIDO DE PAULA
8210009044;R DONA  MATILDE  X  R JOSE MANUEL DA FONSECA JUNIOR
8210009060;R MONS  ALBERTO PEQUENO 
8210010042;AV   WALDEMAR CARLOS PEREIRA  X  R FERNAO ALBERNAZ
8210010042;R   JOAQUIM MARRA  X  AV PASTEUR
8210010042;AV   WALDEMAR CARLOS PEREIRA  X  AV PASTEUR
8210010042;R   JOAQUIM MARRA  X  R DOM JOAO MARIA OGNO
8210010042;AV   WALDEMAR CARLOS PEREIRA  X  AV DALILA
8210010050;AL  DOS MARACATINS  X  AV DOS BANDEIRANTES
8210012045;R   MACIEL MONTEIRO  X  AV PARAGUASSU PAULISTA
8210012045;R   MACIEL MONTEIRO  X  AV DR PEREIRA VERGUEIRO
8210012045;AV   WALDEMAR TIETZ  X  AV PDE ESTANISLAU DE CAMPOS
8210012045;AV   WALDEMAR TIETZ  X  AV ITAQUERA
8210013041;AV  DO ORATORIO  X  AV S LUCAS
8210013041;AV S  LUCAS  X  PC S LUCAS
8210013041;AV S  LUCAS  X  R DO ARQUIPELAGO
8210014048;R   ARUMARANA  - N.49
8210016040;R   VERBO DIVINO  X  R PIRES DE OLIVEIRA
8210020064;AV   VIEIRA DE CARVALHO 
8210020064;R MAJ  SERTORIO 
8210020064;R   BENTO FREITAS  - N.100
8210020064;R   REGO FREITAS 
8210020064;R GAL  JARDIM  - N.100
8210021060;AV   ALVARO RAMOS  X  R TOBIAS BARRETO
8210023055;R   VERGUEIRO  X  R JOAO JULIAO
8210025040;AV PRES  WILSON  X  R ALM LOBO
8210025040;AV PRES  WILSON  X  R DOM LUCAS OBES
8210025040;AV PRES  WILSON  - N.1230 - EM FRENTE A LORINZETTI
8210025040;AV PRES  WILSON  - N.486 - ESTAÇÃO MOOCA
8210025040;AV PRES  WILSON  X  R VEMAG
8210029061;AV NSRA DO O  X  AV PROF CELESTINO BOURROUL
8210033069;R   VOLUNTARIOS DA PATRIA  X  R DR CESAR
8210040049;AV   ITAQUERA  X  R HEITOR
8210040049;R   AMERICO SALVADOR NOVELLI  X  R HEITOR
8210041061;AV NSRA DO O 
8210042041;ES  DO ALVARENGA  X  R VICENTE DE PAULO DA SILVA
8210042068;ES   M BOI MIRIM 
8210044044;AV NSRA DO SABARA  X  R PROF GUILHERME BELFORT SABINO
8210044044;AV NSRA DO SABARA  X  PC ALCINDO ROCHA CAMPOS
8210044044;AV NSRA DO SABARA  X  AV ENG ALBERTO DE ZAGOTTIS
8210044044;R   TOMAS AQUINO DE MACEDO  X  AV NSRA DO SABARA
8210044044;R   DANAIDES  X  AV NSRA DO SABARA
8210044044;R   ARNALDO MAGNICCARO  X  AV NSRA DO SABARA
8210044044;AV NSRA DO SABARA  X  R PAJAU
8210044044;AV NSRA DO SABARA  X  R TTE JOSE MARIA PINTO
8210046063;R  DA FIGUEIRA  X  AV ALCANTARA MACHADO
8210047060;R  DA FIGUEIRA  X  R DO GASOMETRO
8210048066;AV   JABAQUARA  X  R PIRITUBA
8210053043;PC NSRA DA PENHA  X  R STO AFONSO
8210066048;AV   SAPOPEMBA  ENTRE  R GOMES E  AV DR FREDERICO M. DA COSTA CARVALHO
8210072048;AV   VILA EMA  ENTRE  R ORFANATO E  AV SAPOPEMBA
8210084046;R   BORGES LAGOA  X  R BOTUCATU
8210084046;R   BORGES LAGOA  X  R CEL LISBOA
8210084046;R   PEDRO DE TOLEDO  X  R CEL LISBOA
8210084046;R   BORGES LAGOA  X  R LEANDRO DUPRE
8210084046;R   PEDRO DE TOLEDO  X  R MACHADO BITENCOURT
8210084046;R   BORGES LAGOA  X  R DOS OTONIS
8210084046;R   BORGES LAGOA  X  R NAPOLEAO DE BARROS
8210084046;R   PEDRO DE TOLEDO  X  R TTE GOMES RIBEIRO
8210084046;R   BORGES LAGOA  X  R TTE GOMES RIBEIRO
8210084046;R   BORGES LAGOA  X  R MARSELHESA
8210085042;AV   RADIAL LESTE-OESTE  - ENTRE EST. ITAQUERA GUAIANAZES/R. ERLI
8210087045;R   HERMETO LIMA  X  R COSTA BARROS
8210096044;R   AMAURI  - N.234
8310003110;AL   RIBEIRAO PRETO  X  AL JOAQUIM EUGENIO DE LIMA
8310035136;R   ADOASTO DE GODOI  X  R JOSE MAXIMO PINHEIRO DE LIMA
8310035136;AV   SABIN  - N.306
8310035136;AV   SABIN  X  AV CARLOS CALDEIRA FILHO
8310043139;R CEL  SOUSA FERRAZ  ENTRE  R DR AVELINO LEMOS JUNIOR E  R IVAR BECKMAN
8310043139;R DR  AVELINO LEMOS JUNIOR  ENTRE  ES DO CAMPO LIMPO E  R CEL SOUSA FERRAZ
8310051131;R   JARACATIA  - N.102
8310054068;AV   RANGEL PESTANA  X  LG DA CONCORDIA
8310061137;R   BATISTA CRESPO  X  R DAS ARCADAS
8310117132;R MIN  HEITOR BASTOS TIGRE  ENTRE  AV PROF FRANCISCO MORATO E  R FRANCISCO SANTORO
8310117132;R MIN  HEITOR BASTOS TIGRE  ENTRE  R FRANCISCO SANTORO E  R DR MARIO DE MOURA E ALBUQUERQUE
8310118139;AV PROF  FRANCISCO MORATO  ENTRE  R S CALIXTO E  R JOSE VALTER SENG
8310118139;AV PROF  FRANCISCO MORATO  ENTRE  R ITUCUMA E  R MIN EDMUNDO LINS
8310118139;AV PROF  FRANCISCO MORATO  ENTRE  R JOAQUIM GALVAO E  AV GAL FRANCISCO MORAZAN
8310118139;AV PROF  FRANCISCO MORATO  ENTRE  R CEL OTAVIANO DA SILVEIRA E  R TABORDA
8310118139;AV PROF  FRANCISCO MORATO  ENTRE  R NSRA DAS GRACAS E  R DAVID MATARASSO
8310118139;AV PROF  FRANCISCO MORATO  ENTRE  AV PROF GIOIA MARTINS E  R CAMINHO DO ENGENHO
8310118139;AV PROF  FRANCISCO MORATO  X  R CARLOS DE MESQUITA
8310118139;AV PROF  FRANCISCO MORATO  X  R CANIO RIZZO
8310118139;AV PROF  FRANCISCO MORATO  ENTRE  R DR ANTONIO PAULO DE O. FERREIRA E  R NAIR FERRAZ DE MESQUITA
8310118139;AV PROF  FRANCISCO MORATO  ENTRE  R MIN HEITOR BASTOS TIGRE E  R STA CRESCENCIA
8310118139;AV PROF  FRANCISCO MORATO  ENTRE  R MARIA DUDUCH E  R NSRA DOS NAVEGANTES
8310118139;AV PROF  FRANCISCO MORATO  X  R OSIRIS MAGALHAES DE ALMEIDA
8310118139;AV PROF  FRANCISCO MORATO  X  R FRANCISCO MARSON
8310118139;AV PROF  FRANCISCO MORATO  X  R HEITOR DOS PRAZERES
8310118139;AV PROF  FRANCISCO MORATO  X  AV DR GUILHERME DUMONT VILARES
8310118139;AV PROF  FRANCISCO MORATO  X  R JOSE BRAZ
8310118139;AV PROF  FRANCISCO MORATO  X  R NSRA DO MONTE SERRAT
8310118139;AV PROF  FRANCISCO MORATO  X  R SR BOM JESUS DOS PASSOS
8310129068;AV   BRASIL  X  R CANADA
8310140061;AV   REBOUCAS  ENTRE  AV BRASIL E  R HENRIQUE SCHAUMANN
8310141068;AV   BRASIL  X  R VENEZA
8310142064;AV   BRASIL  X  AL GABRIEL MONTEIRO DA SILVA
8310144067;AL BR DE PIRACICABA  X  AL GLETE
8310156065;ES  DA COLONIA  X  R JOAO RIBEIRO DA SILVA
8310174063;AV   BRASIL  X  R EQUADOR
8710032126;R MIN  NELSON HUNGRIA  X  R GAL ALMERIO DE MOURA
8710033122;R   EUSEBIO DE PAULA MARCONDES  X  R GAL MOLINA - N.899
8710060120;AV ENG  HEITOR ANTONIO EIRAS GARCIA  X  AV DIOGO GOMES CARNEIRO - PÇA. FESTA DAS LUZES
8710276122;AV   OTACILIO TOMANIK  X  R ELIAS MUSSA FAJURI
8810202120;AV DR  GUILHERME DUMONT VILARES  X  R AURELIANO GUIMARAES
8810230124;R   JOSE BARROS MAGALDI  - N.995
9210024133;R BR DO RIO BRANCO  X  R AMADOR BUENO
9310002131;AV   EDU CHAVES  X  AV SANATORIO
9310007133;R   MARIA CANDIDA  X  R MARILI
9310008130;AV PROFA  IDA KOLB  X  R RELIQUIA
9310009136;AV   LEONCIO DE MAGALHAES  X  R GASPAR SOARES
9310018135;R BR DA PASSAGEM  X  R BRIG GAVIAO PEIXOTO
9310136138;ES  DAS TAIPAS  X  R JOANA PEDROSO DOS SANTOS
9310157135;AV   IPIRANGA  X  R VINTE E QUATRO DE MAIO
9310171138;AV DEP  CANTIDIO SAMPAIO  - N.1080
9610043135;R PROFA  NINA STOCCO  X  AV PDE ADOLFO KOLPING
9610046134;AV PROF  FRANCISCO MORATO  X  R DOM ARMANDO LOMBARDI
9610052134;AV   ELISEU DE ALMEIDA  X  R RIO AZUL
9610071139;R CARD  ARCOVERDE  X  R HENRIQUE SCHAUMANN
9610072135;R   PURPURINA  ENTRE  R FRADIQUE COUTINHO E  R MOURATO COELHO
9610073131;R DR  VEIGA FILHO  X  R TUPI
9610074138;AL   CASA BRANCA  X  R BR DE CAPANEMA
9610077137;R   TEODORO SAMPAIO  - N.150 - FACULDADE DE MEDICINA
9610078133;AV   EUROPA  - N.158
9610079130;AL   BARROS  X  R DR GABRIEL DOS SANTOS
9610083137;AV   PACAEMBU  X  R DR VEIGA FILHO
9610084133;R   AUGUSTA  X  AL ITU
9610085130;R   AUGUSTA  X  R OSCAR FREIRE
9610086136;R   AUGUSTA  X  AL LORENA
9610088139;R   AUGUSTA  X  AL FRANCA
