numenc;nome
1110177135;CASA VERDE
1110179138;CASA VERDE
1310001146;SE
1310065136;SE
1510011110;SE
1510013113;SE
1510059091;SE
1510076123;MOOCA
1510081127;MOOCA
1510126112;MOOCA
1510145087;SE
1610046129;SE
1610063120;SE
1610070127;SE
1710060107;PINHEIROS
1710063122;PINHEIROS
1710115092;PINHEIROS
1710116099;PINHEIROS
1710119098;PINHEIROS
1710121092;PINHEIROS
1710122099;PINHEIROS
1710123095;PINHEIROS
1710124091;PINHEIROS
1710125098;PINHEIROS
1710126094;PINHEIROS
1710129093;PINHEIROS
1710130091;PINHEIROS
1710131098;PINHEIROS
1710132094;PINHEIROS
1710133090;PINHEIROS
1710134097;PINHEIROS
1710135093;PINHEIROS
1710139099;PINHEIROS
1710140097;PINHEIROS
1710141093;PINHEIROS
1710143096;PINHEIROS
1710144092;PINHEIROS
1710146095;PINHEIROS
1710151099;PINHEIROS
1710152095;PINHEIROS
1710156090;PINHEIROS
1710157097;PINHEIROS
1710158093;PINHEIROS
1710159090;PINHEIROS
1710160098;PINHEIROS
1710164085;PINHEIROS
1910005053;SE
1910015067;PINHEIROS
1910022055;SE
1910026093;SE
1910029076;SE
1910041122;PINHEIROS
1910046060;PINHEIROS
1910048062;PINHEIROS
1910051098;SE
1910055093;SE
1910057053;SE
1910058050;SE
1910067059;SE
1910071056;SE
1910074055;VILA MARIANA
1910092096;SE
1910107093;SE
1910121096;SE
1910127078;SE
1910127108;SE
1910146064;SE
1910148067;SE
1910165069;PINHEIROS
1910178063;SE
1910183067;SE
1910192066;SE
1910202061;SE
1910206067;SE
1910225061;SE
1910228060;SE
1910229067;SE
1910328073;SE
2110003146;LAPA
2110004142;PIRITUBA JARAGUA
2110006145;LAPA
2110007141;LAPA
2110008148;PIRITUBA JARAGUA
2110009144;LAPA
2110010142;LAPA
2110012145;SE
2110016140;SE
2110019140;LAPA
2110020148;SE
2110022140;SE
2110023147;PIRITUBA JARAGUA
2110026146;LAPA
2110027142;LAPA
2110028149;LAPA
2110029145;LAPA
2110030143;LAPA
2110032146;LAPA
2110034149;LAPA
2110065133;LAPA
2110071133;SE
2110077131;LAPA
2110085134;PIRITUBA JARAGUA
2110087137;PIRITUBA JARAGUA
2110088133;SE
2110089130;PIRITUBA JARAGUA
2110090138;SE
2110091134;LAPA
2110093137;SE
2110096136;LAPA
2110097132;PIRITUBA JARAGUA
2110098139;PIRITUBA JARAGUA
2110099135;PIRITUBA JARAGUA
2110103132;PERUS
2110107138;PIRITUBA JARAGUA
2110113138;PIRITUBA JARAGUA
2110114134;LAPA
2110116137;PIRITUBA JARAGUA
2110117133;LAPA
2110121130;LAPA
2110124130;LAPA
2110125136;PIRITUBA JARAGUA
2110126132;LAPA
2110127139;LAPA
2110128135;PIRITUBA JARAGUA
2110129131;LAPA
2110130130;LAPA
2110131136;LAPA
2110132132;SE
2110133139;LAPA
2110134135;LAPA
2110135131;PIRITUBA JARAGUA
2110136138;PIRITUBA JARAGUA
2110137134;PIRITUBA JARAGUA
2110138130;PIRITUBA JARAGUA
2110139137;PIRITUBA JARAGUA
2110145137;PIRITUBA JARAGUA
2110147130;LAPA
2110148136;LAPA
2110149132;LAPA
2110151137;LAPA
2110152133;SE
2110153130;LAPA
2110155132;LAPA
2110156139;LAPA
2110157135;PIRITUBA JARAGUA
2110158131;PIRITUBA JARAGUA
2110159120;LAPA
2110159138;LAPA
2110160128;CASA VERDE
2110161132;PERUS
2110164131;PIRITUBA JARAGUA
2110165138;PIRITUBA JARAGUA
2110166134;PIRITUBA JARAGUA
2110167130;LAPA
2110169133;LAPA
2110170131;PIRITUBA JARAGUA
2110172134;PIRITUBA JARAGUA
2110176130;LAPA
2110177136;PIRITUBA JARAGUA
2110189134;PIRITUBA JARAGUA
2110191139;LAPA
2110193131;LAPA
2110194138;LAPA
2110195134;LAPA
2110197137;LAPA
2110198133;LAPA
2110199130;PIRITUBA JARAGUA
2110200138;LAPA
2110201134;PIRITUBA JARAGUA
2110205130;LAPA
2110207124;SANTANA
2110210133;PIRITUBA JARAGUA
2110211130;LAPA
2110213132;SE
2110215135;PIRITUBA JARAGUA
2110216131;LAPA
2110217138;PIRITUBA JARAGUA
2110221135;LAPA
2110222131;LAPA
2110225130;LAPA
2110226137;PIRITUBA JARAGUA
2110227133;LAPA
2110228130;LAPA
2110229136;PIRITUBA JARAGUA
2110230134;LAPA
2110231130;LAPA
2110233133;LAPA
2110235136;LAPA
2110236132;LAPA
2110240130;LAPA
2110241136;LAPA
2110242132;LAPA
2110248122;SANTANA
2110253134;PIRITUBA JARAGUA
2110256133;PIRITUBA JARAGUA
2110258136;PIRITUBA JARAGUA
2110259132;LAPA
2110263130;LAPA
2110264136;PIRITUBA JARAGUA
2110265132;PIRITUBA JARAGUA
2110266139;SE
2110267135;PIRITUBA JARAGUA
2110269138;LAPA
2110274131;LAPA
2210153131;LAPA
2210190134;PIRITUBA JARAGUA
2210366100;JACANA TREMEMBE
2210366100;VILA MARIA VILA GUILHERME
2210460107;SANTANA
2310001139;PINHEIROS
2310002135;PINHEIROS
2310003131;PINHEIROS
2310004138;PINHEIROS
2310005134;PINHEIROS
2310006130;PINHEIROS
2310007137;PINHEIROS
2310009130;PINHEIROS
2310010138;LAPA
2310011134;LAPA
2310012130;SE
2310013137;PINHEIROS
2310014133;LAPA
2310015130;PINHEIROS
2310016136;PINHEIROS
2310017132;PINHEIROS
2310018139;PINHEIROS
2310019135;PINHEIROS
2310020133;PINHEIROS
2310021130;PINHEIROS
2310022136;PINHEIROS
2310024139;PINHEIROS
2310028088;LAPA
2310028134;PINHEIROS
2310029130;PINHEIROS
2310032131;PINHEIROS
2310033138;PINHEIROS
2310034134;PINHEIROS
2310035130;LAPA
2310037133;PINHEIROS
2310047082;PINHEIROS
2310050091;LAPA
2310057100;LAPA
2310063096;PINHEIROS
2310070122;LAPA
2310072125;LAPA
2310078115;PINHEIROS
2310079120;LAPA
2310090093;LAPA
2310092088;PINHEIROS
2310099120;PINHEIROS
2310107123;SE
2310108120;LAPA
2310109126;PINHEIROS
2310114090;LAPA
2310115096;LAPA
2310117129;PINHEIROS
2310118079;LAPA
2310118109;LAPA
2310119075;LAPA
2310120103;PINHEIROS
2310121070;PINHEIROS
2310123129;PINHEIROS
2310126128;LAPA
2310127124;LAPA
2310129127;PINHEIROS
2310131121;PINHEIROS
2310132128;PINHEIROS
2310134074;LAPA
2310139122;LAPA
2310140082;LAPA
2310140120;PINHEIROS
2310147125;PINHEIROS
2310156124;LAPA
2310159123;PINHEIROS
2310161098;PINHEIROS
2310162094;PINHEIROS
2310163090;PINHEIROS
2310164097;PINHEIROS
2310164127;LAPA
2310165093;PINHEIROS
2310165123;LAPA
2310166090;PINHEIROS
2310167096;PINHEIROS
2310168092;PINHEIROS
2310168122;PINHEIROS
2310169099;PINHEIROS
2310169129;PINHEIROS
2310170097;PINHEIROS
2310170127;LAPA
2310171123;LAPA
2310175129;PINHEIROS
2310176087;PINHEIROS
2310177121;LAPA
2310178128;PINHEIROS
2310181129;PINHEIROS
2310184128;LAPA
2310185124;LAPA
2310186120;PINHEIROS
2310187119;PINHEIROS
2310187127;PINHEIROS
2310191108;PINHEIROS
2310192120;PINHEIROS
2310193097;PINHEIROS
2310194093;PINHEIROS
2310195120;PINHEIROS
2310196126;PINHEIROS
2310197122;LAPA
2310198129;PINHEIROS
2310199125;PINHEIROS
2310200123;PINHEIROS
2310201120;PINHEIROS
2310202126;PINHEIROS
2310203122;PINHEIROS
2310207128;PINHEIROS
2310208124;PINHEIROS
2310210064;LAPA
2310212083;PINHEIROS
2310216127;LAPA
2310221120;LAPA
2310223123;LAPA
2310224120;PINHEIROS
2310225126;PINHEIROS
2310226122;LAPA
2310227129;LAPA
2310228125;PINHEIROS
2310229091;PINHEIROS
2310230120;LAPA
2310231126;LAPA
2310232092;PINHEIROS
2310232122;LAPA
2310233129;PINHEIROS
2310236098;LAPA
2310236110;LAPA
2310237124;PINHEIROS
2310238120;LAPA
2310239127;LAPA
2310240125;PINHEIROS
2310242101;LAPA
2310243124;PINHEIROS
2310246107;LAPA
2310250120;LAPA
2310259098;LAPA
2310260126;PINHEIROS
2310261122;PINHEIROS
2310262129;PINHEIROS
2310263125;PINHEIROS
2310264121;PINHEIROS
2310265128;PINHEIROS
2310266086;PINHEIROS
2310266124;PINHEIROS
2310267120;PINHEIROS
2310268127;LAPA
2310269123;PINHEIROS
2310270121;LAPA
2310271128;LAPA
2310273120;PINHEIROS
2310274127;PINHEIROS
2310277126;PINHEIROS
2310281123;PINHEIROS
2310282090;PINHEIROS
2310285129;LAPA
2310286125;PINHEIROS
2310287121;PINHEIROS
2310289124;LAPA
2310292125;PINHEIROS
2310293121;LAPA
2310294128;LAPA
2310296120;LAPA
2310297127;PINHEIROS
2310298123;LAPA
2310299120;PINHEIROS
2310300128;PINHEIROS
2310301124;PINHEIROS
2310302120;PINHEIROS
2310304123;PINHEIROS
2310308129;PINHEIROS
2310309125;PINHEIROS
2310310093;PINHEIROS
2310312126;LAPA
2310314129;PINHEIROS
2310315125;LAPA
2310316121;PINHEIROS
2310317110;LAPA
2310320110;LAPA
2310320129;LAPA
2310321125;LAPA
2310322121;PINHEIROS
2310323128;PINHEIROS
2310325120;LAPA
2310327123;LAPA
2310328120;LAPA
2310329126;LAPA
2310331120;PINHEIROS
2310332127;PINHEIROS
2310333123;PINHEIROS
2310334120;PINHEIROS
2310335126;PINHEIROS
2310337129;PINHEIROS
2310338125;LAPA
2310340120;PINHEIROS
2310342122;LAPA
2310343129;PINHEIROS
2310344125;PINHEIROS
2310346128;LAPA
2310347124;PINHEIROS
2310348120;PINHEIROS
2310349127;PINHEIROS
2310350125;PINHEIROS
2310351121;PINHEIROS
2310353124;PINHEIROS
2310354120;PINHEIROS
2310355127;PINHEIROS
2310356123;LAPA
2310357120;PINHEIROS
2310358126;SE
2310359122;LAPA
2310360120;LAPA
2310363120;LAPA
2310365122;LAPA
2310367125;PINHEIROS
2310368121;LAPA
2310370126;PINHEIROS
2310371122;LAPA
2310374121;PINHEIROS
2310377120;PINHEIROS
2310378127;LAPA
2310379123;PINHEIROS
2310380121;PINHEIROS
2310382124;PINHEIROS
2310383120;PINHEIROS
2310384127;LAPA
2310385123;LAPA
2310387126;PINHEIROS
2310391123;LAPA
2310393126;LAPA
2310394114;LAPA
2310394122;PINHEIROS
2310395129;PINHEIROS
2310396125;LAPA
2310397121;PINHEIROS
2310398128;PINHEIROS
2310399124;PINHEIROS
2310400114;LAPA
2310400122;LAPA
2310402125;LAPA
2310403121;LAPA
2310405116;PINHEIROS
2310405124;PINHEIROS
2310406120;PINHEIROS
2310408123;PINHEIROS
2310409120;PINHEIROS
2310410128;PINHEIROS
2310411124;PINHEIROS
2310412120;PINHEIROS
2310413127;LAPA
2310414123;LAPA
2310416126;PINHEIROS
2310418129;PINHEIROS
2310422126;PINHEIROS
2310423068;PINHEIROS
2310437115;LAPA
2310483079;LAPA
2410033130;LAPA
2410449123;LAPA
2410469124;LAPA
2910004058;VILA MARIA VILA GUILHERME
2910005062;VILA MARIA VILA GUILHERME
2910007090;FREGUESIA DO O
2910008100;SANTANA
2910008134;SANTANA
2910009106;SANTANA
2910011100;CASA VERDE
2910018121;SANTANA
2910019128;SANTANA
2910024105;VILA MARIA VILA GUILHERME
2910027120;PERUS
2910029093;JACANA TREMEMBE
2910030059;SANTANA
2910034046;CASA VERDE
2910035093;VILA MARIA VILA GUILHERME
2910037096;SANTANA
2910037126;VILA MARIA VILA GUILHERME
2910038041;PIRITUBA JARAGUA
2910038092;VILA MARIA VILA GUILHERME
2910038122;CASA VERDE
2910038122;VILA MARIA VILA GUILHERME
2910038122;SANTANA
2910039099;PIRITUBA JARAGUA
2910040046;CASA VERDE
2910043126;VILA MARIA VILA GUILHERME
2910046060;LAPA
2910046095;SANTANA
2910046125;PINHEIROS
2910052125;PINHEIROS
2910061094;LAPA
2910062066;PIRITUBA JARAGUA
2910063097;SANTANA
2910065090;LAPA
2910069044;SANTANA
2910073050;JACANA TREMEMBE
2910076059;CASA VERDE
2910076067;LAPA
2910076121;SANTANA
2910077063;LAPA
2910088049;LAPA
2910089045;LAPA
2910092046;SANTANA
2910096041;LAPA
2910096050;SANTANA
2910096084;LAPA
2910098109;VILA MARIA VILA GUILHERME
2910099067;SANTANA
2910100081;LAPA
2910103102;SANTANA
2910104060;VILA MARIA VILA GUILHERME
2910106063;CASA VERDE
2910107043;VILA MARIA VILA GUILHERME
2910108058;CASA VERDE
2910108066;CASA VERDE
2910114090;CASA VERDE
2910116093;LAPA
2910119092;CASA VERDE
2910120090;SANTANA
2910121100;LAPA
2910123049;LAPA
2910130045;PIRITUBA JARAGUA
2910134040;SANTANA
2910135047;SANTANA
2910135063;JACANA TREMEMBE
2910136043;SANTANA
2910137040;SANTANA
2910138046;SANTANA
2910138054;SANTANA
2910138062;VILA MARIA VILA GUILHERME
2910138097;FREGUESIA DO O
2910139042;JACANA TREMEMBE
2910139093;FREGUESIA DO O
2910140040;SANTANA
2910147061;LAPA
2910149056;FREGUESIA DO O
2910150062;JACANA TREMEMBE
2910153053;SANTANA
2910191087;PIRITUBA JARAGUA
2910199100;SANTANA
2910201104;LAPA
2910203107;LAPA
2910217108;SANTANA
2910218104;PINHEIROS
2910218104;SANTANA
2910220087;VILA MARIA VILA GUILHERME
2910228053;LAPA
2910232107;SANTANA
2910242102;SANTANA
2910243052;SANTANA
2910251055;VILA MARIA VILA GUILHERME
2910263053;JACANA TREMEMBE
2910365115;LAPA
3110044137;ARICANDUVA VILA FORMOSA
3110049139;MOOCA
3110052130;PENHA
3210046131;VILA PRUDENTE
3210070130;MOOCA
3210096139;ARICANDUVA VILA FORMOSA
3510023137;MOOCA
3510038096;MOOCA
3510073126;MOOCA
3510084063;MOOCA
3510093097;MOOCA
3510126106;MOOCA
3510152123;MOOCA
3510169085;ARICANDUVA VILA FORMOSA
3510180070;MOOCA
3510183096;MOOCA
3510201108;MOOCA
3510202090;MOOCA
3510205120;MOOCA
3510244109;MOOCA
3510256107;MOOCA
3510293100;MOOCA
3510360095;MOOCA
3610015047;ARICANDUVA VILA FORMOSA
3610028041;ARICANDUVA VILA FORMOSA
3610038128;MOOCA
3610039124;MOOCA
3610064099;MOOCA
3610067063;MOOCA
3610067098;MOOCA
3610068116;MOOCA
3610081120;MOOCA
3610090090;ARICANDUVA VILA FORMOSA
3610094125;MOOCA
3610095121;MOOCA
3610101121;MOOCA
3610111127;ARICANDUVA VILA FORMOSA
3610127112;MOOCA
3610138106;ARICANDUVA VILA FORMOSA
3610143061;ARICANDUVA VILA FORMOSA
3610159111;MOOCA
3610168110;ARICANDUVA VILA FORMOSA
3610188049;ARICANDUVA VILA FORMOSA
3610192062;MOOCA
3610197129;MOOCA
3710010098;SAO MIGUEL PAULISTA
3710018099;SAO MIGUEL PAULISTA
3710020093;PENHA
3710038103;SAO MIGUEL PAULISTA
3710040094;ERMELINO MATARAZZO
3710043115;SAO MIGUEL PAULISTA
3710061091;PENHA
3710067081;PENHA
3710081114;SAO MIGUEL PAULISTA
3710086060;PENHA
3710119081;SAO MIGUEL PAULISTA
3710120080;ITAIM PAULISTA
3710145074;SAO MIGUEL PAULISTA
3710161070;PENHA
3710166047;PENHA
3710192072;SAO MIGUEL PAULISTA
3710198062;PENHA
3710224047;ITAIM PAULISTA
3710230071;PENHA
3710251079;PENHA
3710350115;ERMELINO MATARAZZO
3810014095;PENHA
3810024104;ARICANDUVA VILA FORMOSA
3810026085;PENHA
3810027081;SAO MATEUS
3810032085;ITAQUERA
3810043109;SAO MATEUS
3810046094;GUAIANASES
3810047090;GUAIANASES
3810048097;ITAQUERA
3810054089;GUAIANASES
3810058084;CIDADE TIRADENTES
3810085090;PENHA
3810087092;SAO MATEUS
3810120081;CIDADE TIRADENTES
3910146066;MOOCA
3910147062;MOOCA
3910160069;MOOCA
3910221068;FREGUESIA DO O
3910426115;MOOCA
3910439110;SE
4110001145;IPIRANGA
4110002141;IPIRANGA
4110003148;IPIRANGA
4110004136;IPIRANGA
4110004144;IPIRANGA
4110005132;IPIRANGA
4110005140;IPIRANGA
4110006147;IPIRANGA
4110008140;IPIRANGA
4110009138;IPIRANGA
4110011140;IPIRANGA
4110014140;IPIRANGA
4110015146;VILA MARIANA
4110016142;VILA MARIANA
4110017149;IPIRANGA
4110018145;VILA MARIANA
4110019141;IPIRANGA
4110019141;SE
4110022142;IPIRANGA
4110023149;VILA MARIANA
4110024145;IPIRANGA
4110026130;IPIRANGA
4110026148;IPIRANGA
4110027144;IPIRANGA
4110038138;IPIRANGA
4110138132;IPIRANGA
4110151139;SE
4110153131;VILA MARIANA
4110158133;IPIRANGA
4110159130;IPIRANGA
4110167132;IPIRANGA
4110169135;IPIRANGA
4110171130;IPIRANGA
4110172136;IPIRANGA
4110175135;IPIRANGA
4110176131;IPIRANGA
4110177138;IPIRANGA
4110178134;IPIRANGA
4110182131;IPIRANGA
4110186137;IPIRANGA
4110187133;IPIRANGA
4110188130;SE
4110189136;IPIRANGA
4110190134;VILA MARIANA
4110192137;IPIRANGA
4110193133;IPIRANGA
4110195136;IPIRANGA
4110196132;IPIRANGA
4110197139;IPIRANGA
4110198135;IPIRANGA
4110199131;IPIRANGA
4110200130;IPIRANGA
4110201136;VILA MARIANA
4110203139;IPIRANGA
4110205131;IPIRANGA
4110206138;IPIRANGA
4110209137;SE
4110211131;SE
4110213134;VILA MARIANA
4110215137;VILA MARIANA
4110216133;VILA MARIANA
4210011134;CIDADE ADEMAR
4210016136;SANTO AMARO
4210018139;VILA MARIANA
4210019135;VILA MARIANA
4210020133;SANTO AMARO
4210021130;VILA MARIANA
4210023132;JABAQUARA
4210028134;VILA MARIANA
4210059137;VILA MARIANA
4210082139;SANTO AMARO
4210091138;SANTO AMARO
4210098132;CIDADE ADEMAR
4210110132;CIDADE ADEMAR
4210116130;VILA MARIANA
4210119130;SANTO AMARO
4210147133;VILA MARIANA
4210156132;VILA MARIANA
4210165131;CIDADE ADEMAR
4310001149;CAPELA DO SOCORRO
4310004148;CAPELA DO SOCORRO
4310006132;IPIRANGA
4310008135;IPIRANGA
4310025137;IPIRANGA
4310034136;IPIRANGA
4310046134;SE
4310069134;VILA MARIANA
4310077137;SE
4310078133;IPIRANGA
4310082130;IPIRANGA
4310085130;IPIRANGA
4310089062;IPIRANGA
4310094139;CAPELA DO SOCORRO
4310095135;CAPELA DO SOCORRO
4310096131;CAPELA DO SOCORRO
4310097138;CAPELA DO SOCORRO
4310098134;PARELHEIROS
4310099130;CAPELA DO SOCORRO
4310100139;CAPELA DO SOCORRO
4310132111;IPIRANGA
4310136125;JABAQUARA
4310137121;VILA MARIANA
4310139124;JABAQUARA
4310148123;IPIRANGA
4310162126;IPIRANGA
4310169112;IPIRANGA
4310196128;IPIRANGA
4310204112;JABAQUARA
4310207111;IPIRANGA
4310208118;IPIRANGA
4310209114;SE
4310225128;VILA MARIANA
4310242120;VILA MARIANA
4310253121;SE
4310287123;IPIRANGA
4310337112;IPIRANGA
4310368123;VILA MARIANA
4310399118;VILA MARIANA
4310422110;VILA MARIANA
4310445110;IPIRANGA
4310447112;VILA MARIANA
4410049119;VILA PRUDENTE
4410051113;VILA PRUDENTE
4410055062;VILA PRUDENTE
4410077074;IPIRANGA
4410131095;VILA PRUDENTE
4410136097;VILA PRUDENTE
4410137123;IPIRANGA
4410146050;SAO MATEUS
4410184040;VILA PRUDENTE
4410195123;IPIRANGA
4410207121;VILA PRUDENTE
4410210122;VILA PRUDENTE
4410212109;IPIRANGA
4410212125;IPIRANGA
4410241109;SAO MATEUS
4510034105;VILA MARIANA
4510036094;VILA MARIANA
4510038097;VILA MARIANA
4510040091;VILA MARIANA
4510050070;VILA MARIANA
4510077092;VILA MARIANA
4610006138;VILA MARIANA
4610018136;VILA MARIANA
4610025132;VILA MARIANA
4610032120;JABAQUARA
4610034123;VILA MARIANA
4610056100;VILA MARIANA
4610059096;JABAQUARA
4610064111;JABAQUARA
4610072114;JABAQUARA
4610089122;VILA MARIANA
4610099098;VILA MARIANA
4610111098;VILA MARIANA
4610111101;VILA MARIANA
4610113090;VILA MARIANA
4610114127;CIDADE ADEMAR
4610117100;JABAQUARA
4610121115;SE
4610138107;VILA MARIANA
4610141124;VILA MARIANA
4610143100;VILA MARIANA
4610144123;SANTO AMARO
4610147106;VILA MARIANA
4610151111;JABAQUARA
4610168081;VILA MARIANA
4610170124;JABAQUARA
4610189089;JABAQUARA
4910002073;VILA PRUDENTE
4910005080;VILA MARIANA
4910006060;VILA MARIANA
4910007105;VILA MARIANA
4910017089;JABAQUARA
4910019057;IPIRANGA
4910022058;VILA MARIANA
4910022082;VILA MARIANA
4910023054;VILA MARIANA
4910025081;PINHEIROS
4910026088;PINHEIROS
4910028080;VILA PRUDENTE
4910032088;VILA MARIANA
4910033106;PINHEIROS
4910036083;IPIRANGA
4910036105;PINHEIROS
4910040102;PINHEIROS
4910041079;IPIRANGA
4910052100;VILA MARIANA
4910056050;VILA MARIANA
4910058079;VILA MARIANA
4910059059;IPIRANGA
4910060073;IPIRANGA
4910067094;VILA MARIANA
4910071091;VILA MARIANA
4910073086;VILA MARIANA
4910075100;VILA MARIANA
4910076077;VILA MARIANA
4910078100;PINHEIROS
4910079106;PINHEIROS
4910080066;IPIRANGA
4910081070;VILA MARIANA
4910084096;PINHEIROS
4910086064;IPIRANGA
4910095055;VILA MARIANA
4910100075;VILA MARIANA
4910101055;JABAQUARA
4910101098;VILA MARIANA
4910102060;IPIRANGA
4910106057;JABAQUARA
4910107096;JABAQUARA
4910108050;PINHEIROS
4910109056;VILA MARIANA
4910109072;VILA MARIANA
4910110062;VILA MARIANA
4910112057;PINHEIROS
4910112065;VILA MARIANA
4910112073;IPIRANGA
4910113053;PINHEIROS
4910114050;PINHEIROS
4910114076;IPIRANGA
4910115056;PINHEIROS
4910116052;PINHEIROS
4910117075;IPIRANGA
4910118055;PINHEIROS
4910118071;IPIRANGA
4910120050;JABAQUARA
4910121099;PINHEIROS
4910124098;IPIRANGA
4910126090;PINHEIROS
4910131060;IPIRANGA
4910137076;IPIRANGA
4910139095;VILA PRUDENTE
4910141065;IPIRANGA
4910144072;SAO MATEUS
4910144099;IPIRANGA
4910146083;VILA PRUDENTE
4910147063;VILA PRUDENTE
4910148086;IPIRANGA
4910149090;VILA PRUDENTE
4910150064;PINHEIROS
4910151095;IPIRANGA
4910152083;VILA MARIANA
4910153063;VILA MARIANA
4910156062;IPIRANGA
4910156062;VILA MARIANA
4910157069;VILA MARIANA
4910158065;PINHEIROS
4910162070;VILA MARIANA
4910164065;IPIRANGA
4910164073;VILA MARIANA
4910166068;JABAQUARA
4910166076;VILA MARIANA
4910167099;VILA PRUDENTE
4910168060;IPIRANGA
4910168079;VILA MARIANA
4910170090;VILA PRUDENTE
4910171061;VILA MARIANA
4910171096;VILA PRUDENTE
4910179062;JABAQUARA
4910183078;VILA MARIANA
4910186077;VILA MARIANA
4910187073;VILA MARIANA
4910189076;IPIRANGA
4910191070;VILA MARIANA
4910193073;IPIRANGA
4910194070;VILA MARIANA
4910195076;VILA MARIANA
4910196072;SE
4910209085;JABAQUARA
4910217088;IPIRANGA
4910220089;VILA MARIANA
4910227083;VILA PRUDENTE
4910228080;JABAQUARA
4910229086;VILA MARIANA
4910230084;VILA MARIANA
4910234080;VILA PRUDENTE
4910235086;JABAQUARA
4910247084;VILA MARIANA
4910258086;SAPOPEMBA
4910259082;PINHEIROS
4910268081;JABAQUARA
4910269088;JABAQUARA
4910272089;ARICANDUVA VILA FORMOSA
4910273085;JABAQUARA
4910277080;IPIRANGA
5110003149;VILA MARIANA
5110054134;VILA MARIANA
5110056099;BUTANTA
5110162069;BUTANTA
5210004066;CIDADE ADEMAR
5210008061;SANTO AMARO
5210043061;CIDADE ADEMAR
5210044068;CIDADE ADEMAR
5210055078;CIDADE ADEMAR
5210115046;JABAQUARA
5210118045;PINHEIROS
5210125130;SANTO AMARO
5210128059;CIDADE ADEMAR
5210136051;CIDADE ADEMAR
5210137066;CIDADE ADEMAR
5210151050;SANTO AMARO
5210160068;SANTO AMARO
5210164055;CIDADE ADEMAR
5210171051;SANTO AMARO
5210171060;PINHEIROS
5210213072;SANTO AMARO
5210243060;SANTO AMARO
5210286061;SANTO AMARO
5310016040;CAMPO LIMPO
5310049088;SANTO AMARO
5310052089;CAMPO LIMPO
5310068104;CAMPO LIMPO
5310069100;M BOI MIRIM
5310099050;CAMPO LIMPO
5310101098;BUTANTA
5310137092;CAMPO LIMPO
5310149104;CAMPO LIMPO
5310152040;CAMPO LIMPO
5310157050;CAMPO LIMPO
5310159053;M BOI MIRIM
5310166041;M BOI MIRIM
5310168079;M BOI MIRIM
5310170103;CAMPO LIMPO
5310173102;CAMPO LIMPO
5310178058;BUTANTA
5310179046;M BOI MIRIM
5310196102;CAMPO LIMPO
5310230041;CAMPO LIMPO
5310268081;BUTANTA
5410004140;M BOI MIRIM
5410005147;CAPELA DO SOCORRO
5410006070;CAPELA DO SOCORRO
5410007140;M BOI MIRIM
5410018141;M BOI MIRIM
5410022149;M BOI MIRIM
5410023145;M BOI MIRIM
5410033140;CAPELA DO SOCORRO
5410058089;SANTO AMARO
5410095081;CAPELA DO SOCORRO
5410101090;CAPELA DO SOCORRO
5410118073;CAPELA DO SOCORRO
5410149130;M BOI MIRIM
5410150139;M BOI MIRIM
5410151135;M BOI MIRIM
5410156137;CAPELA DO SOCORRO
5410157133;M BOI MIRIM
5410159080;CAPELA DO SOCORRO
5410165136;M BOI MIRIM
5410166078;SANTO AMARO
5410171136;CAPELA DO SOCORRO
5410173139;M BOI MIRIM
5410177070;PARELHEIROS
5410183134;CAPELA DO SOCORRO
5410189078;CAPELA DO SOCORRO
5410260082;CAPELA DO SOCORRO
5410273087;M BOI MIRIM
5410275080;M BOI MIRIM
5410306082;CAPELA DO SOCORRO
5410376064;CAPELA DO SOCORRO
5410390083;CAPELA DO SOCORRO
5410391080;SANTO AMARO
5410399080;M BOI MIRIM
5410414080;M BOI MIRIM
5910007122;BUTANTA
5910008129;BUTANTA
5910009109;M BOI MIRIM
5910010107;CAMPO LIMPO
5910012100;CAMPO LIMPO
5910013092;SANTO AMARO
5910013106;M BOI MIRIM
5910015133;CAMPO LIMPO
5910028120;CIDADE ADEMAR
5910033093;CIDADE ADEMAR
5910035096;SANTO AMARO
5910035100;CAMPO LIMPO
5910038095;SANTO AMARO
5910040120;LAPA
5910048120;SANTO AMARO
5910049127;SANTO AMARO
5910050125;CAMPO LIMPO
5910051121;CAMPO LIMPO
5910052128;BUTANTA
5910058126;BUTANTA
5910059122;BUTANTA
5910060120;BUTANTA
5910062093;SANTO AMARO
5910066102;CAPELA DO SOCORRO
5910067125;BUTANTA
5910075110;LAPA
5910076124;BUTANTA
5910090119;BUTANTA
5910091115;BUTANTA
5910094114;BUTANTA
5910107127;M BOI MIRIM
5910118129;CAMPO LIMPO
5910119095;CAPELA DO SOCORRO
5910119095;SANTO AMARO
5910119117;CAMPO LIMPO
5910120115;CAMPO LIMPO
5910121090;CIDADE ADEMAR
5910121111;CAMPO LIMPO
5910123114;M BOI MIRIM
5910125117;CAMPO LIMPO
5910126091;CAPELA DO SOCORRO
5910126113;CAMPO LIMPO
5910131125;CAMPO LIMPO
5910132105;CAMPO LIMPO
5910133101;CAMPO LIMPO
5910134116;CAMPO LIMPO
5910135090;M BOI MIRIM
5910139100;CAMPO LIMPO
5910155091;M BOI MIRIM
5910157094;CAMPO LIMPO
5910158112;CAMPO LIMPO
5910159097;SANTO AMARO
5910167120;LAPA
5910188100;M BOI MIRIM
5910189093;CAMPO LIMPO
5910190105;M BOI MIRIM
5910196103;SANTO AMARO
5910201115;LAPA
5910202111;LAPA
5910220101;BUTANTA
5910293109;BUTANTA
5910297090;M BOI MIRIM
5910301098;M BOI MIRIM
5910301101;CAMPO LIMPO
5910308106;CAMPO LIMPO
5910310100;BUTANTA
5910311107;CAMPO LIMPO
5910312103;SANTO AMARO
5910314106;BUTANTA
6210090060;SANTO AMARO
6210092063;PINHEIROS
6210093060;PINHEIROS
6210094066;PINHEIROS
6210095062;PINHEIROS
6210100066;BUTANTA
6210101062;PINHEIROS
6210102069;SANTO AMARO
6210103065;PINHEIROS
6210104061;SANTO AMARO
6210110061;VILA MARIANA
6210116060;PINHEIROS
6210117066;PINHEIROS
6210125069;SANTO AMARO
7110001148;ERMELINO MATARAZZO
7110004147;ERMELINO MATARAZZO
7110055132;PENHA
7110066134;PENHA
7110070131;MOOCA
7110072134;MOOCA
7110073130;ERMELINO MATARAZZO
7110078132;PENHA
7110082130;ERMELINO MATARAZZO
7310004140;CIDADE TIRADENTES
7310008138;ITAIM PAULISTA
7310009134;ITAIM PAULISTA
7310010140;GUAIANASES
7310011147;CIDADE TIRADENTES
7310012143;ITAQUERA
7310013140;GUAIANASES
7310014138;GUAIANASES
7310014146;GUAIANASES
7310018133;GUAIANASES
7310021134;SAO MATEUS
7310021142;ITAQUERA
7310023145;ITAQUERA
7310024133;ITAQUERA
7310032136;GUAIANASES
7310033140;SAO MIGUEL PAULISTA
7310045130;ITAIM PAULISTA
7310051130;ITAQUERA
7310058135;ITAQUERA
7310059131;ITAIM PAULISTA
7310060130;ITAIM PAULISTA
7310061136;ITAIM PAULISTA
7310073134;ITAQUERA
7310088131;GUAIANASES
7310092139;GUAIANASES
7310093135;ITAQUERA
7310100131;ITAIM PAULISTA
7310101138;ITAIM PAULISTA
7310103130;SAO MIGUEL PAULISTA
7310104137;SAO MIGUEL PAULISTA
7310105133;ITAIM PAULISTA
7310110137;SAO MATEUS
7310115139;GUAIANASES
7310116135;ITAIM PAULISTA
7310117131;ITAIM PAULISTA
7310119134;CIDADE TIRADENTES
7310120132;SAO MIGUEL PAULISTA
7310121139;SAO MATEUS
7310124138;ITAQUERA
7310127137;ITAQUERA
7310135130;ITAIM PAULISTA
7310140133;ITAQUERA
7610002135;ERMELINO MATARAZZO
7610003131;PENHA
7610004138;PENHA
7610013137;ERMELINO MATARAZZO
7610014133;SAO MIGUEL PAULISTA
7610015130;SAO MIGUEL PAULISTA
7610018139;ERMELINO MATARAZZO
7610024139;SAO MIGUEL PAULISTA
7610026123;ITAIM PAULISTA
7610028134;PENHA
7610030120;PENHA
7610030139;ERMELINO MATARAZZO
7610031135;PENHA
7610032123;SAO MIGUEL PAULISTA
7610032131;PENHA
7610033138;PENHA
7610036137;SAO MIGUEL PAULISTA
7610041130;ITAIM PAULISTA
7610045136;GUAIANASES
7610047120;PENHA
7610050121;PENHA
7610050130;PENHA
7610051136;ITAIM PAULISTA
7610051136;SAO MIGUEL PAULISTA
7610052132;ERMELINO MATARAZZO
7610056138;SAO MIGUEL PAULISTA
7610060127;PENHA
7610064122;ERMELINO MATARAZZO
7610065129;PENHA
7610070130;SAO MIGUEL PAULISTA
7610072125;ITAIM PAULISTA
7610076120;ITAIM PAULISTA
7610080128;ITAIM PAULISTA
7610080128;PENHA
7610081124;ITAIM PAULISTA
7610090123;ITAIM PAULISTA
7610091138;ITAIM PAULISTA
7610112127;PENHA
7610118125;ITAIM PAULISTA
7610122122;PENHA
7610130125;PENHA
7610134120;ITAIM PAULISTA
7610149128;PENHA
7610169129;PENHA
7610181129;PENHA
7610182125;PENHA
7610184128;PENHA
7610189120;ITAIM PAULISTA
7610190128;ITAIM PAULISTA
7610191124;PENHA
7610192120;ITAIM PAULISTA
7610204129;ITAIM PAULISTA
7610206121;PENHA
7610209120;PENHA
7610210129;ITAIM PAULISTA
7610213128;ERMELINO MATARAZZO
7610214124;PENHA
7610235121;PENHA
7610237124;ITAIM PAULISTA
7610238120;ERMELINO MATARAZZO
7610240125;PENHA
7610245127;PENHA
7610255122;ITAIM PAULISTA
7610258121;PENHA
7610261122;ITAIM PAULISTA
7610266124;PENHA
7610268127;PENHA
7610270121;ITAIM PAULISTA
7610273120;SAO MIGUEL PAULISTA
7610279129;ITAIM PAULISTA
7610287121;ERMELINO MATARAZZO
7610296120;ITAIM PAULISTA
7610300128;SAO MIGUEL PAULISTA
7610314129;PENHA
7610322121;ITAIM PAULISTA
7610323128;ITAIM PAULISTA
7610326127;ERMELINO MATARAZZO
7610336122;PENHA
7610338125;PENHA
7610339121;PENHA
7610340120;PENHA
7610341126;ERMELINO MATARAZZO
7610346128;ERMELINO MATARAZZO
7610355127;SAO MIGUEL PAULISTA
7610356123;ERMELINO MATARAZZO
7610357120;PENHA
7610362123;ERMELINO MATARAZZO
7610364126;PENHA
7610365122;ERMELINO MATARAZZO
7610371122;ITAIM PAULISTA
7610372129;PENHA
7610373125;PENHA
7610374121;ITAIM PAULISTA
7610375128;PENHA
7610384127;PENHA
7610385123;PENHA
7610388122;PENHA
7610389129;ERMELINO MATARAZZO
7710068120;GUAIANASES
7710095127;ARICANDUVA VILA FORMOSA
8010045055;CAMPO LIMPO
8010106062;PINHEIROS
8010110060;PINHEIROS
8010114057;VILA MARIANA
8010126063;LAPA
8010140066;BUTANTA
8010178055;SANTO AMARO
8010194042;FREGUESIA DO O
8010194050;JABAQUARA
8010222054;BUTANTA
8010223050;BUTANTA
8010224057;BUTANTA
8010229067;VILA MARIANA
8010246050;JABAQUARA
8010255068;LAPA
8010256064;LAPA
8010257060;LAPA
8010258067;LAPA
8010258121;PINHEIROS
8010276057;CAMPO LIMPO
8010283053;VILA MARIANA
8010306061;LAPA
8010313068;PINHEIROS
8010322067;LAPA
8010323063;LAPA
8010324060;LAPA
8010362069;ITAQUERA
8010367060;VILA MARIANA
8010368067;VILA MARIANA
8010376060;PENHA
8010377066;PENHA
8010378062;PENHA
8010379069;PENHA
8010381063;PINHEIROS
8010396060;BUTANTA
8010425044;PINHEIROS
8110003087;PINHEIROS
8110105130;PINHEIROS
8110119131;PINHEIROS
8110146139;PINHEIROS
8210002040;VILA PRUDENTE
8210003046;IPIRANGA
8210003054;ITAQUERA
8210004042;PENHA
8210006045;PENHA
8210008048;PENHA
8210009044;PENHA
8210009060;LAPA
8210010042;PENHA
8210010050;SANTO AMARO
8210012045;PENHA
8210013041;VILA PRUDENTE
8210014048;ITAQUERA
8210016040;SANTO AMARO
8210020064;SE
8210021060;MOOCA
8210023055;SE
8210025040;IPIRANGA
8210029061;FREGUESIA DO O
8210033069;SANTANA
8210040049;ITAQUERA
8210041061;FREGUESIA DO O
8210042041;SANTO AMARO
8210042068;M BOI MIRIM
8210044044;CAPELA DO SOCORRO
8210046063;SE
8210047060;SE
8210048066;VILA MARIANA
8210053043;PENHA
8210066048;VILA PRUDENTE
8210072048;VILA PRUDENTE
8210084046;VILA MARIANA
8210085042;ITAQUERA
8210087045;VILA PRUDENTE
8210096044;PINHEIROS
8310003110;SE
8310035136;CAMPO LIMPO
8310043139;CAMPO LIMPO
8310051131;CAMPO LIMPO
8310054068;MOOCA
8310061137;CAMPO LIMPO
8310117132;BUTANTA
8310118139;CAMPO LIMPO
8310129068;PINHEIROS
8310140061;PINHEIROS
8310141068;PINHEIROS
8310142064;PINHEIROS
8310144067;SE
8310156065;PARELHEIROS
8310174063;PINHEIROS
8710032126;BUTANTA
8710033122;BUTANTA
8710060120;BUTANTA
8710276122;BUTANTA
8810202120;CAMPO LIMPO
8810230124;M BOI MIRIM
9210024133;SANTO AMARO
9310002131;JACANA TREMEMBE
9310007133;VILA MARIA VILA GUILHERME
9310008130;CASA VERDE
9310009136;SANTANA
9310018135;LAPA
9310136138;PIRITUBA JARAGUA
9310157135;SE
9310171138;FREGUESIA DO O
9610043135;CAMPO LIMPO
9610046134;BUTANTA
9610052134;BUTANTA
9610071139;PINHEIROS
9610072135;PINHEIROS
9610073131;SE
9610074138;PINHEIROS
9610077137;PINHEIROS
9610078133;PINHEIROS
9610079130;SE
9610083137;SE
9610084133;PINHEIROS
9610085130;PINHEIROS
9610086136;PINHEIROS
9610088139;PINHEIROS
